"","p_val","avg_log2FC","pct.1","pct.2","p_val_adj","cluster","gene"
"LAMA2",0,5.13682174458111,0.721,0.063,0,"10","LAMA2"
"IGFBP7",0,2.71393923459461,0.793,0.154,0,"10","IGFBP7"
"PRKG1",0,3.02645915679251,0.71,0.135,0,"10","PRKG1"
"COL1A2",0,3.44541678429223,0.617,0.066,0,"10","COL1A2"
"BNC2",0,4.02008435180013,0.643,0.098,0,"10","BNC2"
"BICC1",0,4.48504196931091,0.641,0.098,0,"10","BICC1"
"COL4A2",0,2.90636889712249,0.71,0.168,0,"10","COL4A2"
"NR2F2-AS1",0,3.46913754256893,0.621,0.081,0,"10","NR2F2-AS1"
"COL4A1",0,3.11530860666646,0.693,0.153,0,"10","COL4A1"
"EGFR",0,4.69195095164285,0.584,0.057,0,"10","EGFR"
"CRISPLD2",0,4.67664335894527,0.564,0.041,0,"10","CRISPLD2"
"COL6A3",0,4.85821011252616,0.545,0.027,0,"10","COL6A3"
"PARD3B",0,3.27820352171476,0.707,0.193,0,"10","PARD3B"
"NFIA",0,3.08341401382659,0.722,0.217,0,"10","NFIA"
"ARHGAP10",0,3.71686550852704,0.627,0.125,0,"10","ARHGAP10"
"CFH",0,4.51302530457166,0.541,0.043,0,"10","CFH"
"LHFPL6",0,3.22557493121627,0.704,0.215,0,"10","LHFPL6"
"C7",0,5.07943101314474,0.513,0.034,0,"10","C7"
"EPS8",0,3.41537138511677,0.58,0.112,0,"10","EPS8"
"COL3A1",0,3.44370141294927,0.519,0.053,0,"10","COL3A1"
"COL1A1",0,3.22057244050073,0.498,0.043,0,"10","COL1A1"
"UACA",0,3.2922862291131,0.509,0.086,0,"10","UACA"
"COL6A2",0,3.30335309939994,0.501,0.083,0,"10","COL6A2"
"RBPMS",0,2.4954668081064,0.586,0.168,0,"10","RBPMS"
"ABCA6",0,4.29193059982853,0.455,0.058,0,"10","ABCA6"
"DCN",0,4.20693147909701,0.416,0.019,0,"10","DCN"
"MAML2",0,2.00887940546606,0.697,0.302,0,"10","MAML2"
"COL5A2",0,2.83142314975765,0.489,0.095,0,"10","COL5A2"
"CALD1",0,2.8379835077414,0.782,0.393,0,"10","CALD1"
"SULF1",0,4.32035787565453,0.425,0.036,0,"10","SULF1"
"PTPRG",0,2.20125211028109,0.72,0.338,0,"10","PTPRG"
"AC012409.2",0,3.26398034888317,0.438,0.06,0,"10","AC012409.2"
"FBN1",0,3.20361813915014,0.466,0.09,0,"10","FBN1"
"TACC1",0,3.40535002718034,0.636,0.261,0,"10","TACC1"
"PEAK1",0,2.51922866963352,0.599,0.227,0,"10","PEAK1"
"PLSCR4",0,3.31963488374714,0.434,0.063,0,"10","PLSCR4"
"CYR61",0,2.92852710091744,0.438,0.07,0,"10","CYR61"
"ABCA9",0,4.61410830694481,0.413,0.046,0,"10","ABCA9"
"CDH11",0,3.82888148430996,0.435,0.073,0,"10","CDH11"
"NID1",0,3.36226807310179,0.432,0.07,0,"10","NID1"
"THBS1",0,3.18319416632302,0.423,0.065,0,"10","THBS1"
"ADAMTS9-AS2",0,2.2147488537142,0.537,0.183,0,"10","ADAMTS9-AS2"
"ABCA8",0,3.64657388185993,0.408,0.055,0,"10","ABCA8"
"PDE3A",0,2.59296428447068,0.603,0.251,0,"10","PDE3A"
"FLRT2",0,3.97790989725136,0.449,0.098,0,"10","FLRT2"
"OSMR",0,3.60525332047955,0.434,0.087,0,"10","OSMR"
"MGP",0,3.14442265432126,0.395,0.05,0,"10","MGP"
"VCAN",0,2.59780343919629,0.471,0.126,0,"10","VCAN"
"ZBTB16",0,2.85025418799927,0.505,0.161,0,"10","ZBTB16"
"TFPI",0,3.08040334817023,0.402,0.059,0,"10","TFPI"
"ABCA10",0,4.51668830478023,0.432,0.091,0,"10","ABCA10"
"PLEKHH2",0,4.6081803700722,0.358,0.028,0,"10","PLEKHH2"
"SLC2A3",0,2.32029654656334,0.477,0.149,0,"10","SLC2A3"
"ADAMTSL3",0,4.80593274249663,0.362,0.036,0,"10","ADAMTSL3"
"PRRX1",0,4.43664959664486,0.346,0.02,0,"10","PRRX1"
"SVIL",0,2.49013061138842,0.561,0.238,0,"10","SVIL"
"LAMB1",0,2.84025000947603,0.542,0.223,0,"10","LAMB1"
"CCDC102B",0,3.72613660959836,0.468,0.149,0,"10","CCDC102B"
"STK3",0,2.16915453715617,0.475,0.159,0,"10","STK3"
"CBLB",0,2.13710145967397,0.657,0.343,0,"10","CBLB"
"MYOF",0,2.93911673149642,0.393,0.079,0,"10","MYOF"
"CCDC80",0,4.0895330713953,0.35,0.037,0,"10","CCDC80"
"NAALADL2",0,2.26611058464045,0.562,0.25,0,"10","NAALADL2"
"FHL2",0,3.34427741430142,0.364,0.053,0,"10","FHL2"
"YAP1",0,2.74340761921371,0.379,0.07,0,"10","YAP1"
"FSTL1",0,2.72753975546193,0.401,0.093,0,"10","FSTL1"
"ARHGAP42",0,2.63739877950971,0.393,0.088,0,"10","ARHGAP42"
"CTGF",0,2.56730353716682,0.364,0.059,0,"10","CTGF"
"CDK14",0,2.34397233792221,0.554,0.251,0,"10","CDK14"
"MAP3K5",0,2.58072586965789,0.484,0.181,0,"10","MAP3K5"
"FN1",0,2.75137559123198,0.465,0.163,0,"10","FN1"
"C1S",0,3.10479360836189,0.398,0.096,0,"10","C1S"
"SVEP1",0,4.75847517859726,0.338,0.037,0,"10","SVEP1"
"MSC-AS1",0,3.87148520318623,0.35,0.05,0,"10","MSC-AS1"
"THBS2",0,4.41379480333269,0.32,0.021,0,"10","THBS2"
"CRIM1",0,2.64053663090502,0.39,0.092,0,"10","CRIM1"
"COL5A1",0,3.02849773275429,0.344,0.05,0,"10","COL5A1"
"LPP",0,2.01315344630785,0.783,0.492,0,"10","LPP"
"PDGFRB",0,3.44931783935684,0.331,0.04,0,"10","PDGFRB"
"FGF7",0,5.32688298826394,0.314,0.03,0,"10","FGF7"
"ZFPM2",0,2.06329001757287,0.567,0.284,0,"10","ZFPM2"
"COL12A1",0,3.58144724162138,0.325,0.046,0,"10","COL12A1"
"TNC",0,4.85043405019415,0.314,0.036,0,"10","TNC"
"TNS1",0,2.43941643631154,0.418,0.14,0,"10","TNS1"
"EGR1",0,2.32287754821125,0.418,0.14,0,"10","EGR1"
"ZFP36L1",0,2.12698412917545,0.399,0.125,0,"10","ZFP36L1"
"ERRFI1",0,4.37746048784102,0.322,0.049,0,"10","ERRFI1"
"LUM",0,3.72601815541494,0.287,0.016,0,"10","LUM"
"YBX3",0,2.01921967357499,0.388,0.12,0,"10","YBX3"
"LIMA1",0,2.1432560732276,0.438,0.173,0,"10","LIMA1"
"MSRB3",0,2.72214164852771,0.347,0.083,0,"10","MSRB3"
"NR4A1",0,2.32684694468706,0.45,0.187,0,"10","NR4A1"
"EBF2",0,4.53603544769895,0.28,0.018,0,"10","EBF2"
"CYP1B1",0,4.07830089820137,0.289,0.027,0,"10","CYP1B1"
"CNTN4",0,3.14417660436193,0.412,0.152,0,"10","CNTN4"
"EXT1",0,2.34371559501314,0.696,0.436,0,"10","EXT1"
"PDZRN3",0,2.60298643474312,0.357,0.099,0,"10","PDZRN3"
"CPED1",0,3.24379045309962,0.303,0.045,0,"10","CPED1"
"KLF9",0,2.5593572509724,0.374,0.117,0,"10","KLF9"
"SERPINE1",0,4.34482760893026,0.296,0.039,0,"10","SERPINE1"
"MICAL2",0,3.49952374153841,0.336,0.08,0,"10","MICAL2"
"IGFBP4",0,2.12224779318649,0.36,0.104,0,"10","IGFBP4"
"NR2F2",0,3.10735613939509,0.303,0.049,0,"10","NR2F2"
"PID1",0,2.81615451224012,0.396,0.143,0,"10","PID1"
"PDE1A",0,3.8291717966269,0.281,0.035,0,"10","PDE1A"
"FOXP2",0,3.29805202425463,0.282,0.037,0,"10","FOXP2"
"B4GALT1",0,2.3407134228201,0.378,0.135,0,"10","B4GALT1"
"COL6A1",0,2.32877217986287,0.448,0.206,0,"10","COL6A1"
"PALLD",0,2.59884298668809,0.503,0.261,0,"10","PALLD"
"NNMT",0,2.88317163199028,0.29,0.052,0,"10","NNMT"
"VCL",0,2.06799818084727,0.436,0.2,0,"10","VCL"
"GHR",0,2.78668086177935,0.283,0.047,0,"10","GHR"
"ADAMTS12",0,3.94813543758203,0.262,0.027,0,"10","ADAMTS12"
"C1R",0,3.42919389518824,0.262,0.027,0,"10","C1R"
"USP53",0,2.13848529689585,0.374,0.142,0,"10","USP53"
"ABCA9-AS1",0,4.25400661771665,0.27,0.038,0,"10","ABCA9-AS1"
"TAGLN",0,2.07732043103861,0.266,0.037,0,"10","TAGLN"
"TENM4",0,2.11696151929299,0.422,0.193,0,"10","TENM4"
"SMOC2",0,3.50234694139119,0.274,0.046,0,"10","SMOC2"
"GEM",0,3.31361061185169,0.32,0.092,0,"10","GEM"
"FGFR1",0,2.47037173592779,0.416,0.188,0,"10","FGFR1"
"PHLDB2",0,2.63709612838968,0.279,0.052,0,"10","PHLDB2"
"LTBP1",0,2.91472401831178,0.292,0.067,0,"10","LTBP1"
"IL1R1",0,3.43188136576702,0.265,0.041,0,"10","IL1R1"
"CCL2",0,2.7700204273086,0.264,0.04,0,"10","CCL2"
"ATP10A",0,2.97330779808888,0.264,0.04,0,"10","ATP10A"
"ADAMTS1",0,2.41967499492976,0.291,0.067,0,"10","ADAMTS1"
"F3",0,3.59358228987378,0.257,0.035,0,"10","F3"
"ABI3BP",0,3.69781444392649,0.271,0.051,0,"10","ABI3BP"
"FOSB",0,2.33063134424727,0.366,0.146,0,"10","FOSB"
"GATA6",0,3.9181510142517,0.253,0.034,0,"10","GATA6"
"CREB3L2",0,2.14174931915813,0.383,0.166,0,"10","CREB3L2"
"CYP1B1-AS1",0,4.28220532377605,0.244,0.028,0,"10","CYP1B1-AS1"
"CARMIL1",0,2.05732546257512,0.424,0.208,0,"10","CARMIL1"
"SEMA5A",0,2.84754103697363,0.3,0.085,0,"10","SEMA5A"
"CYP7B1",0,2.81090596843031,0.285,0.07,0,"10","CYP7B1"
"EPHA3",0,4.30452341524243,0.238,0.028,0,"10","EPHA3"
"ROR2",0,3.01542539258512,0.28,0.071,0,"10","ROR2"
"ROR1",0,2.51483643518565,0.314,0.106,0,"10","ROR1"
"AP002518.2",0,2.83811179128015,0.27,0.062,0,"10","AP002518.2"
"PODN",0,4.60082799686363,0.22,0.014,0,"10","PODN"
"FKBP5",0,2.01200453201921,0.422,0.216,0,"10","FKBP5"
"COL8A1",0,2.07173182936993,0.271,0.066,0,"10","COL8A1"
"LINC01197",0,3.5854330848858,0.23,0.025,0,"10","LINC01197"
"GLIS3",0,2.24901761538028,0.327,0.123,0,"10","GLIS3"
"PHLDB1",0,2.32354219578789,0.343,0.139,0,"10","PHLDB1"
"MEOX2",0,4.74286910298023,0.219,0.015,0,"10","MEOX2"
"PELI2",0,2.49468540201848,0.331,0.128,0,"10","PELI2"
"MRC2",0,3.16715590620794,0.245,0.042,0,"10","MRC2"
"GPC3",0,3.84595131714466,0.235,0.034,0,"10","GPC3"
"FBLN5",0,2.71746890915413,0.237,0.037,0,"10","FBLN5"
"BACE2",0,2.18575560080794,0.277,0.078,0,"10","BACE2"
"VMP1",0,2.27371536779251,0.699,0.5,0,"10","VMP1"
"VIT",0,4.53087888523028,0.212,0.014,0,"10","VIT"
"SEC24D",0,2.16071995297949,0.352,0.155,0,"10","SEC24D"
"ADAM12",0,3.97032242573741,0.249,0.053,0,"10","ADAM12"
"APOD",0,3.2056871777807,0.214,0.018,0,"10","APOD"
"GFPT2",0,4.39257119410415,0.228,0.034,0,"10","GFPT2"
"PHLDA1",0,2.48771307648653,0.275,0.081,0,"10","PHLDA1"
"FERMT2",0,2.09316090429982,0.361,0.167,0,"10","FERMT2"
"PAWR",0,2.64691188185186,0.279,0.086,0,"10","PAWR"
"PTCH2",0,4.06356788292479,0.244,0.051,0,"10","PTCH2"
"LIFR",0,2.00876895791232,0.381,0.19,0,"10","LIFR"
"AEBP1",0,2.59657680521942,0.259,0.068,0,"10","AEBP1"
"EFEMP1",0,4.10753786037081,0.202,0.013,0,"10","EFEMP1"
"PDLIM3",0,3.304057170192,0.311,0.123,0,"10","PDLIM3"
"PLAGL1",0,2.30718078331783,0.337,0.151,0,"10","PLAGL1"
"GLI3",0,2.21235985241002,0.233,0.048,0,"10","GLI3"
"TIMP1",0,2.21036324151339,0.275,0.091,0,"10","TIMP1"
"NFATC2",0,2.19928448998033,0.28,0.096,0,"10","NFATC2"
"GGT5",0,3.70295406784121,0.202,0.019,0,"10","GGT5"
"AL445426.1",0,4.02186791443121,0.207,0.027,0,"10","AL445426.1"
"RRBP1",0,2.12248295808437,0.262,0.083,0,"10","RRBP1"
"MMP19",0,3.61462865444313,0.206,0.027,0,"10","MMP19"
"LTBP4",0,2.42045218988707,0.269,0.091,0,"10","LTBP4"
"ENPEP",0,3.43059750041809,0.204,0.026,0,"10","ENPEP"
"NHS",0,2.07921701927449,0.374,0.197,0,"10","NHS"
"AL445250.1",0,4.00614749517375,0.215,0.038,0,"10","AL445250.1"
"OSMR-AS1",0,3.38217481509585,0.199,0.024,0,"10","OSMR-AS1"
"DAAM2",0,2.45464524491388,0.216,0.041,0,"10","DAAM2"
"TUBB6",0,2.19911090451741,0.258,0.083,0,"10","TUBB6"
"BGN",0,2.63196019541579,0.202,0.028,0,"10","BGN"
"TENT5A",0,2.14952783876382,0.293,0.119,0,"10","TENT5A"
"ACSS3",0,2.71718344706652,0.214,0.042,0,"10","ACSS3"
"SERPING1",0,2.41599870548777,0.232,0.062,0,"10","SERPING1"
"IGF1",0,3.31159367297001,0.203,0.034,0,"10","IGF1"
"PTPN13",0,2.34132333373339,0.262,0.094,0,"10","PTPN13"
"GLI2",0,4.32340936195162,0.184,0.017,0,"10","GLI2"
"ITGA11",0,3.97416569661891,0.186,0.02,0,"10","ITGA11"
"CYBRD1",0,2.4422417813048,0.205,0.04,0,"10","CYBRD1"
"ESR1",0,2.79635677982437,0.214,0.049,0,"10","ESR1"
"WWC2",0,2.02587925746564,0.257,0.093,0,"10","WWC2"
"ERCC1",0,2.47413422637609,0.314,0.15,0,"10","ERCC1"
"ADAMTS2",0,2.71297252843388,0.242,0.078,0,"10","ADAMTS2"
"NOTCH2",0,2.11780435879818,0.213,0.05,0,"10","NOTCH2"
"BOC",0,3.71487604747411,0.187,0.025,0,"10","BOC"
"AASS",0,2.8812589696157,0.197,0.036,0,"10","AASS"
"FMO2",0,4.64524883789256,0.169,0.008,0,"10","FMO2"
"COL14A1",0,2.31498981191594,0.218,0.057,0,"10","COL14A1"
"CARMN",0,2.7475602293837,0.183,0.023,0,"10","CARMN"
"GUCY1A1",0,2.91948538351644,0.234,0.075,0,"10","GUCY1A1"
"ST5",0,2.12507404222403,0.323,0.164,0,"10","ST5"
"DHRS3",0,2.05237553028659,0.226,0.068,0,"10","DHRS3"
"C1RL",0,2.86285203249652,0.195,0.037,0,"10","C1RL"
"KIRREL1",0,2.03208697254963,0.207,0.049,0,"10","KIRREL1"
"SH3PXD2B",0,2.0140705820587,0.313,0.156,0,"10","SH3PXD2B"
"C3",0,3.3479079987559,0.179,0.022,0,"10","C3"
"OLFML2B",0,3.02190360605953,0.188,0.032,0,"10","OLFML2B"
"SAMD4A",0,2.04015914445979,0.457,0.302,0,"10","SAMD4A"
"SLC7A2",0,2.99576521390829,0.19,0.035,0,"10","SLC7A2"
"TPM1",0,2.21993095088336,0.374,0.221,0,"10","TPM1"
"PLEKHA4",0,2.66206529202647,0.188,0.035,0,"10","PLEKHA4"
"NPAS2",0,2.96945009880159,0.189,0.037,0,"10","NPAS2"
"VGLL3",0,3.3497560984645,0.172,0.02,0,"10","VGLL3"
"CXCL12",0,2.55674731469566,0.188,0.037,0,"10","CXCL12"
"SYNJ2",0,2.46147477340475,0.244,0.094,0,"10","SYNJ2"
"ADGRF5",0,2.27970060858165,0.201,0.052,0,"10","ADGRF5"
"ARHGAP6",0,2.59750559190744,0.193,0.044,0,"10","ARHGAP6"
"COLEC12",0,2.63964864719116,0.193,0.045,0,"10","COLEC12"
"KCNE4",0,3.45256279720335,0.168,0.02,0,"10","KCNE4"
"SRPX",0,3.23626018346385,0.174,0.026,0,"10","SRPX"
"HEYL",0,3.91759703596025,0.169,0.022,0,"10","HEYL"
"MID1",0,2.15895114358072,0.246,0.099,0,"10","MID1"
"OAF",0,2.52384988410192,0.186,0.04,0,"10","OAF"
"INHBA",0,4.25062381703035,0.159,0.013,0,"10","INHBA"
"PLA2R1",0,2.55273901558653,0.214,0.069,0,"10","PLA2R1"
"SLC22A3",0,4.20322928040658,0.161,0.018,0,"10","SLC22A3"
"CFAP69",0,3.30520327035081,0.182,0.039,0,"10","CFAP69"
"LMCD1",0,2.72978887787283,0.203,0.061,0,"10","LMCD1"
"CHSY3",0,2.07800162472729,0.215,0.074,0,"10","CHSY3"
"RERG",0,2.5611993351321,0.211,0.07,0,"10","RERG"
"FAM110B",0,2.53418550924881,0.215,0.075,0,"10","FAM110B"
"EMILIN1",0,2.76070515843134,0.178,0.038,0,"10","EMILIN1"
"TIPARP",0,2.85279002212159,0.207,0.067,0,"10","TIPARP"
"FAT1",0,2.27958347886434,0.209,0.069,0,"10","FAT1"
"FSIP1",0,2.80406547712058,0.194,0.055,0,"10","FSIP1"
"ADH1B",0,2.67593948172098,0.151,0.013,0,"10","ADH1B"
"SERPINF1",0,2.96161579890589,0.179,0.041,0,"10","SERPINF1"
"SDC2",0,2.36322465291877,0.263,0.126,0,"10","SDC2"
"FBLN1",0,2.45437407291898,0.228,0.093,0,"10","FBLN1"
"ECM2",0,2.13260338571018,0.213,0.078,0,"10","ECM2"
"ALDH1A3",0,3.45137977738697,0.169,0.034,0,"10","ALDH1A3"
"SPON2",0,2.84376315353232,0.162,0.029,0,"10","SPON2"
"PKNOX2",0,3.03490014009071,0.173,0.04,0,"10","PKNOX2"
"SPSB1",0,2.88070257111319,0.186,0.055,0,"10","SPSB1"
"DOK5",0,3.14872567868462,0.17,0.039,0,"10","DOK5"
"PRELP",0,3.35936657169455,0.145,0.015,0,"10","PRELP"
"KCNIP1",0,3.67832193724447,0.189,0.059,0,"10","KCNIP1"
"COL21A1",0,2.3753983826089,0.197,0.067,0,"10","COL21A1"
"LRRK1",0,2.19271420461478,0.188,0.058,0,"10","LRRK1"
"SOCS5",0,2.5657826111882,0.259,0.13,0,"10","SOCS5"
"CYTOR",0,2.03121026117694,0.232,0.103,0,"10","CYTOR"
"TEX41",0,2.75350164891463,0.155,0.026,0,"10","TEX41"
"MFAP5",0,4.90744357829812,0.135,0.007,0,"10","MFAP5"
"TBX18",0,4.3263298630788,0.137,0.009,0,"10","TBX18"
"KIAA1755",0,3.17232282977852,0.145,0.018,0,"10","KIAA1755"
"CPXM2",0,2.51953695054195,0.153,0.027,0,"10","CPXM2"
"NHSL2",0,2.4499766280795,0.239,0.114,0,"10","NHSL2"
"PAPLN",0,3.5217302535835,0.142,0.017,0,"10","PAPLN"
"ADAMTS3",0,3.68244836332,0.157,0.033,0,"10","ADAMTS3"
"ZCCHC24",0,2.6337905077161,0.15,0.026,0,"10","ZCCHC24"
"PDZRN4",0,5.15815833484842,0.14,0.017,0,"10","PDZRN4"
"OGN",0,2.52408192997252,0.174,0.051,0,"10","OGN"
"SLC19A2",0,2.6811439679095,0.193,0.071,0,"10","SLC19A2"
"SLC24A3",0,2.51089034816681,0.199,0.077,0,"10","SLC24A3"
"PLXDC1",0,2.66755624257033,0.153,0.031,0,"10","PLXDC1"
"RFX2",0,2.22149982564199,0.219,0.097,0,"10","RFX2"
"ANO1",0,3.75240544908895,0.134,0.013,0,"10","ANO1"
"SLC16A12",0,4.50342084219149,0.144,0.023,0,"10","SLC16A12"
"LINC01088",0,3.97666689797459,0.166,0.046,0,"10","LINC01088"
"FAP",0,3.93581340795936,0.133,0.014,0,"10","FAP"
"PDGFRA",0,4.15917620026177,0.129,0.01,0,"10","PDGFRA"
"CLMP",0,2.47733824440468,0.184,0.065,0,"10","CLMP"
"SPECC1",0,2.54895552181918,0.166,0.048,0,"10","SPECC1"
"PKDCC",0,2.85825054286835,0.157,0.039,0,"10","PKDCC"
"DDAH1",0,2.31189362947255,0.28,0.163,0,"10","DDAH1"
"SPON1",0,2.82832823733027,0.169,0.052,0,"10","SPON1"
"IGFBP6",0,3.03692226508563,0.137,0.02,0,"10","IGFBP6"
"BX322234.1",0,4.67119659420578,0.127,0.01,0,"10","BX322234.1"
"NOTCH3",0,2.41022863409846,0.138,0.023,0,"10","NOTCH3"
"TWIST2",0,5.16483153817749,0.121,0.006,0,"10","TWIST2"
"NFIX",0,2.24637442109514,0.149,0.035,0,"10","NFIX"
"NID2",0,2.55085459327162,0.137,0.024,0,"10","NID2"
"GFRA1",0,2.68339369227482,0.151,0.038,0,"10","GFRA1"
"AGMO",0,3.53091064982026,0.138,0.026,0,"10","AGMO"
"COL16A1",0,2.40774929115497,0.154,0.042,0,"10","COL16A1"
"CLDN1",0,3.74382896924416,0.122,0.011,0,"10","CLDN1"
"GLT8D2",0,2.77284587320979,0.145,0.034,0,"10","GLT8D2"
"TLE2",0,2.97820170088952,0.146,0.036,0,"10","TLE2"
"PLAC9",0,2.42265097019384,0.131,0.022,0,"10","PLAC9"
"AP001528.2",0,2.30911221796228,0.146,0.037,0,"10","AP001528.2"
"ELL",0,2.16820363070296,0.169,0.061,0,"10","ELL"
"ADAMTS4",0,2.75987519088328,0.144,0.037,0,"10","ADAMTS4"
"ITPKC",0,2.69772033284119,0.156,0.051,0,"10","ITPKC"
"THRB",0,2.07001838513105,0.153,0.048,0,"10","THRB"
"LINC01482",0,3.96724744006158,0.121,0.016,0,"10","LINC01482"
"TRAM2",0,2.08863143848332,0.17,0.066,0,"10","TRAM2"
"SFRP4",0,2.53221937258355,0.157,0.053,0,"10","SFRP4"
"FILIP1",0,2.08646239615909,0.188,0.084,0,"10","FILIP1"
"ISLR",0,3.01998207141893,0.118,0.014,0,"10","ISLR"
"EDNRA",0,3.13538088929195,0.124,0.02,0,"10","EDNRA"
"STEAP2",0,3.96964020418066,0.121,0.017,0,"10","STEAP2"
"AC116345.1",0,4.18320534632577,0.111,0.008,0,"10","AC116345.1"
"WISP1",0,5.25417504745361,0.107,0.004,0,"10","WISP1"
"LINC00924",0,4.6536540474193,0.108,0.006,0,"10","LINC00924"
"FBLIM1",0,2.29427931219604,0.154,0.053,0,"10","FBLIM1"
"NEXN",0,2.55937864467636,0.163,0.063,0,"10","NEXN"
"VCAN-AS1",0,2.65798536293982,0.128,0.028,0,"10","VCAN-AS1"
"PLOD2",0,2.3069922724335,0.152,0.053,0,"10","PLOD2"
"CGNL1",0,2.71550519736342,0.15,0.051,0,"10","CGNL1"
"FAS",0,2.83985658600422,0.117,0.019,0,"10","FAS"
"ADGRD1",0,3.52699130376279,0.115,0.018,0,"10","ADGRD1"
"PER2",0,2.34953635975671,0.144,0.047,0,"10","PER2"
"HAS2",0,4.02257454470563,0.106,0.01,0,"10","HAS2"
"SPRY4",0,2.27298672167552,0.143,0.047,0,"10","SPRY4"
"LTBP2",0,2.87999304927429,0.118,0.023,0,"10","LTBP2"
"KANK2",0,2.03707087247153,0.132,0.037,0,"10","KANK2"
"DCDC2C",0,4.79797239926432,0.104,0.009,0,"10","DCDC2C"
"COL4A4",0,3.61425770912424,0.119,0.024,0,"10","COL4A4"
"GUCY1B1",0,2.65168227778232,0.143,0.049,0,"10","GUCY1B1"
"MAMLD1",0,2.18694560013013,0.178,0.084,0,"10","MAMLD1"
"P2RY14",0,2.12913697511972,0.156,0.063,0,"10","P2RY14"
"HMCN2",0,3.42801469072876,0.145,0.053,0,"10","HMCN2"
"VSTM4",0,2.28328999304147,0.136,0.045,0,"10","VSTM4"
"AC108058.1",0,4.32117670516944,0.099,0.008,0,"10","AC108058.1"
"POSTN",0,3.2788185986023,0.108,0.017,0,"10","POSTN"
"COL27A1",0,2.61371495839932,0.115,0.024,0,"10","COL27A1"
"COL5A3",0,2.69425339624087,0.112,0.021,0,"10","COL5A3"
"RNF180",0,2.00693081803775,0.157,0.067,0,"10","RNF180"
"NFATC1",0,2.15796033126598,0.132,0.042,0,"10","NFATC1"
"PI16",0,3.01787629235557,0.098,0.008,0,"10","PI16"
"LINC01091",0,3.47332860688506,0.107,0.018,0,"10","LINC01091"
"SDC4",0,2.68525792873572,0.111,0.023,0,"10","SDC4"
"UAP1",0,2.37677664116152,0.164,0.077,0,"10","UAP1"
"MIPOL1",0,2.04294265056353,0.132,0.045,0,"10","MIPOL1"
"TEAD3",0,3.06316786411576,0.106,0.019,0,"10","TEAD3"
"PDGFRL",0,3.18790186605913,0.102,0.015,0,"10","PDGFRL"
"AC087477.2",0,3.77703848519212,0.095,0.008,0,"10","AC087477.2"
"S1PR3",0,2.55414378331295,0.106,0.02,0,"10","S1PR3"
"MARC2",0,2.43545996105715,0.128,0.043,0,"10","MARC2"
"SHROOM3",0,3.01856727937301,0.115,0.03,0,"10","SHROOM3"
"EVC2",0,2.81660715555186,0.104,0.019,0,"10","EVC2"
"FMO1",0,4.55372365508667,0.09,0.005,0,"10","FMO1"
"DNM3OS",0,2.33097152914569,0.12,0.035,0,"10","DNM3OS"
"IGF2BP2",0,2.2857518138621,0.161,0.077,0,"10","IGF2BP2"
"ABCC9",0,3.22955076995003,0.097,0.013,0,"10","ABCC9"
"ITGBL1",0,2.54548146986066,0.141,0.057,0,"10","ITGBL1"
"ANGPT1",0,2.97303246808743,0.114,0.031,0,"10","ANGPT1"
"FBN2",0,2.22592461034259,0.123,0.04,0,"10","FBN2"
"COL24A1",0,2.79759656607991,0.115,0.033,0,"10","COL24A1"
"IL33",0,2.90974328137032,0.098,0.016,0,"10","IL33"
"MYLK",0,2.02399416796377,0.149,0.067,0,"10","MYLK"
"DIO3OS",0,4.15165299016046,0.088,0.006,0,"10","DIO3OS"
"C1QTNF1",0,2.48219254065588,0.108,0.027,0,"10","C1QTNF1"
"TBX15",0,4.26284162303279,0.086,0.005,0,"10","TBX15"
"PXDC1",0,2.1539068988295,0.113,0.033,0,"10","PXDC1"
"FLG-AS1",0,2.03788652540004,0.123,0.043,0,"10","FLG-AS1"
"GUCY1A2",0,2.31308890278609,0.15,0.07,0,"10","GUCY1A2"
"ADAM33",0,4.10330794107705,0.087,0.007,0,"10","ADAM33"
"CHRDL1",0,3.6729076182545,0.087,0.008,0,"10","CHRDL1"
"ANOS1",0,2.1258085611654,0.117,0.039,0,"10","ANOS1"
"EGR3",0,2.26055951558141,0.101,0.023,0,"10","EGR3"
"TPBG",0,3.49683281012424,0.088,0.01,0,"10","TPBG"
"NGF",0,2.33323416728548,0.103,0.025,0,"10","NGF"
"CTSK",0,2.0971399999166,0.104,0.027,0,"10","CTSK"
"PEAR1",0,2.37342210531934,0.112,0.035,0,"10","PEAR1"
"FMO3",0,4.91749461398499,0.081,0.004,0,"10","FMO3"
"SUGCT",0,2.1808385786734,0.149,0.072,0,"10","SUGCT"
"AC087623.2",0,2.84391313698442,0.106,0.029,0,"10","AC087623.2"
"RGS6",0,2.47521143483552,0.126,0.049,0,"10","RGS6"
"AC009269.2",0,3.39469390742557,0.087,0.01,0,"10","AC009269.2"
"MEDAG",0,3.4466736046517,0.092,0.016,0,"10","MEDAG"
"STXBP6",0,3.30906890794047,0.09,0.014,0,"10","STXBP6"
"ID4",0,2.67440959679677,0.101,0.026,0,"10","ID4"
"HIC1",0,2.40978863579035,0.098,0.023,0,"10","HIC1"
"SORCS2",0,2.15895242380083,0.126,0.051,0,"10","SORCS2"
"EFEMP2",0,2.07634422295462,0.107,0.032,0,"10","EFEMP2"
"AMOTL2",0,2.57825213720982,0.1,0.026,0,"10","AMOTL2"
"PI15",0,4.57597899114077,0.092,0.018,0,"10","PI15"
"TRPC4",0,3.6319545615679,0.09,0.016,0,"10","TRPC4"
"HTRA3",0,3.65783802533825,0.082,0.009,0,"10","HTRA3"
"SPRY2",0,2.09837935277692,0.116,0.043,0,"10","SPRY2"
"THBS4",0,2.25717690004107,0.123,0.05,0,"10","THBS4"
"ELN",0,2.84832033526098,0.151,0.078,0,"10","ELN"
"TLL1",0,2.42287387471277,0.104,0.031,0,"10","TLL1"
"AC027013.1",0,6.2542830436955,0.075,0.002,0,"10","AC027013.1"
"OLFML3",0,2.24655212510642,0.094,0.022,0,"10","OLFML3"
"KLF5",0,3.85574265718957,0.085,0.013,0,"10","KLF5"
"GXYLT2",0,2.50140991660326,0.102,0.03,0,"10","GXYLT2"
"CREB3L1",0,4.14307180505116,0.079,0.008,0,"10","CREB3L1"
"AC131025.2",0,2.83153332467945,0.081,0.01,0,"10","AC131025.2"
"RCN3",0,2.09253782700654,0.095,0.025,0,"10","RCN3"
"TMEM200A",0,3.66069444926083,0.079,0.009,0,"10","TMEM200A"
"SGMS2",0,2.24373636521595,0.088,0.018,0,"10","SGMS2"
"DEPTOR",0,2.19661343869781,0.156,0.087,0,"10","DEPTOR"
"GNA14-AS1",0,2.1083105684673,0.101,0.033,0,"10","GNA14-AS1"
"AC005550.2",0,4.55325229942355,0.072,0.004,0,"10","AC005550.2"
"PTCH1",0,2.16475143367324,0.151,0.084,0,"10","PTCH1"
"FMOD",0,3.25889058104743,0.073,0.008,0,"10","FMOD"
"GPRC5A",0,3.404930959511,0.079,0.014,0,"10","GPRC5A"
"ARSJ",0,2.93952813129266,0.075,0.01,0,"10","ARSJ"
"KCNMB1",0,4.32360906908833,0.075,0.011,0,"10","KCNMB1"
"ADAMTSL4",0,2.59365267784428,0.082,0.018,0,"10","ADAMTSL4"
"CD248",0,2.85285001675996,0.072,0.008,0,"10","CD248"
"LMOD1",0,2.40944769945053,0.086,0.023,0,"10","LMOD1"
"LINC00607",0,3.43455452210057,0.076,0.013,0,"10","LINC00607"
"LOX",0,3.05094460607486,0.072,0.009,0,"10","LOX"
"LINC02456",0,2.5494023526162,0.095,0.032,0,"10","LINC02456"
"LZTS1",0,2.10866826301875,0.115,0.053,0,"10","LZTS1"
"SMIM3",0,2.18605772621218,0.09,0.028,0,"10","SMIM3"
"HEPH",0,2.18941323363304,0.078,0.016,0,"10","HEPH"
"AC015712.2",0,3.64899718121767,0.075,0.013,0,"10","AC015712.2"
"NIPAL2",0,2.07914647350886,0.104,0.042,0,"10","NIPAL2"
"PAMR1",0,2.20600851654066,0.099,0.038,0,"10","PAMR1"
"ASPN",0,2.04539187631734,0.114,0.053,0,"10","ASPN"
"ADAMTS14",0,3.8108586169673,0.067,0.007,0,"10","ADAMTS14"
"MME",0,2.64783900615816,0.074,0.014,0,"10","MME"
"FZD1",0,2.86708154230638,0.069,0.01,0,"10","FZD1"
"ADAMTS15",0,3.94771596372139,0.066,0.007,0,"10","ADAMTS15"
"OSR2",0,3.96864151895943,0.064,0.005,0,"10","OSR2"
"AC026894.1",0,2.18998229941134,0.096,0.037,0,"10","AC026894.1"
"AL356258.1",0,2.88853243046001,0.092,0.033,0,"10","AL356258.1"
"PKP2",0,2.47465980033979,0.079,0.02,0,"10","PKP2"
"IL34",0,2.38013059652549,0.087,0.028,0,"10","IL34"
"NRK",0,2.79054537707301,0.074,0.015,0,"10","NRK"
"PRRX2",0,2.92509676181061,0.074,0.015,0,"10","PRRX2"
"CRISPLD1",0,2.49340871601786,0.1,0.042,0,"10","CRISPLD1"
"PTGDS",0,3.49411002813635,0.068,0.01,0,"10","PTGDS"
"MIR503HG",0,3.12229856424054,0.076,0.018,0,"10","MIR503HG"
"ADAMTSL2",0,3.19695084067997,0.076,0.018,0,"10","ADAMTSL2"
"SPHK1",0,2.20193270831064,0.078,0.02,0,"10","SPHK1"
"EYA2",0,2.19121317789125,0.081,0.024,0,"10","EYA2"
"WTIP",0,2.13227437054575,0.081,0.024,0,"10","WTIP"
"LINC02398",0,2.76614217146832,0.11,0.053,0,"10","LINC02398"
"STEAP4",0,2.11832515232592,0.076,0.019,0,"10","STEAP4"
"TRIP10",0,2.25386195285531,0.078,0.021,0,"10","TRIP10"
"A4GALT",0,2.15619116499864,0.08,0.024,0,"10","A4GALT"
"RBP5",0,2.63462960849168,0.071,0.015,0,"10","RBP5"
"WFDC1",0,2.05530261681203,0.076,0.02,0,"10","WFDC1"
"CAPN6",0,4.22282558468764,0.06,0.004,0,"10","CAPN6"
"FNDC1",0,3.9906640588325,0.059,0.004,0,"10","FNDC1"
"TNFAIP6",0,2.52629834399814,0.066,0.012,0,"10","TNFAIP6"
"CCL19",0,3.37296928131768,0.059,0.005,0,"10","CCL19"
"HIF3A",0,2.56581278574932,0.073,0.019,0,"10","HIF3A"
"CFD",0,2.12157922780201,0.085,0.032,0,"10","CFD"
"MT1M",0,2.61375029440489,0.069,0.017,0,"10","MT1M"
"AC067817.2",0,3.10806351224929,0.065,0.013,0,"10","AC067817.2"
"C1RL-AS1",0,3.09386705560518,0.062,0.01,0,"10","C1RL-AS1"
"SBSPON",0,2.22435163302402,0.071,0.019,0,"10","SBSPON"
"RXFP1",0,3.2632614436412,0.064,0.013,0,"10","RXFP1"
"GPX8",0,2.23672214064447,0.061,0.01,0,"10","GPX8"
"TTYH2",0,2.05164322065957,0.076,0.025,0,"10","TTYH2"
"L1TD1",0,3.33025536724591,0.056,0.006,0,"10","L1TD1"
"LOXL1",0,2.48253348658719,0.078,0.028,0,"10","LOXL1"
"PIWIL4",0,2.2691174342841,0.073,0.023,0,"10","PIWIL4"
"AL133346.1",0,2.19222287696125,0.072,0.022,0,"10","AL133346.1"
"BHMT2",0,2.21247178964469,0.066,0.018,0,"10","BHMT2"
"VIPR2",0,3.57390055706857,0.06,0.012,0,"10","VIPR2"
"BMP5",0,4.80778326080754,0.051,0.003,0,"10","BMP5"
"AC002074.1",0,2.28529067392836,0.06,0.013,0,"10","AC002074.1"
"CELF2-AS2",0,2.33692328137372,0.069,0.023,0,"10","CELF2-AS2"
"C12orf60",0,2.63670605424741,0.078,0.032,0,"10","C12orf60"
"PTGIS",0,2.40998622633598,0.067,0.021,0,"10","PTGIS"
"HSPB6",0,2.80772551143183,0.052,0.006,0,"10","HSPB6"
"BTBD19",0,2.19992802457214,0.065,0.019,0,"10","BTBD19"
"CFI",0,2.43590479156965,0.058,0.012,0,"10","CFI"
"EVA1A",0,2.53796364066621,0.058,0.013,0,"10","EVA1A"
"C2orf40",0,2.10476518281762,0.06,0.015,0,"10","C2orf40"
"AL356356.1",0,2.62459689004114,0.057,0.012,0,"10","AL356356.1"
"LZTS1-AS1",0,2.74471185250595,0.066,0.021,0,"10","LZTS1-AS1"
"RFX8",0,2.17171115217365,0.073,0.029,0,"10","RFX8"
"TEX26-AS1",0,3.59727233658901,0.052,0.008,0,"10","TEX26-AS1"
"TGFB3",0,2.55161480839416,0.059,0.015,0,"10","TGFB3"
"MXRA5",0,2.57422258247759,0.052,0.008,0,"10","MXRA5"
"MN1",0,2.91522832873501,0.054,0.01,0,"10","MN1"
"CLMAT3",0,2.37384170122567,0.058,0.015,0,"10","CLMAT3"
"TMEM119",0,2.92012639236821,0.053,0.01,0,"10","TMEM119"
"CYSLTR2",0,2.54615657924276,0.061,0.018,0,"10","CYSLTR2"
"MROH9",0,3.14186751027564,0.064,0.021,0,"10","MROH9"
"SLC6A1-AS1",0,3.14038913933527,0.053,0.01,0,"10","SLC6A1-AS1"
"SELENBP1",0,2.4335267542436,0.048,0.006,0,"10","SELENBP1"
"TBC1D8B",0,2.30079688712671,0.056,0.014,0,"10","TBC1D8B"
"AL133415.1",0,2.10494703589371,0.057,0.015,0,"10","AL133415.1"
"MFAP4",0,2.05382696653573,0.065,0.023,0,"10","MFAP4"
"PCDH18",0,2.7086091900844,0.051,0.009,0,"10","PCDH18"
"PLA2G2A",0,5.43724944622976,0.044,0.002,0,"10","PLA2G2A"
"CXCL14",0,4.10533446870937,0.046,0.004,0,"10","CXCL14"
"FOXD1",0,3.15030278400604,0.048,0.007,0,"10","FOXD1"
"INMT",0,3.01667483931167,0.047,0.006,0,"10","INMT"
"NPY1R",0,2.94653604931832,0.049,0.008,0,"10","NPY1R"
"MT1A",0,2.76459051447523,0.051,0.01,0,"10","MT1A"
"CMKLR1",0,2.1655568570989,0.058,0.018,0,"10","CMKLR1"
"SLC6A16",0,2.22800136040593,0.053,0.013,0,"10","SLC6A16"
"METTL24",0,2.32253978436927,0.062,0.022,0,"10","METTL24"
"AC093607.1",0,3.86495518892587,0.05,0.01,0,"10","AC093607.1"
"AL512638.2",0,2.24670982510171,0.052,0.012,0,"10","AL512638.2"
"HOXA3",0,3.11762362644779,0.045,0.006,0,"10","HOXA3"
"SLC2A10",0,2.26550760142711,0.051,0.012,0,"10","SLC2A10"
"VDR",0,2.23930211653393,0.051,0.012,0,"10","VDR"
"GLI1",0,4.01662691787638,0.043,0.004,0,"10","GLI1"
"FOSL1",0,2.09478495724496,0.056,0.018,0,"10","FOSL1"
"SLC6A1",0,2.92206239739356,0.048,0.01,0,"10","SLC6A1"
"HAS2-AS1",0,3.28495605993557,0.045,0.007,0,"10","HAS2-AS1"
"PTGIR",0,2.45477859839474,0.052,0.014,0,"10","PTGIR"
"FGF10",0,2.81631316090446,0.051,0.013,0,"10","FGF10"
"CNTN4-AS2",0,3.22343659631812,0.047,0.009,0,"10","CNTN4-AS2"
"FZD2",0,2.65269412020277,0.046,0.009,0,"10","FZD2"
"MMP23B",0,3.66524618951679,0.041,0.005,0,"10","MMP23B"
"TMEM158",0,2.23435218663173,0.047,0.011,0,"10","TMEM158"
"PHYHD1",0,2.0044838864305,0.047,0.011,0,"10","PHYHD1"
"LRRN4CL",0,2.88418323143253,0.041,0.005,0,"10","LRRN4CL"
"ART4",0,2.83942686657859,0.048,0.012,0,"10","ART4"
"LONRF3",0,2.15417122441139,0.052,0.016,0,"10","LONRF3"
"ENTPD2",0,2.41935747920777,0.044,0.008,0,"10","ENTPD2"
"WNT9A",0,3.20740928708018,0.053,0.018,0,"10","WNT9A"
"DPT",0,3.93019603034577,0.039,0.004,0,"10","DPT"
"AR",0,2.40161071605401,0.045,0.01,0,"10","AR"
"LIF",0,3.81646849685088,0.038,0.003,0,"10","LIF"
"LCAT",0,2.03061668282922,0.05,0.016,0,"10","LCAT"
"SOX9",0,2.40875090024,0.045,0.011,0,"10","SOX9"
"CNN1",0,2.55521133058064,0.048,0.014,0,"10","CNN1"
"NPNT",0,2.08359504325069,0.049,0.015,0,"10","NPNT"
"EXOC3L4",0,3.2988831104184,0.038,0.004,0,"10","EXOC3L4"
"CLIC6",0,3.33977037419612,0.04,0.006,0,"10","CLIC6"
"LINC01500",0,3.88763303407472,0.039,0.005,0,"10","LINC01500"
"NKD2",0,3.9603660231203,0.037,0.003,0,"10","NKD2"
"ZIC1",0,4.41633148308959,0.036,0.002,0,"10","ZIC1"
"NBPF26",0,2.15896002847016,0.046,0.013,0,"10","NBPF26"
"MRGPRF",0,2.20431938053389,0.039,0.006,0,"10","MRGPRF"
"AL024508.1",0,2.18652156835382,0.05,0.017,0,"10","AL024508.1"
"AP003555.1",0,4.93479267990013,0.035,0.002,0,"10","AP003555.1"
"PRDM6",0,3.48196966380259,0.041,0.009,0,"10","PRDM6"
"FOXS1",0,2.74148352112732,0.037,0.005,0,"10","FOXS1"
"CHRD",0,3.0580862014897,0.038,0.006,0,"10","CHRD"
"C16orf89",0,2.1341891799916,0.039,0.007,0,"10","C16orf89"
"GSTM5",0,3.78913655364679,0.034,0.003,0,"10","GSTM5"
"CYP4B1",0,3.99827988900275,0.035,0.004,0,"10","CYP4B1"
"SCARF2",0,2.57049946427939,0.042,0.011,0,"10","SCARF2"
"AC009229.2",0,4.20086842943603,0.034,0.003,0,"10","AC009229.2"
"STEAP1",0,4.06651296713021,0.033,0.002,0,"10","STEAP1"
"GAS1",0,2.76738151866167,0.04,0.009,0,"10","GAS1"
"AC007271.1",0,3.99511514649835,0.033,0.002,0,"10","AC007271.1"
"BAMBI",0,2.15185451214717,0.043,0.012,0,"10","BAMBI"
"SNAI2",0,2.9951378973406,0.035,0.005,0,"10","SNAI2"
"TRPA1",0,3.39588078583682,0.039,0.009,0,"10","TRPA1"
"AC002066.1",0,2.26082896824535,0.043,0.013,0,"10","AC002066.1"
"FIBIN",0,2.55185144976896,0.035,0.006,0,"10","FIBIN"
"RAB3IL1",0,2.14563516431324,0.043,0.014,0,"10","RAB3IL1"
"CCL11",0,5.59832277924393,0.03,0.001,0,"10","CCL11"
"HAS1",0,4.8479957788216,0.031,0.002,0,"10","HAS1"
"IL1RL2",0,2.75626382503134,0.034,0.006,0,"10","IL1RL2"
"SLC1A7",0,5.1210522366868,0.029,0.001,0,"10","SLC1A7"
"SLC16A12-AS1",0,4.47044833059127,0.031,0.003,0,"10","SLC16A12-AS1"
"AC073082.1",0,2.58605186629127,0.037,0.009,0,"10","AC073082.1"
"SNHG18",0,2.36351642023532,0.036,0.008,0,"10","SNHG18"
"TSKU",0,2.11761986238615,0.037,0.009,0,"10","TSKU"
"ADH1C",0,3.76767103627768,0.03,0.002,0,"10","ADH1C"
"PGR",0,2.56271549586412,0.036,0.008,0,"10","PGR"
"AP003555.3",0,4.63233687457654,0.03,0.002,0,"10","AP003555.3"
"TNNT3",0,3.51818309873362,0.028,0.001,0,"10","TNNT3"
"CHI3L1",0,5.60286203953811,0.028,0.002,0,"10","CHI3L1"
"AC012668.3",0,2.97357922541653,0.035,0.009,0,"10","AC012668.3"
"AC008250.1",0,3.3761777831748,0.029,0.003,0,"10","AC008250.1"
"FOXC2",0,2.80157356380881,0.031,0.005,0,"10","FOXC2"
"AL445183.1",0,4.96360547798565,0.027,0.001,0,"10","AL445183.1"
"MIR497HG",0,2.18538120978786,0.029,0.004,0,"10","MIR497HG"
"LCNL1",0,3.76457115401972,0.029,0.004,0,"10","LCNL1"
"P2RY1",0,2.42048665747344,0.03,0.005,0,"10","P2RY1"
"CXCL6",0,5.19405716277433,0.026,0.001,0,"10","CXCL6"
"INHBA-AS1",0,3.63696101202758,0.027,0.003,0,"10","INHBA-AS1"
"CILP",0,3.19881552240304,0.028,0.004,0,"10","CILP"
"FGF10-AS1",0,3.39898026153454,0.03,0.006,0,"10","FGF10-AS1"
"FAM180A",0,4.04732179742174,0.027,0.003,0,"10","FAM180A"
"LINC02233",0,3.48692928941973,0.032,0.008,0,"10","LINC02233"
"BX248415.1",0,3.81645483746125,0.027,0.003,0,"10","BX248415.1"
"AC090531.1",0,3.63867775701578,0.028,0.004,0,"10","AC090531.1"
"LINC02544",0,5.41344812806255,0.024,0.001,0,"10","LINC02544"
"FOXD2",0,3.1727069996812,0.026,0.003,0,"10","FOXD2"
"LPAR4",0,4.52132063447523,0.025,0.002,0,"10","LPAR4"
"AC024337.2",0,3.72864960517775,0.025,0.002,0,"10","AC024337.2"
"AC022915.2",0,2.79542972956157,0.029,0.007,0,"10","AC022915.2"
"AC013271.1",0,3.3664391086229,0.024,0.002,0,"10","AC013271.1"
"HOXA-AS2",0,2.56303246736094,0.028,0.006,0,"10","HOXA-AS2"
"AC007099.1",0,3.00995700989328,0.026,0.004,0,"10","AC007099.1"
"SFRP2",0,3.43358784661641,0.024,0.003,0,"10","SFRP2"
"PLK5",0,3.50019260983012,0.026,0.005,0,"10","PLK5"
"INMT-MINDY4",0,4.23971933375918,0.022,0.001,0,"10","INMT-MINDY4"
"AC009154.1",0,4.17762451320667,0.022,0.001,0,"10","AC009154.1"
"AADACL2-AS1",0,3.09399729427052,0.026,0.005,0,"10","AADACL2-AS1"
"LINC01426",0,3.20545899504257,0.023,0.003,0,"10","LINC01426"
"LINC00702",0,2.80340394114579,0.024,0.004,0,"10","LINC00702"
"CCL13",0,3.09106015417455,0.023,0.003,0,"10","CCL13"
"CCDC8",0,2.68953945805581,0.023,0.003,0,"10","CCDC8"
"AL133481.1",0,2.82097101048822,0.023,0.003,0,"10","AL133481.1"
"LINC00922",0,3.57829691376972,0.024,0.004,0,"10","LINC00922"
"BDKRB2",0,2.39079856427488,0.026,0.006,0,"10","BDKRB2"
"GJB2",0,2.93473629297744,0.022,0.002,0,"10","GJB2"
"LINC01914",0,3.6466857103351,0.021,0.002,0,"10","LINC01914"
"TMEM200B",0,2.82217770498754,0.022,0.003,0,"10","TMEM200B"
"AIPL1",0,3.03996199549435,0.024,0.005,0,"10","AIPL1"
"LINC02450",0,4.58515069490895,0.02,0.001,0,"10","LINC02450"
"AC112229.3",0,3.55880431405318,0.021,0.003,0,"10","AC112229.3"
"CXCL1",0,3.00882633873137,0.02,0.002,0,"10","CXCL1"
"SFTA1P",0,3.68269277392497,0.019,0.002,0,"10","SFTA1P"
"AC090337.1",0,4.91712994268763,0.018,0.001,0,"10","AC090337.1"
"AL021026.1",0,5.25061924484543,0.018,0.001,0,"10","AL021026.1"
"AC008619.1",0,5.31684390937887,0.018,0.001,0,"10","AC008619.1"
"MROH2B",0,4.00605046371861,0.018,0.002,0,"10","MROH2B"
"F2RL1",0,3.19818079513203,0.017,0.002,0,"10","F2RL1"
"HOXA-AS3",0,2.50145712421951,0.018,0.003,0,"10","HOXA-AS3"
"AC007906.2",0,2.77124267879158,0.018,0.003,0,"10","AC007906.2"
"AC009229.1",0,4.76092289869248,0.016,0.001,0,"10","AC009229.1"
"AC013451.1",0,3.15909294259973,0.018,0.003,0,"10","AC013451.1"
"TNFSF14",0,2.61444506823346,0.017,0.003,0,"10","TNFSF14"
"LIPG",0,3.53272072688089,0.017,0.003,0,"10","LIPG"
"IGF2-ENSG00000167244",0,2.53711708757061,0.016,0.002,0,"10","IGF2-ENSG00000167244"
"AC080038.1",0,4.25391656844663,0.016,0.002,0,"10","AC080038.1"
"AC110772.1",0,4.09175930107358,0.015,0.001,0,"10","AC110772.1"
"COLCA1",0,3.33868307970981,0.014,0.001,0,"10","COLCA1"
"DIO3",0,2.62851673851079,0.015,0.002,0,"10","DIO3"
"SLC6A20",0,3.55805543027295,0.015,0.002,0,"10","SLC6A20"
"ADAMTSL5",0,3.35762126161599,0.014,0.002,0,"10","ADAMTSL5"
"AP003555.2",0,4.49268381202302,0.013,0.001,0,"10","AP003555.2"
"LINC02204",0,3.63890330330507,0.013,0.001,0,"10","LINC02204"
"AC093627.6",0,3.06286088361729,0.012,0.001,0,"10","AC093627.6"
"XPNPEP2",0,3.13677911858561,0.013,0.002,0,"10","XPNPEP2"
"SIX1",0,3.11763070634836,0.012,0.001,0,"10","SIX1"
"EGFR-AS1",0,4.52694899130411,0.012,0.001,0,"10","EGFR-AS1"
"WT1",0,3.78749403211537,0.012,0.001,0,"10","WT1"
"AC008742.1",0,3.41193124257348,0.012,0.001,0,"10","AC008742.1"
"AC124276.2",0,6.0341041464311,0.01,0,0,"10","AC124276.2"
"AC079329.1",0,3.70881894517518,0.011,0.001,0,"10","AC079329.1"
"HOXA10",0,3.25210772745273,0.01,0.001,0,"10","HOXA10"
"IGFN1",7.43765608227424e-301,3.2397971252056,0.029,0.007,2.42735343901102e-296,"10","IGFN1"
"COLCA2",5.33045927002595e-300,3.19068890262528,0.01,0.001,1.73964868736567e-295,"10","COLCA2"
"TREH",1.52865723423721e-298,2.8737549070415,0.026,0.006,4.98892574965657e-294,"10","TREH"
"ROR1-AS1",2.49383127904805e-296,2.17493033970923,0.053,0.02,8.13886776230123e-292,"10","ROR1-AS1"
"AP002518.1",4.27495768870592e-296,2.97091941769951,0.011,0.001,1.39517519128606e-291,"10","AP002518.1"
"PLA2G5",5.92262967582842e-295,2.40078451318287,0.024,0.005,1.93290942100336e-290,"10","PLA2G5"
"MDFI",8.25996281239307e-294,2.17105701005096,0.025,0.006,2.6957214634526e-289,"10","MDFI"
"AC090617.5",1.68003739405853e-293,2.54229553901556,0.041,0.013,5.48297003924941e-289,"10","AC090617.5"
"NUMBL",3.52577538653451e-293,2.02289033240878,0.135,0.077,1.1506720551494e-288,"10","NUMBL"
"SCARA5",6.90761214782089e-293,2.36015232752727,0.025,0.006,2.25436830056282e-288,"10","SCARA5"
"AC011611.3",8.39420397320182e-291,3.15623897304628,0.013,0.002,2.73953240869415e-286,"10","AC011611.3"
"PRKG1-AS1",1.22470136691359e-289,2.31391664859133,0.033,0.009,3.9969353810592e-285,"10","PRKG1-AS1"
"LINC02580",3.28028898508107e-286,3.89597646900227,0.01,0.001,1.07055511317106e-281,"10","LINC02580"
"TULP2",1.52966644275326e-281,2.39329403909156,0.03,0.008,4.99221940256954e-277,"10","TULP2"
"AC027698.1",2.02204444179117e-280,2.48747011409108,0.057,0.022,6.59914424022966e-276,"10","AC027698.1"
"CYP4F12",3.09056027854081e-279,2.80523058418584,0.018,0.003,1.00863525250458e-274,"10","CYP4F12"
"ANKRD29",7.6993275769539e-279,2.00122233021842,0.084,0.04,2.51275254801468e-274,"10","ANKRD29"
"SHISA6",2.7281758953533e-277,2.0973617320089,0.147,0.089,8.90367485207504e-273,"10","SHISA6"
"AC079380.1",9.10775833897896e-277,2.16966376652562,0.031,0.009,2.97240801150917e-272,"10","AC079380.1"
"FZD7",3.59725511489573e-271,2.45004931921726,0.035,0.011,1.17400017929737e-266,"10","FZD7"
"MLPH",1.88205739880022e-269,2.53315838473222,0.028,0.007,6.14228252672439e-265,"10","MLPH"
"DACT1",1.04150872510344e-265,2.57328104313331,0.031,0.009,3.39906787524758e-261,"10","DACT1"
"ETHE1",2.23557068966317e-265,2.06674253317223,0.103,0.054,7.29600850278471e-261,"10","ETHE1"
"TMEM30B",6.12911235503847e-265,2.54580490790003,0.012,0.002,2.00029710819035e-260,"10","TMEM30B"
"AC010524.1",1.77465194149198e-262,2.04102934849196,0.027,0.007,5.79175407625323e-258,"10","AC010524.1"
"AC025470.2",6.62219649815451e-261,3.1691661443854,0.025,0.006,2.1612200491377e-256,"10","AC025470.2"
"EMILIN3",2.8097535209561e-258,2.71230966082964,0.021,0.005,9.16991159099232e-254,"10","EMILIN3"
"FREM1",7.62372170834321e-252,2.07931427705454,0.159,0.101,2.48807781673489e-247,"10","FREM1"
"AC087477.5",3.43786937020841e-250,3.12166329885785,0.011,0.001,1.12198304766122e-245,"10","AC087477.5"
"ALKAL2",3.94081796954703e-249,2.0910315152356,0.036,0.012,1.28612535254137e-244,"10","ALKAL2"
"FRRS1",5.93041370117585e-249,2.09244416721962,0.027,0.007,1.93544981551575e-244,"10","FRRS1"
"LRRC17",1.12279646344539e-248,2.28148653974226,0.075,0.035,3.66435853810039e-244,"10","LRRC17"
"KPNA7",4.0189769921004e-248,2.91118414877192,0.019,0.004,1.31163333114188e-243,"10","KPNA7"
"AL096772.1",1.78329377875024e-247,2.52804316974302,0.016,0.003,5.81995757632927e-243,"10","AL096772.1"
"AC011444.1",2.22441516779369e-246,2.16544494591151,0.04,0.014,7.2596013416115e-242,"10","AC011444.1"
"PCDH8",4.38578757286339e-246,2.56781931407095,0.024,0.006,1.43134563227969e-241,"10","PCDH8"
"AC011444.2",5.65499400568946e-241,2.25982386720228,0.035,0.012,1.84556384369681e-236,"10","AC011444.2"
"MSC",1.72779864077064e-239,2.32785863201411,0.019,0.004,5.63884364401907e-235,"10","MSC"
"LINC00944",3.27875423782372e-239,2.6083895404011,0.016,0.003,1.07005423305615e-234,"10","LINC00944"
"DMKN",1.38411347689661e-238,2.07346804678791,0.018,0.004,4.51719274319978e-234,"10","DMKN"
"AC011472.1",1.07839390403027e-237,2.11619155433953,0.027,0.008,3.51944634519319e-233,"10","AC011472.1"
"LINC02511",1.76802985766787e-237,3.32224090864912,0.024,0.006,5.77014224348487e-233,"10","LINC02511"
"CYS1",4.11475714906916e-236,2.78385959354372,0.025,0.007,1.34289214317021e-231,"10","CYS1"
"COL4A2-AS2",5.14705224657654e-235,2.2206993036737,0.02,0.004,1.67979197119272e-230,"10","COL4A2-AS2"
"FRMD6-AS2",1.96415775406935e-234,2.1889818759014,0.035,0.012,6.41022524618074e-230,"10","FRMD6-AS2"
"AC027237.3",9.17202620070939e-233,3.23715771689149,0.015,0.003,2.99338247086352e-228,"10","AC027237.3"
"SLC43A1",1.09143203544502e-228,2.11039397008895,0.026,0.008,3.56199759087836e-224,"10","SLC43A1"
"AC025259.3",1.84606025289274e-228,2.31159344542759,0.03,0.009,6.02480224134076e-224,"10","AC025259.3"
"PRICKLE2-AS3",2.41811317589147e-228,2.17009108696614,0.04,0.015,7.89175416083939e-224,"10","PRICKLE2-AS3"
"ZEB1-AS1",4.91429639988349e-227,2.04604197964089,0.137,0.086,1.60382977306597e-222,"10","ZEB1-AS1"
"CFB",6.55368561087276e-226,2.50877536165028,0.01,0.001,2.13886083596443e-221,"10","CFB"
"LINC01474",1.89866738934128e-223,2.21596638928616,0.013,0.002,6.1964908918542e-219,"10","LINC01474"
"TNFRSF11B",2.82382401462148e-222,2.98936156663678,0.015,0.003,9.21583205411866e-218,"10","TNFRSF11B"
"SHISA3",2.88012815472582e-221,2.3497954665129,0.017,0.004,9.39958624576319e-217,"10","SHISA3"
"AL449983.1",3.9746790016345e-220,3.86544178321783,0.011,0.002,1.29717623897344e-215,"10","AL449983.1"
"AC092440.1",2.74228213384567e-219,3.56456333723611,0.015,0.003,8.94971197201874e-215,"10","AC092440.1"
"CYP4X1",2.85114767951216e-217,2.66299184346446,0.038,0.014,9.3050055668559e-213,"10","CYP4X1"
"AC010136.1",1.35829709040366e-213,3.21672978581135,0.011,0.002,4.43293838424139e-209,"10","AC010136.1"
"LINC01684",1.40323267485522e-209,2.28729648382565,0.025,0.007,4.57959015765751e-205,"10","LINC01684"
"SFRP5",1.35228968339024e-206,2.15752459374765,0.019,0.005,4.4133326107124e-202,"10","SFRP5"
"APOL4",2.95689356509158e-205,2.08549210171667,0.041,0.016,9.65011783903287e-201,"10","APOL4"
"TBX18-AS1",1.01700979407806e-203,3.49058496047934,0.01,0.001,3.31911316395315e-199,"10","TBX18-AS1"
"CLDN16",1.13168243841476e-203,3.2112715987286,0.012,0.002,3.69335880601042e-199,"10","CLDN16"
"TPM1-AS",1.03257304324156e-197,3.74141902711582,0.01,0.002,3.36990538392315e-193,"10","TPM1-AS"
"TNFRSF8",1.81701246180213e-189,2.28686231432016,0.02,0.006,5.93000187033744e-185,"10","TNFRSF8"
"STON1-GTF2A1L",3.02789300225986e-189,2.08791813200295,0.034,0.012,9.88183160217529e-185,"10","STON1-GTF2A1L"
"PLAC4",2.94208605429143e-185,2.46544829190761,0.012,0.002,9.60179204678553e-181,"10","PLAC4"
"GAS1RR",1.80883176686141e-184,3.09799414025908,0.021,0.006,5.9033033543289e-180,"10","GAS1RR"
"NAA11",1.0798804964813e-182,2.58790097486245,0.031,0.011,3.52429798831637e-178,"10","NAA11"
"SNCAIP",2.91546552668146e-182,2.041380438846,0.087,0.049,9.51491329287762e-178,"10","SNCAIP"
"SLC14A2-AS1",2.92218540952706e-182,3.14148347865076,0.019,0.005,9.53684430253253e-178,"10","SLC14A2-AS1"
"AC012568.1",1.53644225814126e-179,2.24009287359043,0.016,0.004,5.01433295366983e-175,"10","AC012568.1"
"COL6A6",2.74360288722976e-179,2.59292626337318,0.063,0.032,8.95402238276304e-175,"10","COL6A6"
"TNFAIP8L3",7.82672226812749e-178,2.44974268026561,0.037,0.015,2.55432907942609e-173,"10","TNFAIP8L3"
"PROSER2",4.23161556184277e-175,2.10069832141236,0.035,0.013,1.38103005476301e-170,"10","PROSER2"
"ZNF98",4.55981378410856e-172,2.36752228707868,0.05,0.023,1.48814082658167e-167,"10","ZNF98"
"SLC17A7",3.8011103448156e-170,3.53880442674989,0.015,0.003,1.24053037213402e-165,"10","SLC17A7"
"LINC02384",1.22112355443077e-169,2.01019672055014,0.025,0.008,3.98525883224027e-165,"10","LINC02384"
"COL4A2-AS1",1.63760958451492e-168,2.37005764198138,0.013,0.003,5.34450264002289e-164,"10","COL4A2-AS1"
"UGDH",9.05852011444949e-168,2.11386294932318,0.122,0.078,2.95633862455174e-163,"10","UGDH"
"AC107072.1",9.5991607892204e-166,2.75533662185941,0.015,0.004,3.13278211516997e-161,"10","AC107072.1"
"AC015914.1",6.05233915322284e-164,2.21389207909975,0.018,0.005,1.97524140604581e-159,"10","AC015914.1"
"COL18A1-AS1",1.36303646250862e-160,2.72144830976475,0.013,0.003,4.44840579904312e-156,"10","COL18A1-AS1"
"AP003438.1",8.69557232383266e-160,2.72125298854706,0.011,0.002,2.83788698360603e-155,"10","AP003438.1"
"AL034417.2",1.54824397583885e-159,2.32981438052848,0.036,0.015,5.05284903954766e-155,"10","AL034417.2"
"AC091906.1",2.87294205154188e-159,2.79745419176249,0.017,0.005,9.37613367941209e-155,"10","AC091906.1"
"MKX",6.89927710298011e-158,2.62423696519791,0.014,0.003,2.25164807532859e-153,"10","MKX"
"AP001007.1",1.46972851262627e-156,2.54360057700053,0.012,0.003,4.79660597380709e-152,"10","AP001007.1"
"AP000550.1",1.72476124396376e-155,2.70488205084373,0.016,0.004,5.62893079580014e-151,"10","AP000550.1"
"AL034417.4",1.23931055168145e-153,2.58592067790767,0.019,0.006,4.04461391646757e-149,"10","AL034417.4"
"LINC01605",2.37645235251758e-153,2.68506260836305,0.023,0.008,7.75578989767638e-149,"10","LINC01605"
"MRVI1",6.41234295575171e-150,2.03964783873626,0.038,0.017,2.09273224703913e-145,"10","MRVI1"
"LINC01943",2.00001521603726e-149,2.03413288107559,0.019,0.006,6.52724965905921e-145,"10","LINC01943"
"AC002064.1",6.29176568492574e-149,3.0350349847553,0.01,0.002,2.05338064893236e-144,"10","AC002064.1"
"REM1",2.84890663563175e-148,2.03706515314482,0.014,0.004,9.29769169604778e-144,"10","REM1"
"GDF15",8.50119641567816e-145,2.02860362100764,0.027,0.01,2.77445046222072e-140,"10","GDF15"
"PTH1R",2.08580933030571e-140,2.35994392144118,0.043,0.02,6.80724733038572e-136,"10","PTH1R"
"NHS-AS1",3.58910639126049e-140,2.32836379155762,0.024,0.009,1.17134076185177e-135,"10","NHS-AS1"
"AL356289.1",2.60478155410485e-139,2.23434669298769,0.015,0.004,8.50096507997659e-135,"10","AL356289.1"
"AC078955.1",7.5678029544194e-139,2.29947502024498,0.013,0.003,2.46982817220432e-134,"10","AC078955.1"
"LINC01119",8.6865087457755e-138,2.55896961817289,0.017,0.005,2.83492899427129e-133,"10","LINC01119"
"RBPMS-AS1",1.54811047103698e-136,2.00107309335038,0.014,0.003,5.05241333327628e-132,"10","RBPMS-AS1"
"CHST7",1.93543679480438e-136,2.00583365424767,0.049,0.024,6.31649152352357e-132,"10","CHST7"
"BMP8A",3.20180707490093e-135,2.65149797916284,0.025,0.009,1.04494175696467e-130,"10","BMP8A"
"AL357992.1",4.15808330405359e-133,2.07547462816664,0.012,0.003,1.35703206711093e-128,"10","AL357992.1"
"COLGALT2",1.24523019489355e-130,2.27944406994256,0.044,0.021,4.06393326405459e-126,"10","COLGALT2"
"AC012636.1",1.61408476227607e-129,2.01978399380483,0.032,0.014,5.26772703016419e-125,"10","AC012636.1"
"ENC1",8.41097126913115e-129,2.09909845601646,0.056,0.03,2.74500458339364e-124,"10","ENC1"
"SEC16B",2.51234108516592e-126,2.02347136179653,0.029,0.012,8.19927636554751e-122,"10","SEC16B"
"C6",1.51291459984902e-125,2.19320248830537,0.039,0.018,4.93754808806726e-121,"10","C6"
"RSPO3",2.426578009809e-124,2.48309239994531,0.023,0.008,7.91937999281267e-120,"10","RSPO3"
"AC060234.1",1.39616173305267e-119,2.53891676855951,0.017,0.006,4.55651343199071e-115,"10","AC060234.1"
"AC099520.1",1.42835800186944e-119,2.29933845362946,0.07,0.041,4.66158917490111e-115,"10","AC099520.1"
"LNCSRLR",4.64996961827035e-119,2.53967784529489,0.011,0.003,1.51756408461871e-114,"10","LNCSRLR"
"AC114488.2",1.65678019792194e-118,2.27807015310711,0.013,0.004,5.40706785393806e-114,"10","AC114488.2"
"AC087521.1",2.03599106575277e-118,3.14159676758562,0.01,0.002,6.64466044219074e-114,"10","AC087521.1"
"WARS2-IT1",1.63204611476883e-114,2.69223774494733,0.017,0.006,5.32634570015955e-110,"10","WARS2-IT1"
"SYNDIG1",2.2029441448764e-114,2.07125599701353,0.106,0.073,7.18952851121861e-110,"10","SYNDIG1"
"TDO2",5.21558477509502e-114,2.79515573156318,0.013,0.004,1.70215824720001e-109,"10","TDO2"
"AL445465.1",1.49580395053938e-112,2.63279324042691,0.014,0.004,4.88170577298032e-108,"10","AL445465.1"
"NTF3",1.18512789507939e-110,2.43545692264585,0.016,0.005,3.8677833983811e-106,"10","NTF3"
"IGF2BP2-AS1",3.06145956263024e-109,2.0888624010275,0.022,0.009,9.99137942860004e-105,"10","IGF2BP2-AS1"
"AC011632.1",3.40593626638393e-109,2.76184677961293,0.037,0.018,1.11156135989706e-104,"10","AC011632.1"
"AC007422.2",1.01754193286576e-105,3.02229971941013,0.011,0.003,3.32084985210068e-101,"10","AC007422.2"
"CDH19",0,6.41708650674605,0.823,0.025,0,"11","CDH19"
"NRXN3",0,3.66592944609194,0.809,0.199,0,"11","NRXN3"
"STARD13",0,3.62663592540783,0.771,0.189,0,"11","STARD13"
"SLC35F1",0,4.7304168221002,0.687,0.114,0,"11","SLC35F1"
"PTPRZ1",0,6.08884389466136,0.554,0.013,0,"11","PTPRZ1"
"ARHGAP24",0,3.44404502856746,0.691,0.161,0,"11","ARHGAP24"
"XKR4",0,4.62840969535923,0.697,0.194,0,"11","XKR4"
"SEMA3C",0,4.35388257336494,0.588,0.087,0,"11","SEMA3C"
"NKAIN3",0,4.87489123697918,0.55,0.05,0,"11","NKAIN3"
"FIGN",0,4.17337451017374,0.605,0.111,0,"11","FIGN"
"IL1RAPL2",0,5.18448548638981,0.57,0.077,0,"11","IL1RAPL2"
"ZNF536",0,3.45458496951574,0.662,0.18,0,"11","ZNF536"
"NRXN1",0,3.67941905979842,0.956,0.486,0,"11","NRXN1"
"GULP1",0,3.44709955751398,0.574,0.124,0,"11","GULP1"
"SORCS1",0,2.2921118608119,0.77,0.323,0,"11","SORCS1"
"AL139383.1",0,4.69250266988798,0.511,0.069,0,"11","AL139383.1"
"COL5A21",0,3.32209742039598,0.517,0.08,0,"11","COL5A2"
"NTM",0,3.91612344971151,0.527,0.091,0,"11","NTM"
"KIRREL3",0,3.77872155516866,0.604,0.174,0,"11","KIRREL3"
"SPARC",0,2.28958960102038,0.553,0.133,0,"11","SPARC"
"ARHGAP15",0,2.12806219247553,0.561,0.142,0,"11","ARHGAP15"
"GPM6B",0,3.8603310567984,0.539,0.129,0,"11","GPM6B"
"ADGRB3",0,2.10373035986053,0.886,0.48,0,"11","ADGRB3"
"COL8A11",0,3.90021282468162,0.441,0.045,0,"11","COL8A1"
"ADAM23",0,4.1399646309498,0.544,0.149,0,"11","ADAM23"
"AC008056.1",0,4.96514266359385,0.442,0.047,0,"11","AC008056.1"
"EPB41L2",0,2.66062038254505,0.551,0.157,0,"11","EPB41L2"
"CADM2",0,2.76442100034781,0.658,0.27,0,"11","CADM2"
"QKI",0,2.28754297752425,0.732,0.346,0,"11","QKI"
"LINC01505",0,4.31397494130025,0.496,0.11,0,"11","LINC01505"
"GINS3",0,5.9238129072772,0.411,0.029,0,"11","GINS3"
"COL18A1",0,2.94400750686759,0.528,0.147,0,"11","COL18A1"
"ARHGEF26",0,4.28267591830826,0.427,0.047,0,"11","ARHGEF26"
"KIAA1217",0,2.55086701930278,0.513,0.141,0,"11","KIAA1217"
"IL1RAPL1",0,3.09924038065388,0.536,0.167,0,"11","IL1RAPL1"
"ITGA1",0,2.78661986702581,0.587,0.221,0,"11","ITGA1"
"GALNT17",0,3.89597187524294,0.456,0.091,0,"11","GALNT17"
"KCNMB4",0,4.21785837845009,0.465,0.101,0,"11","KCNMB4"
"PTPRJ",0,2.87838026413954,0.517,0.154,0,"11","PTPRJ"
"SORBS1",0,2.25397755770158,0.628,0.278,0,"11","SORBS1"
"ITGB8",0,4.07511933544208,0.547,0.198,0,"11","ITGB8"
"SHISA9",0,3.05248754999555,0.506,0.158,0,"11","SHISA9"
"CHL1",0,3.42290545634688,0.496,0.151,0,"11","CHL1"
"RELN",0,4.11551400023564,0.411,0.066,0,"11","RELN"
"IL1RAP",0,4.38575781905752,0.369,0.037,0,"11","IL1RAP"
"USP531",0,3.16223135050788,0.455,0.128,0,"11","USP53"
"PLAT",0,2.82926541628416,0.421,0.094,0,"11","PLAT"
"COL28A1",0,4.88611124750907,0.365,0.04,0,"11","COL28A1"
"LGI4",0,5.2646500249062,0.34,0.017,0,"11","LGI4"
"EHBP1",0,2.62561020675228,0.774,0.452,0,"11","EHBP1"
"CLIC4",0,2.74876142327806,0.521,0.202,0,"11","CLIC4"
"ABCA81",0,2.60492164537114,0.367,0.048,0,"11","ABCA8"
"GAS7",0,2.70328521465267,0.399,0.083,0,"11","GAS7"
"NAALADL21",0,2.3819147046656,0.555,0.24,0,"11","NAALADL2"
"FRMD5",0,2.4573276020667,0.685,0.37,0,"11","FRMD5"
"FAM126A",0,3.45951079436675,0.39,0.075,0,"11","FAM126A"
"ADGRG6",0,4.75297641833066,0.337,0.023,0,"11","ADGRG6"
"ZEB2",0,2.04758323502252,0.642,0.334,0,"11","ZEB2"
"GLIS31",0,2.86004759522561,0.413,0.109,0,"11","GLIS3"
"NLGN4X",0,2.88360655730726,0.569,0.267,0,"11","NLGN4X"
"GAB1",0,2.65241120120162,0.488,0.187,0,"11","GAB1"
"HMCN1",0,4.31256162568634,0.341,0.041,0,"11","HMCN1"
"MPZ",0,5.08730958174113,0.32,0.023,0,"11","MPZ"
"INSC",0,6.28708567025513,0.304,0.007,0,"11","INSC"
"ASAP2",0,2.53272993282,0.537,0.243,0,"11","ASAP2"
"ALDH1A1",0,4.31645896358768,0.329,0.04,0,"11","ALDH1A1"
"SAMD5",0,4.49194810311544,0.316,0.027,0,"11","SAMD5"
"PLP1",0,5.05174285146221,0.3,0.013,0,"11","PLP1"
"PLCE1",0,3.00954647789004,0.389,0.104,0,"11","PLCE1"
"PRIMA1",0,5.44544999674789,0.304,0.019,0,"11","PRIMA1"
"NR2F2-AS11",0,2.07416115581696,0.369,0.086,0,"11","NR2F2-AS1"
"ANXA1",0,2.6742321788956,0.389,0.107,0,"11","ANXA1"
"SEMA3B",0,4.46411400664383,0.305,0.023,0,"11","SEMA3B"
"SCN7A",0,2.86441402388036,0.555,0.274,0,"11","SCN7A"
"TANC1",0,2.08004990286398,0.499,0.219,0,"11","TANC1"
"CHST9",0,5.30172753788576,0.306,0.026,0,"11","CHST9"
"LPAR1",0,2.38973789378325,0.515,0.241,0,"11","LPAR1"
"DOCK5",0,2.44620254652686,0.402,0.129,0,"11","DOCK5"
"ARHGAP421",0,2.70851791485993,0.355,0.082,0,"11","ARHGAP42"
"AP1S2",0,3.02663884392176,0.449,0.177,0,"11","AP1S2"
"AQP4-AS1",0,4.34089080173483,0.325,0.054,0,"11","AQP4-AS1"
"GLI31",0,3.75725268050935,0.306,0.036,0,"11","GLI3"
"SPATA6",0,2.59346117585518,0.494,0.225,0,"11","SPATA6"
"SIPA1L2",0,2.62527747149695,0.454,0.185,0,"11","SIPA1L2"
"CTNNAL1",0,2.93446747316615,0.476,0.207,0,"11","CTNNAL1"
"MYO1E",0,2.10451760837411,0.384,0.116,0,"11","MYO1E"
"CYP7B11",0,3.11683234092219,0.319,0.06,0,"11","CYP7B1"
"SAMHD1",0,2.3877499829524,0.41,0.153,0,"11","SAMHD1"
"SH3RF3",0,2.25686254120499,0.363,0.108,0,"11","SH3RF3"
"SHC4",0,4.83326360235733,0.284,0.029,0,"11","SHC4"
"MAP4",0,2.2165950118747,0.655,0.401,0,"11","MAP4"
"TSPAN11",0,3.35036463305459,0.35,0.097,0,"11","TSPAN11"
"BMS1P14",0,3.64614831348738,0.325,0.072,0,"11","BMS1P14"
"GRIK3",0,4.46375725753235,0.285,0.033,0,"11","GRIK3"
"RASGEF1C",0,5.0302799199568,0.273,0.024,0,"11","RASGEF1C"
"COBL",0,3.73505058155418,0.313,0.064,0,"11","COBL"
"COL12A11",0,2.67855875854799,0.286,0.041,0,"11","COL12A1"
"FAM129A",0,2.803926775016,0.305,0.064,0,"11","FAM129A"
"NFATC21",0,3.45191962164987,0.325,0.086,0,"11","NFATC2"
"MATN2",0,2.57637375575885,0.376,0.138,0,"11","MATN2"
"PLA2G4A",0,4.2881262783698,0.26,0.023,0,"11","PLA2G4A"
"PAPPA",0,2.44998171305761,0.432,0.196,0,"11","PAPPA"
"SPATA22",0,5.10693877163588,0.253,0.017,0,"11","SPATA22"
"ANKRD10",0,2.13939716107631,0.628,0.395,0,"11","ANKRD10"
"PMEPA1",0,2.75384738159835,0.415,0.183,0,"11","PMEPA1"
"ERBIN",0,2.17968651851392,0.539,0.309,0,"11","ERBIN"
"CAB39L",0,3.51676974734195,0.323,0.094,0,"11","CAB39L"
"AC012409.21",0,2.2145128690914,0.289,0.061,0,"11","AC012409.2"
"KHDRBS3",0,2.31503356128343,0.468,0.241,0,"11","KHDRBS3"
"KCNS3",0,4.68097118519061,0.268,0.041,0,"11","KCNS3"
"ZNF804B",0,5.01196353759174,0.258,0.031,0,"11","ZNF804B"
"FRMD6",0,3.27982024037766,0.294,0.067,0,"11","FRMD6"
"KLHL29",0,2.0335376866705,0.497,0.271,0,"11","KLHL29"
"U91319.1",0,3.24570963805725,0.305,0.081,0,"11","U91319.1"
"COL5A11",0,2.74552351000449,0.269,0.047,0,"11","COL5A1"
"FSTL3",0,3.72158908850433,0.275,0.053,0,"11","FSTL3"
"GPR155",0,2.38276942084779,0.441,0.22,0,"11","GPR155"
"OLFML2A",0,4.14025786261032,0.241,0.02,0,"11","OLFML2A"
"LINC01748",0,5.18901201002863,0.237,0.016,0,"11","LINC01748"
"PTPN131",0,2.81792336110891,0.305,0.085,0,"11","PTPN13"
"CYP27C1",0,5.64470590692749,0.23,0.011,0,"11","CYP27C1"
"RASSF4",0,3.17030729761541,0.284,0.067,0,"11","RASSF4"
"AL033504.1",0,4.51678070839683,0.231,0.02,0,"11","AL033504.1"
"CNN3",0,2.28877285111188,0.373,0.163,0,"11","CNN3"
"PPP2R2B",0,2.61301825691986,0.55,0.341,0,"11","PPP2R2B"
"BACH1",0,2.06814772651483,0.476,0.269,0,"11","BACH1"
"HSPA12A",0,2.83005254104003,0.349,0.143,0,"11","HSPA12A"
"ASPA",0,5.09100926841796,0.217,0.011,0,"11","ASPA"
"DISC1",0,2.10221969015401,0.364,0.162,0,"11","DISC1"
"CREB3L21",0,2.05383695204127,0.361,0.161,0,"11","CREB3L2"
"GRAMD2B",0,2.97304011510002,0.249,0.05,0,"11","GRAMD2B"
"SAMD12",0,2.56397925945086,0.289,0.09,0,"11","SAMD12"
"TMEM71",0,4.11299689579863,0.217,0.019,0,"11","TMEM71"
"SNTB1",0,2.29877912906329,0.269,0.072,0,"11","SNTB1"
"PRKD1",0,2.33886736178227,0.268,0.071,0,"11","PRKD1"
"JAG1",0,2.55161305150726,0.292,0.096,0,"11","JAG1"
"SAMD4A1",0,2.06489257794907,0.488,0.294,0,"11","SAMD4A"
"CRYAB",0,4.09597389474859,0.217,0.025,0,"11","CRYAB"
"PLSCR41",0,2.06278202159378,0.257,0.066,0,"11","PLSCR4"
"ROR11",0,2.17947957464427,0.291,0.102,0,"11","ROR1"
"KIRREL11",0,2.86184158672785,0.231,0.042,0,"11","KIRREL1"
"STOX2",0,2.07430738477525,0.482,0.294,0,"11","STOX2"
"SNCA",0,2.52732889563181,0.378,0.191,0,"11","SNCA"
"MARCH1",0,2.19465984064727,0.324,0.137,0,"11","MARCH1"
"ERBB3",0,5.51275269918481,0.196,0.009,0,"11","ERBB3"
"EDNRB",0,3.31030163911163,0.219,0.033,0,"11","EDNRB"
"NR6A1",0,2.5166452522663,0.298,0.113,0,"11","NR6A1"
"CTGF1",0,2.20025354579725,0.244,0.06,0,"11","CTGF"
"MICALL2",0,3.42600006760387,0.224,0.041,0,"11","MICALL2"
"ITIH5",0,3.93116271154669,0.198,0.02,0,"11","ITIH5"
"COL14A11",0,2.95990186816571,0.229,0.051,0,"11","COL14A1"
"P3H2",0,2.37887378634672,0.246,0.068,0,"11","P3H2"
"IGSF11",0,3.41873800969307,0.231,0.054,0,"11","IGSF11"
"ITGB4",0,3.68432228455585,0.201,0.026,0,"11","ITGB4"
"MOXD1",0,4.17073388916457,0.196,0.022,0,"11","MOXD1"
"PROS1",0,2.38517510472707,0.31,0.138,0,"11","PROS1"
"S100B",0,3.69018153845678,0.201,0.03,0,"11","S100B"
"SOX10",0,4.80226749779278,0.184,0.014,0,"11","SOX10"
"POLR2F",0,2.73749462283114,0.346,0.177,0,"11","POLR2F"
"CDC14B",0,2.30528158526271,0.27,0.104,0,"11","CDC14B"
"TMEM132B",0,3.79845071514334,0.204,0.038,0,"11","TMEM132B"
"CNKSR3",0,2.04589462560209,0.322,0.157,0,"11","CNKSR3"
"LINC00511",0,3.1910132207016,0.236,0.071,0,"11","LINC00511"
"WLS",0,2.75544444924322,0.217,0.053,0,"11","WLS"
"FGF2",0,2.92120444664292,0.227,0.063,0,"11","FGF2"
"GNG12-AS1",0,2.57365741640978,0.235,0.071,0,"11","GNG12-AS1"
"ATP1A2",0,5.02050540555218,0.171,0.008,0,"11","ATP1A2"
"AFAP1L2",0,3.49961925312243,0.191,0.028,0,"11","AFAP1L2"
"ADAMTSL1",0,2.39404753586116,0.247,0.084,0,"11","ADAMTSL1"
"DAAM21",0,2.63074733746596,0.199,0.037,0,"11","DAAM2"
"AC099792.1",0,5.22938407763084,0.168,0.01,0,"11","AC099792.1"
"FBLN51",0,2.69104080882299,0.192,0.034,0,"11","FBLN5"
"ARAP2",0,2.14809787494708,0.216,0.059,0,"11","ARAP2"
"EMP2",0,2.60787983369272,0.22,0.063,0,"11","EMP2"
"CTDSPL",0,2.21818532073612,0.341,0.185,0,"11","CTDSPL"
"DAG1",0,2.82074441889095,0.247,0.091,0,"11","DAG1"
"MEGF9",0,2.29485583390903,0.321,0.166,0,"11","MEGF9"
"PLEKHA41",0,3.3848878618824,0.185,0.03,0,"11","PLEKHA4"
"UBASH3B",0,2.42264134478524,0.274,0.12,0,"11","UBASH3B"
"TRABD2B",0,3.56374039607172,0.187,0.033,0,"11","TRABD2B"
"SH3RF1",0,2.10408212364706,0.309,0.156,0,"11","SH3RF1"
"ENDOD1",0,2.99815963776272,0.214,0.061,0,"11","ENDOD1"
"MB21D2",0,2.53842241331203,0.236,0.083,0,"11","MB21D2"
"CDH6",0,2.02403462964027,0.284,0.131,0,"11","CDH6"
"HES1",0,2.42718257106429,0.198,0.046,0,"11","HES1"
"NGFR",0,3.06035423025258,0.19,0.039,0,"11","NGFR"
"PALM2-AKAP2",0,2.88171148586649,0.205,0.055,0,"11","PALM2-AKAP2"
"LPL",0,2.66395359532106,0.178,0.029,0,"11","LPL"
"PDE1C",0,2.24514018410701,0.251,0.104,0,"11","PDE1C"
"ZC3H12C",0,2.48841759617331,0.257,0.111,0,"11","ZC3H12C"
"OTUD7B",0,2.37432345861688,0.291,0.145,0,"11","OTUD7B"
"PRDM16",0,3.76531327719094,0.159,0.014,0,"11","PRDM16"
"RGS16",0,3.14816518320618,0.193,0.049,0,"11","RGS16"
"ARHGEF6",0,2.47476363594736,0.201,0.057,0,"11","ARHGEF6"
"GAS2L3",0,3.18073334333469,0.186,0.042,0,"11","GAS2L3"
"RFTN2",0,2.93248997523017,0.186,0.045,0,"11","RFTN2"
"MFGE8",0,2.57482438034122,0.186,0.046,0,"11","MFGE8"
"SYT10",0,6.41184540342783,0.142,0.004,0,"11","SYT10"
"ITGA2",0,2.55333801785809,0.176,0.039,0,"11","ITGA2"
"IKZF2",0,2.20863218720068,0.234,0.1,0,"11","IKZF2"
"KANK1",0,2.33147490872292,0.179,0.045,0,"11","KANK1"
"FP325318.1",0,3.62278461849643,0.171,0.037,0,"11","FP325318.1"
"F31",0,2.2442823875442,0.168,0.036,0,"11","F3"
"VGLL31",0,3.05585344230224,0.146,0.017,0,"11","VGLL3"
"TP63",0,4.06081828260069,0.146,0.017,0,"11","TP63"
"LINC01090",0,3.05895850704675,0.174,0.046,0,"11","LINC01090"
"RCAN1",0,2.60662780958839,0.224,0.097,0,"11","RCAN1"
"AC092652.2",0,3.29117220836649,0.147,0.02,0,"11","AC092652.2"
"AL662796.1",0,3.2916577175228,0.154,0.028,0,"11","AL662796.1"
"ACSBG1",0,4.72337887613056,0.136,0.012,0,"11","ACSBG1"
"GFRA11",0,2.93939416711621,0.158,0.034,0,"11","GFRA1"
"NUDT4",0,2.03974406844299,0.253,0.129,0,"11","NUDT4"
"AC008056.2",0,4.98335225898998,0.135,0.013,0,"11","AC008056.2"
"TGFB2",0,3.40081698392663,0.153,0.032,0,"11","TGFB2"
"RNF1801",0,2.33459200315587,0.183,0.062,0,"11","RNF180"
"NEK6",0,2.69164764580408,0.161,0.04,0,"11","NEK6"
"AL845331.2",0,5.21430287753828,0.127,0.006,0,"11","AL845331.2"
"MAL",0,4.08438055061952,0.129,0.009,0,"11","MAL"
"RERG1",0,2.0835576660818,0.188,0.068,0,"11","RERG"
"PRNP",0,2.08134724935557,0.25,0.131,0,"11","PRNP"
"AC017002.5",0,2.30676989362899,0.206,0.087,0,"11","AC017002.5"
"ST6GALNAC2",0,3.92130050167041,0.138,0.02,0,"11","ST6GALNAC2"
"MXRA8",0,3.04454805051206,0.148,0.03,0,"11","MXRA8"
"TMEM67",0,2.69243119569326,0.217,0.1,0,"11","TMEM67"
"COL16A11",0,2.91441037910757,0.154,0.038,0,"11","COL16A1"
"TRAF1",0,3.20446865571059,0.142,0.026,0,"11","TRAF1"
"AP002991.1",0,3.989598754826,0.14,0.025,0,"11","AP002991.1"
"ATP10B",0,3.93022234288863,0.135,0.022,0,"11","ATP10B"
"MIR181A2HG",0,2.57123214615151,0.181,0.069,0,"11","MIR181A2HG"
"PKNOX21",0,2.63945871660379,0.15,0.038,0,"11","PKNOX2"
"CECR2",0,2.51196700512505,0.172,0.06,0,"11","CECR2"
"MX2",0,2.03337959498061,0.186,0.075,0,"11","MX2"
"NOX4",0,2.57383739114366,0.149,0.04,0,"11","NOX4"
"FOXD3",0,5.55596454021574,0.112,0.004,0,"11","FOXD3"
"ADAMTS8",0,4.50544409839231,0.12,0.012,0,"11","ADAMTS8"
"AC025180.1",0,2.90672852041515,0.146,0.038,0,"11","AC025180.1"
"AC022679.2",0,4.37439226297387,0.122,0.016,0,"11","AC022679.2"
"FHDC1",0,3.80718680498529,0.127,0.022,0,"11","FHDC1"
"TFAP2A",0,6.04653844027765,0.108,0.003,0,"11","TFAP2A"
"COL27A11",0,3.00634823032347,0.125,0.02,0,"11","COL27A1"
"KIAA17551",0,3.35410022321478,0.121,0.016,0,"11","KIAA1755"
"VWA1",0,2.35969945388087,0.135,0.031,0,"11","VWA1"
"MEF2C-AS1",0,2.02231676138972,0.169,0.065,0,"11","MEF2C-AS1"
"RUNX2",0,2.10233127269599,0.206,0.102,0,"11","RUNX2"
"NFIX1",0,2.68592633609689,0.135,0.032,0,"11","NFIX"
"STK32A",0,2.90044647863118,0.175,0.072,0,"11","STK32A"
"MEGF6",0,3.67797965737998,0.115,0.013,0,"11","MEGF6"
"ITPR3",0,2.9096801364695,0.131,0.029,0,"11","ITPR3"
"GLIDR",0,2.91292612315081,0.157,0.056,0,"11","GLIDR"
"NOV",0,2.60530592925122,0.121,0.02,0,"11","NOV"
"DLEU7",0,2.23725477046671,0.177,0.076,0,"11","DLEU7"
"STEAP1B",0,2.12139362074025,0.19,0.09,0,"11","STEAP1B"
"LINC00598",0,2.82312381679596,0.129,0.029,0,"11","LINC00598"
"PMP2",0,5.05267546246221,0.105,0.005,0,"11","PMP2"
"AC044781.1",0,2.43946862732996,0.178,0.078,0,"11","AC044781.1"
"GRB14",0,3.45185227949246,0.122,0.023,0,"11","GRB14"
"LONRF1",0,2.01478703259057,0.222,0.123,0,"11","LONRF1"
"AC007364.1",0,3.13848915018902,0.135,0.037,0,"11","AC007364.1"
"LGI1",0,4.24785195996597,0.116,0.018,0,"11","LGI1"
"MEGF10",0,5.00244666887505,0.105,0.007,0,"11","MEGF10"
"PDGFA",0,3.17406561322832,0.118,0.02,0,"11","PDGFA"
"COL5A31",0,2.81822316039663,0.115,0.018,0,"11","COL5A3"
"SYNPR",0,3.2441146134908,0.161,0.067,0,"11","SYNPR"
"FAM196A",0,2.07284857928395,0.136,0.042,0,"11","FAM196A"
"BIRC3",0,2.13599094280877,0.129,0.036,0,"11","BIRC3"
"ZCCHC241",0,2.75696509798079,0.117,0.024,0,"11","ZCCHC24"
"MYOT",0,2.9300782242541,0.139,0.047,0,"11","MYOT"
"SOX13",0,2.9552164997464,0.111,0.019,0,"11","SOX13"
"AC093535.1",0,3.24072063973678,0.11,0.018,0,"11","AC093535.1"
"RDH10",0,3.18506854877745,0.114,0.023,0,"11","RDH10"
"FST",0,4.04598733256364,0.099,0.009,0,"11","FST"
"NTN4",0,2.48142667205167,0.131,0.041,0,"11","NTN4"
"LINC01268",0,4.88207013404759,0.096,0.006,0,"11","LINC01268"
"AC092567.1",0,2.32993846124161,0.183,0.094,0,"11","AC092567.1"
"PKN2-AS1",0,3.11849061321134,0.138,0.051,0,"11","PKN2-AS1"
"AASS1",0,2.1240487626939,0.124,0.037,0,"11","AASS"
"TULP3",0,2.01035886078765,0.205,0.118,0,"11","TULP3"
"TTYH1",0,3.45850934846709,0.104,0.017,0,"11","TTYH1"
"AP001783.1",0,3.5594532517492,0.112,0.026,0,"11","AP001783.1"
"AC106791.1",0,2.57579623376099,0.153,0.067,0,"11","AC106791.1"
"RDH10-AS1",0,3.29158641435048,0.106,0.02,0,"11","RDH10-AS1"
"TMEM72-AS1",0,2.81975685433409,0.121,0.036,0,"11","TMEM72-AS1"
"NDRG2",0,2.35228961795885,0.142,0.057,0,"11","NDRG2"
"PLCH1",0,2.30100929116519,0.134,0.05,0,"11","PLCH1"
"ANKRD50",0,2.11034626674468,0.189,0.105,0,"11","ANKRD50"
"FOXD3-AS1",0,5.23311908535647,0.088,0.004,0,"11","FOXD3-AS1"
"SLC15A3",0,2.58013179746886,0.111,0.028,0,"11","SLC15A3"
"AC079793.1",0,3.47441493688303,0.095,0.012,0,"11","AC079793.1"
"CYBRD11",0,2.0132952375462,0.125,0.042,0,"11","CYBRD1"
"SLITRK2",0,4.44975869315866,0.09,0.008,0,"11","SLITRK2"
"FRMPD4",0,3.96666120625084,0.104,0.022,0,"11","FRMPD4"
"TSPAN15",0,2.80511955939825,0.112,0.031,0,"11","TSPAN15"
"AL024474.2",0,2.9127736067021,0.096,0.016,0,"11","AL024474.2"
"WDR86",0,2.19120152368065,0.176,0.096,0,"11","WDR86"
"AC023590.1",0,2.04383172533174,0.132,0.053,0,"11","AC023590.1"
"AL137024.1",0,2.77829721622196,0.13,0.051,0,"11","AL137024.1"
"LRRC1",0,2.13791306367367,0.142,0.063,0,"11","LRRC1"
"AC010997.3",0,3.26292429793028,0.1,0.023,0,"11","AC010997.3"
"CSF1",0,2.43881643318331,0.101,0.025,0,"11","CSF1"
"GFRA3",0,2.01937771378478,0.17,0.094,0,"11","GFRA3"
"CHST3",0,2.90351148207656,0.097,0.021,0,"11","CHST3"
"FADS3",0,2.02538742198083,0.178,0.103,0,"11","FADS3"
"HS3ST3A1",0,3.61942525302937,0.089,0.014,0,"11","HS3ST3A1"
"IL341",0,2.69074373396637,0.099,0.025,0,"11","IL34"
"SLC5A9",0,2.95168892202962,0.099,0.026,0,"11","SLC5A9"
"FLG-AS11",0,2.33045384883052,0.114,0.041,0,"11","FLG-AS1"
"AC002074.11",0,3.70849952995968,0.082,0.009,0,"11","AC002074.1"
"AL513164.1",0,3.81620320551219,0.083,0.01,0,"11","AL513164.1"
"LINC00327",0,4.82013833286641,0.08,0.008,0,"11","LINC00327"
"MUSK",0,2.1020322434421,0.166,0.094,0,"11","MUSK"
"ARHGAP39",0,2.39570395596499,0.146,0.074,0,"11","ARHGAP39"
"LINC01198",0,5.43651629968569,0.076,0.004,0,"11","LINC01198"
"RASEF",0,4.58032877926444,0.08,0.009,0,"11","RASEF"
"AC138123.1",0,2.59792013782861,0.108,0.037,0,"11","AC138123.1"
"CMYA5",0,2.88707792156444,0.098,0.027,0,"11","CMYA5"
"NIM1K",0,3.1021862717647,0.106,0.036,0,"11","NIM1K"
"CA13",0,3.05926091114761,0.094,0.024,0,"11","CA13"
"KANK21",0,2.0253802457774,0.106,0.036,0,"11","KANK2"
"PDGFB",0,2.50816443677176,0.101,0.031,0,"11","PDGFB"
"CA1",0,3.1914872215421,0.087,0.017,0,"11","CA1"
"HEPH1",0,3.18616077072213,0.082,0.013,0,"11","HEPH"
"MIR3142HG",0,3.88536327585378,0.076,0.007,0,"11","MIR3142HG"
"AL445472.1",0,2.17766100002615,0.112,0.044,0,"11","AL445472.1"
"TNFRSF12A",0,2.68083994938179,0.095,0.027,0,"11","TNFRSF12A"
"AC110285.1",0,4.61376739997476,0.076,0.008,0,"11","AC110285.1"
"AC096558.2",0,3.70252069306569,0.076,0.008,0,"11","AC096558.2"
"CDK18",0,2.76380384062829,0.105,0.038,0,"11","CDK18"
"COL20A1",0,5.52127262214276,0.07,0.003,0,"11","COL20A1"
"C1orf198",0,2.59826530024551,0.109,0.044,0,"11","C1orf198"
"AC005064.1",0,3.69352619707801,0.085,0.02,0,"11","AC005064.1"
"AC004889.1",0,2.96226224659578,0.083,0.018,0,"11","AC004889.1"
"RHBDF1",0,3.2611194396294,0.078,0.013,0,"11","RHBDF1"
"AC124947.1",0,3.33487510226986,0.081,0.016,0,"11","AC124947.1"
"GRIN2B",0,3.33637798449923,0.08,0.015,0,"11","GRIN2B"
"RXRG",0,4.65046532523873,0.072,0.007,0,"11","RXRG"
"COL9A3",0,4.44771840476398,0.072,0.007,0,"11","COL9A3"
"STK32A-AS1",0,3.59032215155367,0.083,0.019,0,"11","STK32A-AS1"
"AL157392.2",0,2.41653093907721,0.112,0.048,0,"11","AL157392.2"
"CCDC9B",0,4.09835195808039,0.071,0.008,0,"11","CCDC9B"
"POLR3G",0,3.02779003526612,0.091,0.029,0,"11","POLR3G"
"GPR176",0,2.02192028627846,0.163,0.101,0,"11","GPR176"
"S1PR31",0,2.55632829502838,0.08,0.019,0,"11","S1PR3"
"HMGA2",0,3.80391779761167,0.071,0.01,0,"11","HMGA2"
"MAMDC2-AS1",0,2.46704287757716,0.104,0.044,0,"11","MAMDC2-AS1"
"GRM5",0,2.74178622266774,0.094,0.034,0,"11","GRM5"
"MYO16",0,2.39856730384793,0.118,0.058,0,"11","MYO16"
"AC113386.1",0,2.19958044923788,0.114,0.055,0,"11","AC113386.1"
"CA3",0,3.44372818995382,0.074,0.015,0,"11","CA3"
"FXYD1",0,3.20399500049132,0.076,0.017,0,"11","FXYD1"
"C6orf10",0,3.43548000276379,0.074,0.015,0,"11","C6orf10"
"NGF1",0,2.45647642311516,0.082,0.024,0,"11","NGF"
"SBSPON1",0,2.98885674078524,0.075,0.017,0,"11","SBSPON"
"TMEM47",0,2.41390156283052,0.081,0.024,0,"11","TMEM47"
"PYGL",0,2.03510261553552,0.09,0.033,0,"11","PYGL"
"AC074386.1",0,2.81268702530963,0.078,0.021,0,"11","AC074386.1"
"TNFAIP61",0,3.13146047193526,0.067,0.011,0,"11","TNFAIP6"
"OR3A2",0,3.06713615586567,0.085,0.029,0,"11","OR3A2"
"GPR17",0,5.06016230619898,0.058,0.002,0,"11","GPR17"
"AC104596.1",0,2.23386920037633,0.122,0.066,0,"11","AC104596.1"
"HUNK",0,2.01778430222963,0.159,0.104,0,"11","HUNK"
"SLC44A3",0,2.75201743471439,0.092,0.037,0,"11","SLC44A3"
"SPEF2",0,2.13015165295068,0.094,0.039,0,"11","SPEF2"
"SMC5-AS1",0,2.04371032503007,0.119,0.064,0,"11","SMC5-AS1"
"AC093110.1",0,2.0494053818218,0.129,0.075,0,"11","AC093110.1"
"RTKN",0,2.85390839622808,0.081,0.027,0,"11","RTKN"
"PTX3",0,3.51398139654642,0.064,0.01,0,"11","PTX3"
"BCHE",0,3.60419140156704,0.065,0.012,0,"11","BCHE"
"NRN1",0,2.46069995233813,0.081,0.028,0,"11","NRN1"
"CHL1-AS1",0,4.18239569696354,0.066,0.013,0,"11","CHL1-AS1"
"CDC42EP5",0,2.40163921832086,0.076,0.023,0,"11","CDC42EP5"
"GDNF-AS1",0,4.33777626001303,0.06,0.007,0,"11","GDNF-AS1"
"LRAT",0,4.34671567862143,0.058,0.006,0,"11","LRAT"
"AL133415.11",0,2.7837709117204,0.065,0.013,0,"11","AL133415.1"
"ERBB2",0,2.36997864163104,0.081,0.029,0,"11","ERBB2"
"PRRG4",0,3.8905611067566,0.06,0.008,0,"11","PRRG4"
"HEPN1",0,4.82274334691768,0.054,0.003,0,"11","HEPN1"
"ACP6",0,2.54335381817888,0.076,0.026,0,"11","ACP6"
"AQP7",0,2.32679235142599,0.058,0.008,0,"11","AQP7"
"ZNF503-AS1",0,3.10802712741953,0.069,0.019,0,"11","ZNF503-AS1"
"AC124254.1",0,2.64859112402733,0.089,0.039,0,"11","AC124254.1"
"AC096564.1",0,2.53562012911627,0.074,0.025,0,"11","AC096564.1"
"GPC4",0,3.2837225894706,0.059,0.01,0,"11","GPC4"
"AC026894.11",0,2.0638813468854,0.084,0.036,0,"11","AC026894.1"
"GABRA2",0,2.59417510680349,0.079,0.031,0,"11","GABRA2"
"LINC02240",0,2.03992223096892,0.128,0.08,0,"11","LINC02240"
"AC090204.1",0,3.82533660669948,0.061,0.013,0,"11","AC090204.1"
"SOX2",0,4.93510880716113,0.051,0.003,0,"11","SOX2"
"CELF2-AS21",0,2.54425695555748,0.069,0.022,0,"11","CELF2-AS2"
"LINC00461",0,4.28790299563089,0.051,0.004,0,"11","LINC00461"
"AL133346.11",0,2.44526889962008,0.068,0.021,0,"11","AL133346.1"
"CTXND1",0,4.11237982710936,0.052,0.005,0,"11","CTXND1"
"RASL12",0,3.15729950800767,0.054,0.008,0,"11","RASL12"
"CDH1",0,3.5093685154138,0.056,0.01,0,"11","CDH1"
"NKAIN4",0,3.77194205359146,0.055,0.009,0,"11","NKAIN4"
"OLMALINC",0,2.27478153223707,0.093,0.048,0,"11","OLMALINC"
"KCND3",0,2.40708246497055,0.074,0.029,0,"11","KCND3"
"AC016766.1",0,3.57103114693525,0.066,0.021,0,"11","AC016766.1"
"EFS",0,3.01252829913352,0.057,0.013,0,"11","EFS"
"C10orf90",0,4.81282316762878,0.049,0.005,0,"11","C10orf90"
"PLEKHH1",0,2.45160176485053,0.078,0.034,0,"11","PLEKHH1"
"GLDN",0,3.23790002568736,0.056,0.013,0,"11","GLDN"
"MFSD2A",0,2.94246178117139,0.06,0.017,0,"11","MFSD2A"
"MARCH10",0,3.39865829859087,0.061,0.018,0,"11","MARCH10"
"PAPLN1",0,2.14630821813762,0.063,0.02,0,"11","PAPLN"
"ILDR2",0,4.07392884256845,0.052,0.009,0,"11","ILDR2"
"OLFML31",0,2.33852445634549,0.064,0.022,0,"11","OLFML3"
"FAM206A",0,2.22170092452291,0.096,0.054,0,"11","FAM206A"
"KIRREL3-AS1",0,3.31872643748189,0.056,0.014,0,"11","KIRREL3-AS1"
"AF123462.1",0,4.11935912501187,0.048,0.006,0,"11","AF123462.1"
"SPHK11",0,2.17878792276803,0.062,0.02,0,"11","SPHK1"
"AL136164.2",0,2.64934865362745,0.062,0.02,0,"11","AL136164.2"
"GPR37L1",0,4.14205195648117,0.046,0.005,0,"11","GPR37L1"
"SLITRK6",0,3.1265470357481,0.063,0.022,0,"11","SLITRK6"
"ADAMTS5",0,2.16682032092074,0.057,0.016,0,"11","ADAMTS5"
"AC018742.1",0,3.68116051974736,0.05,0.009,0,"11","AC018742.1"
"AC021733.1",0,3.81703409433235,0.047,0.006,0,"11","AC021733.1"
"MARVELD1",0,2.17165641474651,0.088,0.047,0,"11","MARVELD1"
"SMIM5",0,4.04885943196512,0.045,0.004,0,"11","SMIM5"
"SGMS21",0,2.14458613919041,0.059,0.018,0,"11","SGMS2"
"DLEU7-AS1",0,2.01036927046318,0.075,0.034,0,"11","DLEU7-AS1"
"AL603840.1",0,2.90268787843256,0.06,0.019,0,"11","AL603840.1"
"AC024257.1",0,2.78855907336764,0.058,0.018,0,"11","AC024257.1"
"TRPC6",0,2.33548673078771,0.056,0.016,0,"11","TRPC6"
"BTC",0,4.61347546072813,0.042,0.003,0,"11","BTC"
"SLFN12",0,2.45355756464034,0.053,0.014,0,"11","SLFN12"
"SH3BGR",0,3.00818292318868,0.06,0.021,0,"11","SH3BGR"
"AC009501.1",0,2.48885817433646,0.066,0.028,0,"11","AC009501.1"
"AL512638.21",0,2.81313980196071,0.049,0.011,0,"11","AL512638.2"
"FREM2",0,4.19677838772804,0.042,0.004,0,"11","FREM2"
"CMTM5",0,4.1615019872646,0.042,0.004,0,"11","CMTM5"
"ADTRP",0,3.41251380431474,0.047,0.009,0,"11","ADTRP"
"P2RY12",0,2.8446365784335,0.054,0.016,0,"11","P2RY12"
"LATS2-AS1",0,2.26064496120599,0.051,0.013,0,"11","LATS2-AS1"
"SULT1C4",0,2.42909672744391,0.066,0.029,0,"11","SULT1C4"
"AC244021.1",0,2.67276212770695,0.054,0.017,0,"11","AC244021.1"
"CLMAT31",0,2.04111536752157,0.051,0.014,0,"11","CLMAT3"
"GATM",0,2.24172779329436,0.056,0.02,0,"11","GATM"
"ART3",0,4.58781799651063,0.041,0.005,0,"11","ART3"
"RNASEH2B-AS1",0,2.23633447095433,0.058,0.022,0,"11","RNASEH2B-AS1"
"PLEKHB1",0,2.75342711252028,0.052,0.016,0,"11","PLEKHB1"
"AL590999.1",0,2.72968561679339,0.044,0.008,0,"11","AL590999.1"
"FRMD6-AS21",0,3.27224288680871,0.046,0.01,0,"11","FRMD6-AS2"
"LINC00472",0,3.46591868725009,0.041,0.006,0,"11","LINC00472"
"KEL",0,3.16895921846379,0.044,0.009,0,"11","KEL"
"LINC01931",0,3.47566348700306,0.045,0.01,0,"11","LINC01931"
"AC090673.1",0,4.22323476851666,0.038,0.003,0,"11","AC090673.1"
"ST3GAL6-AS1",0,2.58617288407479,0.056,0.022,0,"11","ST3GAL6-AS1"
"AL161935.3",0,3.37608127702992,0.042,0.008,0,"11","AL161935.3"
"ADAMTS16",0,2.4054542107376,0.056,0.022,0,"11","ADAMTS16"
"CDH15",0,5.38322931907089,0.036,0.002,0,"11","CDH15"
"AC103923.1",0,2.9727545914365,0.048,0.015,0,"11","AC103923.1"
"LINC00839",0,2.2628923362617,0.06,0.027,0,"11","LINC00839"
"MIA",0,2.19497568948111,0.041,0.008,0,"11","MIA"
"SYDE2",0,3.19828783033519,0.039,0.006,0,"11","SYDE2"
"AC103702.2",0,4.66567976802766,0.035,0.002,0,"11","AC103702.2"
"AC107029.2",0,4.53999041821018,0.035,0.002,0,"11","AC107029.2"
"GDNF",0,4.61618616638319,0.036,0.003,0,"11","GDNF"
"DHH",0,4.19807844110463,0.036,0.003,0,"11","DHH"
"TLDC2",0,2.49488835657732,0.044,0.012,0,"11","TLDC2"
"TYR",0,3.39884397584442,0.042,0.01,0,"11","TYR"
"AC096741.1",0,2.29828067024835,0.05,0.019,0,"11","AC096741.1"
"AC027277.1",0,2.77991345002844,0.039,0.008,0,"11","AC027277.1"
"MYH14",0,2.77777335257347,0.041,0.01,0,"11","MYH14"
"TFAP2A-AS1",0,6.10609353555628,0.032,0.001,0,"11","TFAP2A-AS1"
"AC073172.1",0,4.23525128230081,0.035,0.005,0,"11","AC073172.1"
"RSPO31",0,2.5253816220826,0.037,0.007,0,"11","RSPO3"
"AL139081.1",0,5.27042608067519,0.031,0.001,0,"11","AL139081.1"
"ROR1-AS11",0,2.29003994838022,0.048,0.019,0,"11","ROR1-AS1"
"IL17RE",0,2.96408123120731,0.04,0.011,0,"11","IL17RE"
"LINC00982",0,4.3187361269316,0.031,0.002,0,"11","LINC00982"
"MIRLET7DHG",0,2.2122120003771,0.048,0.02,0,"11","MIRLET7DHG"
"AP001172.1",0,2.83328426359497,0.039,0.011,0,"11","AP001172.1"
"P3H2-AS1",0,3.40767384187825,0.034,0.007,0,"11","P3H2-AS1"
"GSN-AS1",0,3.47123764139318,0.031,0.004,0,"11","GSN-AS1"
"FAM181B",0,3.69112628213584,0.032,0.005,0,"11","FAM181B"
"SLFN13",0,2.25579121684552,0.038,0.011,0,"11","SLFN13"
"AC009951.2",0,2.3035289345536,0.039,0.012,0,"11","AC009951.2"
"AP002833.2",0,4.7181555604353,0.03,0.003,0,"11","AP002833.2"
"LINC01290",0,2.7320064410039,0.032,0.006,0,"11","LINC01290"
"PLLP",0,2.27912496130059,0.04,0.014,0,"11","PLLP"
"LAMP5",0,2.28000008478152,0.042,0.016,0,"11","LAMP5"
"GAL3ST1",0,3.26589121285001,0.033,0.007,0,"11","GAL3ST1"
"UGT8",0,2.45220271292319,0.037,0.011,0,"11","UGT8"
"AC104958.1",0,3.32121185331423,0.03,0.004,0,"11","AC104958.1"
"HEPACAM",0,3.46567009142173,0.03,0.004,0,"11","HEPACAM"
"AC005821.1",0,4.14166675729319,0.03,0.004,0,"11","AC005821.1"
"S100A1",0,2.77405305789552,0.029,0.004,0,"11","S100A1"
"RGS8",0,4.74575153530808,0.028,0.003,0,"11","RGS8"
"EXOC3L41",0,3.20546431977172,0.029,0.004,0,"11","EXOC3L4"
"AC006487.1",0,2.97631548346305,0.031,0.006,0,"11","AC006487.1"
"MYO16-AS1",0,3.12187577631475,0.039,0.014,0,"11","MYO16-AS1"
"TRIM58",0,3.40713189310234,0.03,0.005,0,"11","TRIM58"
"LYPD1",0,2.76986825530079,0.035,0.011,0,"11","LYPD1"
"NBPF261",0,2.1240190853032,0.037,0.013,0,"11","NBPF26"
"CYTL1",0,3.19075367638302,0.031,0.007,0,"11","CYTL1"
"OR3A3",0,3.87259700343189,0.028,0.004,0,"11","OR3A3"
"ANXA3",0,2.5313411291659,0.032,0.008,0,"11","ANXA3"
"FABP7",0,3.65971850921651,0.027,0.003,0,"11","FABP7"
"TTPA",0,4.20358878741214,0.028,0.004,0,"11","TTPA"
"FMO4",0,2.15936143754297,0.035,0.012,0,"11","FMO4"
"TIMP4",0,3.41877167196159,0.028,0.005,0,"11","TIMP4"
"AL355974.2",0,4.20274495075721,0.026,0.003,0,"11","AL355974.2"
"LINC02086",0,4.19629583603366,0.026,0.003,0,"11","LINC02086"
"EXTL1",0,3.66220353301266,0.027,0.005,0,"11","EXTL1"
"RASGEF1A",0,3.56877685286813,0.026,0.004,0,"11","RASGEF1A"
"TFAP2C",0,5.19611120439058,0.023,0.001,0,"11","TFAP2C"
"FXYD3",0,4.28581202505102,0.024,0.002,0,"11","FXYD3"
"DEPDC7",0,3.39405720885303,0.029,0.008,0,"11","DEPDC7"
"AL158166.2",0,2.5837883702514,0.028,0.007,0,"11","AL158166.2"
"LINC01608",0,4.34473767778955,0.024,0.003,0,"11","LINC01608"
"HEY2",0,2.0282303168268,0.028,0.008,0,"11","HEY2"
"AC019117.3",0,3.38072364907808,0.023,0.003,0,"11","AC019117.3"
"FIBIN1",0,2.86296826923909,0.026,0.006,0,"11","FIBIN"
"GRAMD2A",0,3.33863625627581,0.026,0.006,0,"11","GRAMD2A"
"SYNPR-AS1",0,3.50393788860827,0.03,0.01,0,"11","SYNPR-AS1"
"AL358154.1",0,4.73649684131077,0.022,0.002,0,"11","AL358154.1"
"AC092652.1",0,3.40592400719976,0.021,0.002,0,"11","AC092652.1"
"RIPK4",0,4.75228862024666,0.02,0.001,0,"11","RIPK4"
"EFHC2",0,2.80988276445337,0.025,0.007,0,"11","EFHC2"
"VXN",0,2.79952423214942,0.025,0.007,0,"11","VXN"
"AC092131.1",0,3.00588987762877,0.024,0.006,0,"11","AC092131.1"
"FA2H",0,3.46317668434811,0.022,0.004,0,"11","FA2H"
"MAL2-AS1",0,3.81411817142552,0.022,0.004,0,"11","MAL2-AS1"
"AC011478.1",0,3.66424883453009,0.023,0.005,0,"11","AC011478.1"
"PON3",0,3.15947976938672,0.021,0.004,0,"11","PON3"
"SOX8",0,3.05007568733145,0.021,0.004,0,"11","SOX8"
"GYS2",0,3.99873054933573,0.021,0.004,0,"11","GYS2"
"LINC014741",0,4.1344070954518,0.018,0.001,0,"11","LINC01474"
"AP001599.1",0,3.16169662754955,0.022,0.005,0,"11","AP001599.1"
"CAPN9",0,3.26593904208716,0.021,0.005,0,"11","CAPN9"
"LINC01856",0,3.90395851426875,0.02,0.004,0,"11","LINC01856"
"AL121820.2",0,4.04637831306349,0.018,0.002,0,"11","AL121820.2"
"TRIM63",0,4.07940911226572,0.017,0.001,0,"11","TRIM63"
"ARSI",0,4.04890468758574,0.017,0.001,0,"11","ARSI"
"SLC51B",0,3.08209652163957,0.021,0.005,0,"11","SLC51B"
"AL121827.2",0,4.87983023809008,0.017,0.001,0,"11","AL121827.2"
"AL133481.11",0,2.8789634390602,0.019,0.003,0,"11","AL133481.1"
"CALHM5",0,3.25361637327309,0.018,0.003,0,"11","CALHM5"
"DIRC1",0,3.9013276640022,0.018,0.003,0,"11","DIRC1"
"VWA2",0,3.24405829684006,0.018,0.003,0,"11","VWA2"
"AL389885.1",0,3.77292844537501,0.017,0.003,0,"11","AL389885.1"
"PLCE1-AS2",0,3.4538903352622,0.017,0.003,0,"11","PLCE1-AS2"
"TRPV5",0,4.40058898786264,0.016,0.002,0,"11","TRPV5"
"AL031587.1",0,4.408706721464,0.016,0.002,0,"11","AL031587.1"
"AC009134.1",0,3.47493406386293,0.018,0.004,0,"11","AC009134.1"
"AP000844.1",0,4.85341589081929,0.015,0.001,0,"11","AP000844.1"
"NFIA-AS2",0,3.19854794134193,0.016,0.003,0,"11","NFIA-AS2"
"AC138123.2",0,3.09438997450178,0.016,0.003,0,"11","AC138123.2"
"AC073172.2",0,3.69953398682685,0.016,0.003,0,"11","AC073172.2"
"AC008456.1",0,6.2827226209127,0.013,0,0,"11","AC008456.1"
"AC010731.2",0,4.55832481036316,0.015,0.002,0,"11","AC010731.2"
"LMO7DN",0,4.5061004533519,0.013,0.001,0,"11","LMO7DN"
"TBX22",0,5.26700388597112,0.013,0.001,0,"11","TBX22"
"AC022034.2",0,3.48074196164843,0.013,0.002,0,"11","AC022034.2"
"SAA1",0,2.84509444125408,0.013,0.002,0,"11","SAA1"
"LINC02412",0,3.22535310924956,0.014,0.003,0,"11","LINC02412"
"AC091073.1",0,5.64633696564962,0.011,0,0,"11","AC091073.1"
"AC009118.1",0,6.31223689240961,0.01,0,0,"11","AC009118.1"
"AC009063.3",0,3.78445299044372,0.012,0.002,0,"11","AC009063.3"
"AL138885.3",0,4.65758682237688,0.011,0.001,0,"11","AL138885.3"
"PAX3",0,4.1271302621568,0.011,0.001,0,"11","PAX3"
"AL049649.1",0,5.07412353425711,0.011,0.001,0,"11","AL049649.1"
"AC090200.1",0,4.86452082575535,0.01,0.001,0,"11","AC090200.1"
"LRRCC1",6.32510158480764e-302,2.25934603580876,0.073,0.037,2.06426015321782e-297,"11","LRRCC1"
"KLF15",4.70705235112385e-300,2.75335339828091,0.028,0.009,1.53619360531278e-295,"11","KLF15"
"RNF219-AS1",8.21713691469123e-297,2.62150179979865,0.038,0.014,2.68174480347863e-292,"11","RNF219-AS1"
"LINC02516",3.16583267111045e-294,2.57640728776495,0.047,0.02,1.03320115054361e-289,"11","LINC02516"
"ACSM5",1.08564866333338e-291,2.50836725350604,0.02,0.005,3.54312297765482e-287,"11","ACSM5"
"AC112206.2",7.43994937925966e-289,2.46063252966398,0.056,0.026,2.42810187941518e-284,"11","AC112206.2"
"AC069549.1",1.38406245100669e-287,2.17333963505744,0.031,0.011,4.51702621510544e-283,"11","AC069549.1"
"NDP",1.65212326199082e-286,4.18161152814939,0.01,0.001,5.39186947783323e-282,"11","NDP"
"REM11",7.40162674654308e-286,2.46041001195466,0.015,0.003,2.4155949050018e-281,"11","REM1"
"AL450332.1",2.3341432790871e-280,2.71427797962679,0.025,0.008,7.61771000562867e-276,"11","AL450332.1"
"FAM83B",2.58029821257207e-280,3.53068183327611,0.011,0.002,8.42106124655021e-276,"11","FAM83B"
"MYOZ2",5.85725860287162e-279,2.79090641051474,0.025,0.008,1.91157491763318e-274,"11","MYOZ2"
"CHADL",7.93041948476458e-279,2.48393567881582,0.031,0.011,2.58817170304777e-274,"11","CHADL"
"AQP6",2.8704173421127e-278,4.17862354723303,0.011,0.002,9.36789403771901e-274,"11","AQP6"
"AL109659.1",1.50704477745569e-273,2.73486589837584,0.026,0.008,4.91839133570439e-269,"11","AL109659.1"
"SLC24A4",2.71925174978041e-271,2.01643884364132,0.021,0.006,8.87455001058334e-267,"11","SLC24A4"
"AC120042.3",1.87269685573654e-268,3.46265091999606,0.011,0.002,6.11173345838176e-264,"11","AC120042.3"
"GPR83",4.77048465662246e-268,3.00795363699606,0.026,0.009,1.5568953725353e-263,"11","GPR83"
"PIP",3.01869925078655e-267,4.16808933815074,0.01,0.002,9.85182687486698e-263,"11","PIP"
"RBPMS-AS11",5.99611880314189e-266,2.58298115025221,0.014,0.003,1.95689333259339e-261,"11","RBPMS-AS1"
"NRIR",5.85982304677004e-265,2.17497033997097,0.032,0.012,1.91241184954387e-260,"11","NRIR"
"AP001025.1",1.81543969181574e-263,3.39837582566883,0.017,0.004,5.92486897820985e-259,"11","AP001025.1"
"AC092078.2",5.92973594966089e-262,2.65109181458898,0.039,0.016,1.93522862453133e-257,"11","AC092078.2"
"ZEB2-AS1",1.8847022279243e-261,2.62638024537531,0.026,0.008,6.15091419105373e-257,"11","ZEB2-AS1"
"F2RL2",3.72293100874278e-261,2.34864075224131,0.02,0.006,1.21501576401329e-256,"11","F2RL2"
"ARHGAP31-AS1",1.04210016106194e-259,2.03904764871674,0.031,0.011,3.40099808564175e-255,"11","ARHGAP31-AS1"
"PLCE1-AS1",2.19423833988066e-256,3.49209076206643,0.011,0.002,7.16111624603451e-252,"11","PLCE1-AS1"
"AL592430.1",3.47503085855971e-252,2.26349617602824,0.069,0.036,1.13411107099955e-247,"11","AL592430.1"
"SNHG181",5.5529575136093e-252,2.12016261081752,0.025,0.008,1.81226321414153e-247,"11","SNHG18"
"AP001266.2",4.40148468426114e-243,2.41556253155414,0.02,0.006,1.43646854155547e-238,"11","AP001266.2"
"OR7C1",5.74217011317531e-241,3.51430252506963,0.011,0.002,1.87401463813589e-236,"11","OR7C1"
"HAS2-AS11",1.4106468826915e-235,2.24864138007079,0.023,0.007,4.60378716635197e-231,"11","HAS2-AS1"
"ANXA10",1.76182666203966e-235,2.63296513966486,0.023,0.007,5.74989749423262e-231,"11","ANXA10"
"AC022523.1",4.46133408547482e-235,2.49897702798232,0.04,0.017,1.45600099213556e-230,"11","AC022523.1"
"ENTPD21",3.3592073797715e-234,2.31463767893842,0.025,0.008,1.09631092046223e-229,"11","ENTPD2"
"AC087857.1",8.8385009236241e-233,3.27436482841467,0.017,0.005,2.88453316143396e-228,"11","AC087857.1"
"SH3PXD2A-AS1",1.06248372872879e-232,2.16189354423844,0.047,0.022,3.46752189707929e-228,"11","SH3PXD2A-AS1"
"LINC02026",8.19787739230413e-232,3.59439278024606,0.01,0.002,2.67545926575237e-227,"11","LINC02026"
"AC009234.1",6.58009532235089e-231,3.41372533632736,0.017,0.005,2.14747990940244e-226,"11","AC009234.1"
"AC109492.1",9.36953691506369e-227,2.68125437877018,0.029,0.011,3.05784206760019e-222,"11","AC109492.1"
"AP001007.11",2.01972049907045e-226,3.12510940443907,0.012,0.002,6.59155982076632e-222,"11","AP001007.1"
"TRNP1",4.77088211353847e-224,2.59819202795347,0.035,0.015,1.55702508657441e-219,"11","TRNP1"
"AC025287.4",3.23066667283603e-222,2.25303256292536,0.031,0.012,1.05436037534677e-217,"11","AC025287.4"
"SYPL2",1.33574866646831e-221,2.73471174946183,0.011,0.002,4.35934934788596e-217,"11","SYPL2"
"ARSE",5.94803676081698e-215,2.4614519705986,0.033,0.013,1.94120127726023e-210,"11","ARSE"
"HKDC1",2.35689496382377e-214,2.78951183782482,0.016,0.004,7.69196240393527e-210,"11","HKDC1"
"CPHXL",1.31726920295784e-210,2.39451674352748,0.024,0.009,4.29903977077321e-206,"11","CPHXL"
"ARHGAP19-SLIT1",2.94822390097222e-209,2.91283771406846,0.02,0.007,9.62182352321295e-205,"11","ARHGAP19-SLIT1"
"CLIC61",6.60204180412825e-206,2.21748551821253,0.02,0.006,2.1546423631953e-201,"11","CLIC6"
"AL139393.1",8.29725304131788e-206,2.86773992396637,0.023,0.008,2.7078915025645e-201,"11","AL139393.1"
"GPX81",6.68883079158274e-205,2.12006251122235,0.028,0.011,2.18296681714094e-200,"11","GPX8"
"AC078955.11",2.31105595651641e-204,2.94693728506872,0.012,0.003,7.54236221968694e-200,"11","AC078955.1"
"AC107067.1",4.76667911534411e-204,2.61206939892967,0.026,0.01,1.55565339608371e-199,"11","AC107067.1"
"AC092902.3",2.53629101270153e-203,2.22967226646398,0.035,0.015,8.27743934905272e-199,"11","AC092902.3"
"AC097478.4",8.5305230574921e-201,3.42862792557746,0.014,0.004,2.78402150504312e-196,"11","AC097478.4"
"AL356289.11",1.72519128167328e-200,2.88011975821513,0.014,0.004,5.63033426686891e-196,"11","AL356289.1"
"AP000547.3",4.87856788750638e-200,2.84070701873603,0.012,0.003,1.59216941576658e-195,"11","AP000547.3"
"PSORS1C1",2.28725626121217e-194,2.47420640644939,0.015,0.004,7.46468953409205e-190,"11","PSORS1C1"
"PRR26",4.36188909035455e-192,2.1163658779178,0.042,0.02,1.42354612352811e-187,"11","PRR26"
"BDNF",2.13615797586889e-190,2.58773703159097,0.046,0.023,6.97156517004572e-186,"11","BDNF"
"SMCO3",3.56080563535957e-186,3.15346859866836,0.01,0.002,1.16210452715595e-181,"11","SMCO3"
"AC002383.1",6.41187832395114e-185,3.27028661980864,0.01,0.002,2.0925806098047e-180,"11","AC002383.1"
"AL353801.1",1.14840585978183e-182,2.69315414456838,0.015,0.004,3.747937363984e-178,"11","AL353801.1"
"BEST1",2.64744293640005e-181,2.18440046200707,0.038,0.018,8.6401947672352e-177,"11","BEST1"
"CLDN14",3.50685808084707e-180,2.19587004507743,0.031,0.013,1.14449820326525e-175,"11","CLDN14"
"KIF4A",1.29459088347115e-179,2.18376609934527,0.058,0.032,4.22502680729644e-175,"11","KIF4A"
"SYDE1",1.45653011804788e-176,2.06470089255801,0.021,0.007,4.75353169326105e-172,"11","SYDE1"
"ACOX2",2.14854651496819e-176,2.41209033622566,0.021,0.008,7.01199640625018e-172,"11","ACOX2"
"TMEM139",3.46327911039863e-175,3.36735393899073,0.01,0.002,1.1302757704697e-170,"11","TMEM139"
"PLAC41",2.35447427978525e-173,2.53330798609628,0.01,0.002,7.68406225950716e-169,"11","PLAC4"
"FLG",3.96791802315044e-173,3.26637929412578,0.011,0.003,1.29496972603538e-168,"11","FLG"
"AP000924.1",4.34739530843648e-170,2.14633147927657,0.013,0.004,1.41881593286133e-165,"11","AP000924.1"
"HPR",3.90377997709806e-169,2.45783755192751,0.011,0.003,1.27403763332572e-164,"11","HPR"
"C10orf82",1.01134148836183e-165,2.73198349343174,0.016,0.005,3.30061408141768e-161,"11","C10orf82"
"GDF6",6.04729076514491e-164,3.4799154318263,0.012,0.003,1.97359381411269e-159,"11","GDF6"
"AP000962.1",8.57936872538458e-164,2.1285961468054,0.022,0.009,2.79996277721651e-159,"11","AP000962.1"
"AL033384.2",1.05278352581326e-163,2.47078040131188,0.027,0.012,3.43586431484415e-159,"11","AL033384.2"
"PPP1R1C",4.25199634536104e-161,2.33008564401906,0.028,0.012,1.38768152727203e-156,"11","PPP1R1C"
"AL358216.1",7.02614379333293e-161,3.27162695220606,0.011,0.003,2.29305228839214e-156,"11","AL358216.1"
"AC083973.1",7.2633815498839e-158,2.39095247764761,0.014,0.004,2.37047720262011e-153,"11","AC083973.1"
"DDO",2.9971756919461e-157,3.15856965589336,0.013,0.004,9.78158258823528e-153,"11","DDO"
"ZNF697",6.2270927930316e-157,2.00704164483025,0.055,0.032,2.03227400393379e-152,"11","ZNF697"
"CLDN11",3.53907788641956e-156,2.61619623854107,0.014,0.004,1.15501345901189e-151,"11","CLDN11"
"AC114488.21",9.19978477541025e-156,2.91590214197471,0.012,0.004,3.00244175930289e-151,"11","AC114488.2"
"AZIN2",2.46236914708061e-153,2.01420624254971,0.075,0.047,8.03618794841228e-149,"11","AZIN2"
"BMP8B",1.59192910613365e-146,2.12363966790244,0.04,0.021,5.19541983077777e-142,"11","BMP8B"
"AC009163.1",1.64025406098129e-146,2.44246370377441,0.016,0.005,5.35313315341853e-142,"11","AC009163.1"
"AC026167.1",1.79949890697673e-146,2.75614486018614,0.019,0.007,5.87284463280926e-142,"11","AC026167.1"
"HOXB7",7.07893938175605e-146,2.12230002090937,0.021,0.009,2.31028265662991e-141,"11","HOXB7"
"MAEL",2.52731358824031e-144,3.07751117833185,0.016,0.006,8.24814062658109e-140,"11","MAEL"
"TRPV3",2.87464701905333e-142,2.38665969039266,0.015,0.005,9.38169801138244e-138,"11","TRPV3"
"AC005597.1",4.63741100790693e-141,2.81472597598737,0.015,0.005,1.5134654565405e-136,"11","AC005597.1"
"LOXL4",4.95852688805587e-141,2.38448141782728,0.015,0.005,1.61826483518591e-136,"11","LOXL4"
"NAV2-AS3",1.36021761934308e-140,2.44264526105171,0.019,0.007,4.43920622248808e-136,"11","NAV2-AS3"
"MIR4500HG",2.77621881760195e-140,2.38979262360284,0.034,0.017,9.06046773312571e-136,"11","MIR4500HG"
"AC009242.1",6.55328149081724e-137,2.1923340857687,0.04,0.021,2.13872894734311e-132,"11","AC009242.1"
"NAALADL2-AS21",2.67158269328188e-134,2.4137047401704,0.015,0.005,8.71897727779474e-130,"11","NAALADL2-AS2"
"LURAP1",1.14367767932794e-133,2.12934603402995,0.035,0.018,3.73250647425465e-129,"11","LURAP1"
"AC019117.1",1.78088548290979e-133,2.31236862046869,0.015,0.005,5.8120978620244e-129,"11","AC019117.1"
"AC078777.1",5.17445137386201e-131,2.30496591895247,0.028,0.013,1.68873395037361e-126,"11","AC078777.1"
"BATF2",1.17133014184913e-130,2.54661432343188,0.011,0.003,3.82275305093881e-126,"11","BATF2"
"AC105430.1",3.61575016298672e-129,2.70636995842548,0.012,0.004,1.18003622319234e-124,"11","AC105430.1"
"AL513217.1",2.90553207634333e-126,2.60611374475385,0.017,0.006,9.4824944843541e-122,"11","AL513217.1"
"IP6K3",2.89144858130559e-124,2.85757756847969,0.016,0.006,9.43653158994891e-120,"11","IP6K3"
"AL512328.1",4.93431471284127e-123,2.50378790816115,0.018,0.007,1.61036294968288e-118,"11","AL512328.1"
"BACH1-AS1",7.47225500614355e-119,2.21862716348846,0.017,0.007,2.43864514380501e-114,"11","BACH1-AS1"
"KCNA2",1.71678460843893e-118,2.7385347620899,0.023,0.01,5.6028982481013e-114,"11","KCNA2"
"HSPB2",8.14681758009246e-117,2.02959769425678,0.017,0.007,2.65879538543898e-112,"11","HSPB2"
"AP005433.1",1.06100916992343e-116,2.46143549930014,0.03,0.015,3.46270952696211e-112,"11","AP005433.1"
"AC009041.2",1.61727885459013e-115,2.48072836580134,0.013,0.005,5.27815126984035e-111,"11","AC009041.2"
"ABHD12B",4.74426054637049e-114,2.22111466043161,0.015,0.006,1.54833687191347e-109,"11","ABHD12B"
"CYP2J2",7.39361052305468e-114,2.88034526114736,0.012,0.004,2.41297873030413e-109,"11","CYP2J2"
"AC107072.11",1.03267922442017e-110,2.24086103946688,0.011,0.004,3.37025191681766e-106,"11","AC107072.1"
"AC108463.2",1.39188565427326e-105,2.10372832354073,0.012,0.004,4.54255802128621e-101,"11","AC108463.2"
"MECOM",0,4.70121377351658,0.857,0.12,0,"12","MECOM"
"PECAM1",0,3.87975409960411,0.793,0.083,0,"12","PECAM1"
"PTPRB",0,3.99244911102053,0.803,0.097,0,"12","PTPRB"
"PREX2",0,4.18198095344125,0.725,0.057,0,"12","PREX2"
"TM4SF1",0,4.88792469468524,0.709,0.045,0,"12","TM4SF1"
"EPAS1",0,3.72808930069085,0.834,0.172,0,"12","EPAS1"
"FLT1",0,3.97725461556253,0.702,0.06,0,"12","FLT1"
"MCTP1",0,4.1569916767009,0.762,0.121,0,"12","MCTP1"
"LDB2",0,2.93876048503273,0.824,0.185,0,"12","LDB2"
"DOCK9",0,3.61184757073067,0.796,0.174,0,"12","DOCK9"
"VEGFC",0,5.55327262890273,0.649,0.029,0,"12","VEGFC"
"ADGRL4",0,3.69408764902608,0.669,0.054,0,"12","ADGRL4"
"EMP1",0,2.97472580365178,0.727,0.112,0,"12","EMP1"
"STOM",0,3.8975012811296,0.717,0.117,0,"12","STOM"
"IGFBP3",0,5.9842715809388,0.602,0.023,0,"12","IGFBP3"
"PLPP1",0,4.04348077532098,0.853,0.277,0,"12","PLPP1"
"ERG",0,3.57706716911906,0.634,0.064,0,"12","ERG"
"SPARCL1",0,2.97549025407718,0.663,0.103,0,"12","SPARCL1"
"EMCN",0,3.54366064485244,0.611,0.055,0,"12","EMCN"
"WWTR1",0,3.01272803208781,0.682,0.128,0,"12","WWTR1"
"EFNB2",0,4.16512545194758,0.679,0.126,0,"12","EFNB2"
"ARL15",0,4.67210267660152,0.942,0.389,0,"12","ARL15"
"PODXL",0,4.06442913210276,0.608,0.061,0,"12","PODXL"
"CRIM11",0,3.54851732777641,0.64,0.098,0,"12","CRIM1"
"MAST4",0,3.25715436280035,0.732,0.198,0,"12","MAST4"
"HLA-E",0,2.25318690182467,0.707,0.173,0,"12","HLA-E"
"MYO1E1",0,2.92724246936751,0.657,0.128,0,"12","MYO1E"
"ELMO1",0,2.55257540092652,0.812,0.299,0,"12","ELMO1"
"SASH1",0,2.32049879584479,0.658,0.148,0,"12","SASH1"
"VWF",0,2.96745269406415,0.579,0.07,0,"12","VWF"
"PTPRG1",0,2.42593471772153,0.856,0.348,0,"12","PTPRG"
"EGFL7",0,3.49886983816564,0.553,0.045,0,"12","EGFL7"
"PALMD",0,4.19811261358337,0.547,0.04,0,"12","PALMD"
"RASGRF2",0,3.61288137394122,0.614,0.107,0,"12","RASGRF2"
"PTPN14",0,3.01467313676694,0.592,0.089,0,"12","PTPN14"
"CALCRL",0,3.2644498537759,0.57,0.072,0,"12","CALCRL"
"DOCK1",0,2.61509810939434,0.633,0.136,0,"12","DOCK1"
"PLEKHG1",0,2.51314320778077,0.656,0.16,0,"12","PLEKHG1"
"CD93",0,4.16352864264354,0.532,0.043,0,"12","CD93"
"ARHGAP31",0,2.96192298256324,0.586,0.099,0,"12","ARHGAP31"
"CLDN5",0,5.09449532699676,0.51,0.024,0,"12","CLDN5"
"PTPRM",0,2.67540014929686,0.914,0.429,0,"12","PTPRM"
"TACC11",0,2.37862235097996,0.747,0.271,0,"12","TACC1"
"SAT1",0,2.76111027038572,0.674,0.2,0,"12","SAT1"
"A2M",0,2.91177497494682,0.633,0.161,0,"12","A2M"
"ADAMTS11",0,4.06888811566244,0.534,0.07,0,"12","ADAMTS1"
"CAV1",0,3.88561854780448,0.501,0.044,0,"12","CAV1"
"PCSK5",0,3.69214184895238,0.568,0.112,0,"12","PCSK5"
"ADGRF51",0,3.33098288074292,0.505,0.051,0,"12","ADGRF5"
"CADPS2",0,2.83403071256661,0.555,0.102,0,"12","CADPS2"
"UTRN",0,2.36589490495967,0.842,0.39,0,"12","UTRN"
"SWAP70",0,3.29528402580732,0.591,0.141,0,"12","SWAP70"
"HSPG2",0,2.70383303836274,0.554,0.105,0,"12","HSPG2"
"EVA1C",0,3.28278600690937,0.537,0.088,0,"12","EVA1C"
"ST6GALNAC3",0,2.24606747027994,0.755,0.307,0,"12","ST6GALNAC3"
"GFOD1",0,3.71943080290582,0.565,0.12,0,"12","GFOD1"
"HEG1",0,3.38128207062172,0.53,0.087,0,"12","HEG1"
"CDH5",0,4.42578517306589,0.462,0.025,0,"12","CDH5"
"CDK17",0,2.45085834294598,0.694,0.257,0,"12","CDK17"
"GALNT18",0,3.374427636858,0.499,0.069,0,"12","GALNT18"
"ADAMTS9",0,3.10349770738855,0.573,0.144,0,"12","ADAMTS9"
"CNTNAP3B",0,3.57896579890047,0.495,0.071,0,"12","CNTNAP3B"
"CYYR1",0,3.54978590557317,0.478,0.055,0,"12","CYYR1"
"NOTCH4",0,4.5252073009475,0.451,0.031,0,"12","NOTCH4"
"ARHGAP29",0,2.69593687782488,0.559,0.142,0,"12","ARHGAP29"
"NEDD9",0,2.48511231210067,0.588,0.172,0,"12","NEDD9"
"APBB2",0,2.26055569002455,0.702,0.287,0,"12","APBB2"
"MYH9",0,2.43310848729702,0.61,0.195,0,"12","MYH9"
"STC1",0,4.89916622749247,0.436,0.024,0,"12","STC1"
"XAF1",0,2.72806650723213,0.499,0.093,0,"12","XAF1"
"ITGA5",0,3.83360526192545,0.451,0.046,0,"12","ITGA5"
"SEC14L1",0,2.69815181202818,0.674,0.271,0,"12","SEC14L1"
"TCF7L1",0,3.24778741382201,0.462,0.061,0,"12","TCF7L1"
"MMRN2",0,4.37697974111564,0.435,0.034,0,"12","MMRN2"
"GMDS",0,2.64667101319778,0.624,0.229,0,"12","GMDS"
"FLNB",0,2.46253175165438,0.574,0.179,0,"12","FLNB"
"IFI44L",0,2.64249752951554,0.485,0.091,0,"12","IFI44L"
"ANO2",0,3.12105221098967,0.443,0.05,0,"12","ANO2"
"PLXNA2",0,2.91430646535311,0.563,0.17,0,"12","PLXNA2"
"YBX31",0,2.3661806887548,0.514,0.126,0,"12","YBX3"
"RIN2",0,2.81468776473492,0.551,0.164,0,"12","RIN2"
"PDZD2",0,2.87434453038978,0.602,0.217,0,"12","PDZD2"
"CLEC14A",0,4.79337984824786,0.404,0.02,0,"12","CLEC14A"
"DEPP1",0,3.99655253558478,0.421,0.039,0,"12","DEPP1"
"SYNJ21",0,3.32471202379776,0.475,0.095,0,"12","SYNJ2"
"UACA1",0,2.48249367571907,0.479,0.1,0,"12","UACA"
"LIMCH1",0,2.24469453638309,0.638,0.261,0,"12","LIMCH1"
"MAGI1",0,2.35563627215706,0.826,0.449,0,"12","MAGI1"
"PIK3C2B",0,3.70315923041877,0.466,0.09,0,"12","PIK3C2B"
"ADAMTS6",0,4.53787454569747,0.442,0.067,0,"12","ADAMTS6"
"EPHA4",0,3.77446393692045,0.426,0.052,0,"12","EPHA4"
"RNF144B",0,3.87386811708454,0.415,0.043,0,"12","RNF144B"
"GRB10",0,2.79264124459717,0.579,0.208,0,"12","GRB10"
"LMCD11",0,3.33897713753362,0.431,0.062,0,"12","LMCD1"
"DLL4",0,5.89637091910446,0.38,0.011,0,"12","DLL4"
"ENG",0,2.52786576538741,0.478,0.11,0,"12","ENG"
"S1PR1",0,4.73077792645593,0.386,0.018,0,"12","S1PR1"
"GJA5",0,8.34512821009789,0.367,0.002,0,"12","GJA5"
"TEK",0,3.60004271414901,0.415,0.051,0,"12","TEK"
"RAPGEF1",0,2.26815789723059,0.626,0.263,0,"12","RAPGEF1"
"CFH1",0,2.29961053188894,0.423,0.061,0,"12","CFH"
"ID1",0,3.97854998506239,0.399,0.04,0,"12","ID1"
"SP100",0,2.05083468833985,0.501,0.143,0,"12","SP100"
"FBLN2",0,4.82021679569888,0.382,0.024,0,"12","FBLN2"
"ESAM",0,3.87850377234662,0.384,0.028,0,"12","ESAM"
"ABLIM1",0,2.21427860428596,0.607,0.251,0,"12","ABLIM1"
"SYNE2",0,2.05942975046553,0.622,0.266,0,"12","SYNE2"
"AFF1",0,2.02680345841301,0.614,0.261,0,"12","AFF1"
"MGP1",0,3.1872428228937,0.414,0.061,0,"12","MGP"
"ELK3",0,2.48752135194082,0.45,0.098,0,"12","ELK3"
"CDH13",0,2.72281312157857,0.497,0.146,0,"12","CDH13"
"PELI1",0,2.4784436307871,0.518,0.168,0,"12","PELI1"
"MYOF1",0,2.31015125564923,0.438,0.089,0,"12","MYOF"
"TGM2",0,3.73545148825704,0.379,0.031,0,"12","TGM2"
"FGD5",0,3.25521318373861,0.405,0.058,0,"12","FGD5"
"PDLIM1",0,2.70455311542037,0.413,0.066,0,"12","PDLIM1"
"JAG11",0,2.68700372442211,0.448,0.105,0,"12","JAG1"
"ENTPD1",0,2.71276520542309,0.42,0.077,0,"12","ENTPD1"
"FILIP11",0,3.01422689125779,0.425,0.083,0,"12","FILIP1"
"ENPP2",0,3.95696632232756,0.486,0.145,0,"12","ENPP2"
"SEMA3G",0,5.69839185277814,0.356,0.016,0,"12","SEMA3G"
"PLCG2",0,2.34630360327994,0.492,0.152,0,"12","PLCG2"
"SULF11",0,3.57729449888354,0.389,0.05,0,"12","SULF1"
"FBLN52",0,3.49138327837267,0.38,0.041,0,"12","FBLN5"
"MSRB31",0,2.49106470841296,0.429,0.09,0,"12","MSRB3"
"SLC45A4",0,4.79205110415594,0.391,0.053,0,"12","SLC45A4"
"AL139807.1",0,2.70715151945858,0.442,0.104,0,"12","AL139807.1"
"TMTC1",0,2.43724228656852,0.591,0.255,0,"12","TMTC1"
"COBLL1",0,2.44866350943945,0.413,0.078,0,"12","COBLL1"
"MKL2",0,2.52920462840851,0.571,0.237,0,"12","MKL2"
"FBN11",0,2.37982260598393,0.436,0.103,0,"12","FBN1"
"THSD7A",0,2.09421456781455,0.753,0.421,0,"12","THSD7A"
"CD34",0,3.56253212741753,0.363,0.031,0,"12","CD34"
"TBC1D1",0,2.50151831326937,0.445,0.114,0,"12","TBC1D1"
"SHROOM4",0,3.05752958719101,0.388,0.058,0,"12","SHROOM4"
"INSR",0,2.38988955836852,0.677,0.348,0,"12","INSR"
"KIAA0355",0,2.41957874540081,0.535,0.207,0,"12","KIAA0355"
"TIE1",0,3.9029983876999,0.351,0.025,0,"12","TIE1"
"MET",0,4.28361349276294,0.354,0.028,0,"12","MET"
"PARP14",0,2.12004709067384,0.459,0.134,0,"12","PARP14"
"CTTNBP2NL",0,2.56171742075234,0.531,0.207,0,"12","CTTNBP2NL"
"IFI27",0,2.55228479910544,0.432,0.108,0,"12","IFI27"
"KLF2",0,2.12859799652277,0.399,0.075,0,"12","KLF2"
"PRSS23",0,2.24589294024448,0.434,0.111,0,"12","PRSS23"
"FLI1",0,2.11262909228607,0.408,0.087,0,"12","FLI1"
"SPRY1",0,2.46173152102011,0.395,0.076,0,"12","SPRY1"
"MSN",0,2.05630906126016,0.489,0.174,0,"12","MSN"
"KCTD12",0,3.89516763986591,0.37,0.055,0,"12","KCTD12"
"NXN",0,2.30321012111427,0.453,0.138,0,"12","NXN"
"IFITM3",0,2.57327362242368,0.393,0.081,0,"12","IFITM3"
"CYR611",0,2.35023726005795,0.395,0.083,0,"12","CYR61"
"PLD1",0,2.41024246026718,0.412,0.1,0,"12","PLD1"
"AC008050.1",0,4.14576519766241,0.336,0.029,0,"12","AC008050.1"
"ADIPOR2",0,2.43377847541367,0.467,0.165,0,"12","ADIPOR2"
"RHOB",0,2.54576572143476,0.485,0.183,0,"12","RHOB"
"PDGFD",0,2.11703359801233,0.388,0.087,0,"12","PDGFD"
"CHSY1",0,2.1403178840253,0.466,0.168,0,"12","CHSY1"
"PLCB4",0,2.16641775955097,0.617,0.32,0,"12","PLCB4"
"PLS3",0,3.06657224023583,0.356,0.059,0,"12","PLS3"
"MIR4435-2HG",0,2.06737878802013,0.559,0.263,0,"12","MIR4435-2HG"
"CAVIN2",0,3.33356452010785,0.328,0.032,0,"12","CAVIN2"
"RALGAPA2",0,2.17264985325988,0.566,0.272,0,"12","RALGAPA2"
"FEZ2",0,2.42036474141109,0.489,0.198,0,"12","FEZ2"
"KCNN3",0,3.46576998383559,0.36,0.072,0,"12","KCNN3"
"RELL1",0,3.01097806024299,0.35,0.062,0,"12","RELL1"
"CAVIN1",0,2.92089373302039,0.34,0.053,0,"12","CAVIN1"
"ITPRIP",0,2.69337837649816,0.346,0.059,0,"12","ITPRIP"
"AQP1",0,3.20398327856254,0.322,0.036,0,"12","AQP1"
"EXOC6",0,2.73952906283463,0.539,0.253,0,"12","EXOC6"
"PPP1R16B",0,2.46101389880462,0.383,0.097,0,"12","PPP1R16B"
"NUAK1",0,3.33030893638706,0.349,0.063,0,"12","NUAK1"
"LRCH1",0,2.07499485467909,0.542,0.259,0,"12","LRCH1"
"FN11",0,2.01516451142661,0.454,0.173,0,"12","FN1"
"LINC00639",0,6.63144209218251,0.29,0.009,0,"12","LINC00639"
"DOCK6",0,2.50238975604645,0.343,0.063,0,"12","DOCK6"
"JAM2",0,2.98089477543526,0.365,0.086,0,"12","JAM2"
"SLC9A3R2",0,4.54497035147563,0.317,0.039,0,"12","SLC9A3R2"
"LIFR1",0,2.16178628299332,0.472,0.195,0,"12","LIFR"
"CSGALNACT1",0,2.30483974889285,0.43,0.157,0,"12","CSGALNACT1"
"ICAM2",0,4.11046800728973,0.299,0.027,0,"12","ICAM2"
"BCAM",0,3.95484277702017,0.295,0.023,0,"12","BCAM"
"BTNL9",0,4.29567189106003,0.287,0.016,0,"12","BTNL9"
"ID3",0,2.76358159336617,0.336,0.066,0,"12","ID3"
"SOCS3",0,2.22339230487432,0.369,0.099,0,"12","SOCS3"
"RPGR",0,2.8559015124368,0.352,0.082,0,"12","RPGR"
"WWC21",0,2.29350325050559,0.365,0.097,0,"12","WWC2"
"TNFRSF10D",0,3.48943564262721,0.299,0.031,0,"12","TNFRSF10D"
"SULF2",0,2.22576927717864,0.407,0.139,0,"12","SULF2"
"APOLD1",0,2.18827048547611,0.373,0.106,0,"12","APOLD1"
"BST2",0,2.49330628584115,0.343,0.076,0,"12","BST2"
"TNFSF10",0,3.52565934192289,0.302,0.037,0,"12","TNFSF10"
"SHE",0,4.21285240796071,0.284,0.02,0,"12","SHE"
"CMTM8",0,2.83918537263297,0.334,0.071,0,"12","CMTM8"
"LIMS2",0,3.37455904088053,0.292,0.032,0,"12","LIMS2"
"PLXND1",0,2.27384283935156,0.332,0.072,0,"12","PLXND1"
"MYO10",0,2.2904200487406,0.337,0.077,0,"12","MYO10"
"SYNPO",0,3.21197796754873,0.307,0.048,0,"12","SYNPO"
"LDLR",0,2.66659739512988,0.345,0.087,0,"12","LDLR"
"AC025569.1",0,3.64202105111662,0.292,0.035,0,"12","AC025569.1"
"ACACB",0,2.26359891618589,0.362,0.106,0,"12","ACACB"
"FAM107A",0,4.86469087168823,0.269,0.015,0,"12","FAM107A"
"CX3CL1",0,4.25143470429768,0.28,0.026,0,"12","CX3CL1"
"PKIG",0,2.6997746561996,0.425,0.171,0,"12","PKIG"
"NKAIN2",0,4.66251020051131,0.32,0.067,0,"12","NKAIN2"
"ADAM15",0,3.29817382534233,0.308,0.058,0,"12","ADAM15"
"CXCL2",0,4.57693457410819,0.266,0.016,0,"12","CXCL2"
"KIAA1671",0,2.15747089871786,0.347,0.098,0,"12","KIAA1671"
"ELN1",0,3.17351920704497,0.325,0.077,0,"12","ELN"
"MX1",0,2.75299549683472,0.318,0.07,0,"12","MX1"
"THBD",0,3.18072999992348,0.285,0.037,0,"12","THBD"
"GIMAP8",0,3.55162178437056,0.271,0.024,0,"12","GIMAP8"
"LRRC32",0,3.57922467677596,0.269,0.023,0,"12","LRRC32"
"EMP21",0,2.26187333593176,0.316,0.071,0,"12","EMP2"
"RAMP2",0,3.70977250187417,0.309,0.064,0,"12","RAMP2"
"MYCT1",0,4.06661080105739,0.259,0.015,0,"12","MYCT1"
"IFI6",0,2.33933122335734,0.384,0.141,0,"12","IFI6"
"JAG2",0,4.07525601212594,0.279,0.036,0,"12","JAG2"
"IFI44",0,2.2631298787026,0.37,0.128,0,"12","IFI44"
"SLC5A4-AS1",0,2.82778189518855,0.366,0.124,0,"12","SLC5A4-AS1"
"CXCL121",0,3.0043549798895,0.282,0.04,0,"12","CXCL12"
"PPARG",0,2.31607189100476,0.311,0.07,0,"12","PPARG"
"FAM198B",0,2.55863268310768,0.302,0.061,0,"12","FAM198B"
"BCR",0,2.27690632821271,0.401,0.162,0,"12","BCR"
"GNA14",0,2.62519444452324,0.296,0.057,0,"12","GNA14"
"RHOJ",0,2.22506572975598,0.29,0.052,0,"12","RHOJ"
"SHANK3",0,2.89263199370594,0.296,0.06,0,"12","SHANK3"
"TINAGL1",0,2.92820006765208,0.265,0.03,0,"12","TINAGL1"
"PRDM161",0,3.48887426186973,0.256,0.021,0,"12","PRDM16"
"DDX60L",0,2.57848600710044,0.318,0.084,0,"12","DDX60L"
"SMAD6",0,4.76936660975941,0.245,0.012,0,"12","SMAD6"
"CRYBG3",0,2.34838513536228,0.339,0.107,0,"12","CRYBG3"
"ARID5A",0,2.61013338199285,0.284,0.053,0,"12","ARID5A"
"DUSP6",0,2.69868510710069,0.302,0.072,0,"12","DUSP6"
"AC010737.1",0,4.43796172958101,0.244,0.014,0,"12","AC010737.1"
"C22orf34",0,2.26817801841518,0.289,0.061,0,"12","C22orf34"
"ELMO1-AS1",0,2.78041482820364,0.274,0.049,0,"12","ELMO1-AS1"
"CLEC1A",0,3.49310713834596,0.247,0.022,0,"12","CLEC1A"
"BMX",0,4.5988079910885,0.245,0.021,0,"12","BMX"
"PKN3",0,4.35524515446449,0.238,0.014,0,"12","PKN3"
"ATP2A3",0,3.48185664188065,0.258,0.035,0,"12","ATP2A3"
"HYAL2",0,2.96301956466757,0.292,0.069,0,"12","HYAL2"
"CXorf36",0,2.76080974176748,0.253,0.031,0,"12","CXorf36"
"CTGF2",0,2.28922561452818,0.291,0.07,0,"12","CTGF"
"NOD1",0,2.00473936727235,0.312,0.092,0,"12","NOD1"
"LEPR",0,2.242181842887,0.331,0.113,0,"12","LEPR"
"CAV2",0,2.68085824969625,0.258,0.04,0,"12","CAV2"
"AC022217.3",0,3.05834227339277,0.254,0.036,0,"12","AC022217.3"
"WNT2B",0,2.70812519010435,0.327,0.11,0,"12","WNT2B"
"RASIP1",0,3.2838964179776,0.243,0.026,0,"12","RASIP1"
"EDN1",0,5.38420427506671,0.225,0.009,0,"12","EDN1"
"SOX18",0,4.26249478379249,0.227,0.011,0,"12","SOX18"
"IL331",0,3.92849455048383,0.23,0.016,0,"12","IL33"
"BMP6",0,4.1558164048444,0.229,0.018,0,"12","BMP6"
"BHLHE40",0,2.06986743522178,0.296,0.085,0,"12","BHLHE40"
"GJA1",0,3.03202747478438,0.244,0.034,0,"12","GJA1"
"FGF21",0,2.56313095238543,0.279,0.072,0,"12","FGF2"
"NOTCH1",0,2.78616923216918,0.242,0.035,0,"12","NOTCH1"
"C4orf19",0,2.84703367440259,0.256,0.05,0,"12","C4orf19"
"LMO2",0,3.92042567012332,0.229,0.024,0,"12","LMO2"
"CFAP54",0,3.83712791951103,0.242,0.037,0,"12","CFAP54"
"MYRIP",0,2.32647403214035,0.384,0.18,0,"12","MYRIP"
"SPECC11",0,2.65179671504745,0.254,0.051,0,"12","SPECC1"
"CDC14A",0,2.02076426528299,0.337,0.135,0,"12","CDC14A"
"GNB4",0,2.01168808852211,0.299,0.1,0,"12","GNB4"
"GCNT2",0,2.63934704117112,0.301,0.103,0,"12","GCNT2"
"NUDT41",0,2.14545120345344,0.332,0.135,0,"12","NUDT4"
"MYO5C",0,3.20472654058788,0.229,0.032,0,"12","MYO5C"
"FAM196A1",0,2.37057405972031,0.242,0.046,0,"12","FAM196A"
"ANGPT2",0,2.10432126414009,0.373,0.179,0,"12","ANGPT2"
"IFITM2",0,2.22849339951023,0.26,0.066,0,"12","IFITM2"
"LIMK2",0,2.09778962410275,0.317,0.124,0,"12","LIMK2"
"MALL",0,4.16515930520817,0.207,0.014,0,"12","MALL"
"SEMA6B",0,3.49470892226482,0.215,0.023,0,"12","SEMA6B"
"SOX17",0,5.19102053734232,0.2,0.008,0,"12","SOX17"
"PCAT19",0,2.92244971071457,0.214,0.022,0,"12","PCAT19"
"KDR",0,3.24498933326711,0.211,0.02,0,"12","KDR"
"FAM241A",0,2.35191425716358,0.233,0.044,0,"12","FAM241A"
"KLF4",0,2.20575228991641,0.24,0.051,0,"12","KLF4"
"AL138689.2",0,4.16656633702865,0.214,0.025,0,"12","AL138689.2"
"IL15RA",0,3.27422934055517,0.212,0.023,0,"12","IL15RA"
"SLFN5",0,2.29317330364639,0.237,0.048,0,"12","SLFN5"
"LRIG1",0,2.49414948129678,0.261,0.073,0,"12","LRIG1"
"CRIP2",0,2.53628240712987,0.306,0.118,0,"12","CRIP2"
"RGS3",0,2.11106735870769,0.317,0.13,0,"12","RGS3"
"RASGRP3",0,2.36812943250398,0.244,0.058,0,"12","RASGRP3"
"AC002070.1",0,2.65855523619239,0.239,0.053,0,"12","AC002070.1"
"GAS6",0,2.52246475794056,0.268,0.083,0,"12","GAS6"
"CHSY31",0,2.06786312606476,0.263,0.078,0,"12","CHSY3"
"ARAP3",0,2.60311907267635,0.243,0.059,0,"12","ARAP3"
"HEY1",0,4.34588270686497,0.207,0.023,0,"12","HEY1"
"ACVRL1",0,3.61359914035311,0.207,0.023,0,"12","ACVRL1"
"AL365273.2",0,2.2802166769095,0.271,0.088,0,"12","AL365273.2"
"DENND3",0,2.30045287043085,0.27,0.088,0,"12","DENND3"
"CASP10",0,3.26749133164808,0.203,0.021,0,"12","CASP10"
"TSPAN2",0,3.13420877196983,0.233,0.052,0,"12","TSPAN2"
"GIPC2",0,2.30189461954715,0.257,0.076,0,"12","GIPC2"
"TNS2",0,2.31820910180807,0.231,0.05,0,"12","TNS2"
"GJA4",0,4.51506099566559,0.189,0.008,0,"12","GJA4"
"AC093801.1",0,4.95996213514335,0.191,0.01,0,"12","AC093801.1"
"CCDC85A",0,2.7377384931488,0.282,0.101,0,"12","CCDC85A"
"ARGLU1",0,2.05089327718763,0.691,0.512,0,"12","ARGLU1"
"JCAD",0,2.66284452834522,0.226,0.048,0,"12","JCAD"
"FBLIM11",0,2.49614928354223,0.232,0.055,0,"12","FBLIM1"
"HRH1",0,2.06880039693762,0.268,0.091,0,"12","HRH1"
"CPNE5",0,3.0425754829639,0.216,0.039,0,"12","CPNE5"
"FZD4",0,2.79088847452706,0.202,0.026,0,"12","FZD4"
"LPCAT2",0,2.21989320275166,0.263,0.087,0,"12","LPCAT2"
"DDX60",0,2.18910468568278,0.23,0.054,0,"12","DDX60"
"WARS",0,2.08843549818836,0.299,0.123,0,"12","WARS"
"EFNA1",0,3.52454582611292,0.199,0.024,0,"12","EFNA1"
"BGN1",0,2.46674713355713,0.209,0.034,0,"12","BGN"
"GRASP",0,2.47213816952408,0.232,0.058,0,"12","GRASP"
"DUSP5",0,2.6423823350197,0.213,0.039,0,"12","DUSP5"
"TCIM",0,2.23069146918414,0.221,0.048,0,"12","TCIM"
"EEPD1",0,2.15129752940376,0.277,0.105,0,"12","EEPD1"
"GNG11",0,3.13409767654473,0.207,0.035,0,"12","GNG11"
"KCNJ2",0,5.45517705029596,0.176,0.006,0,"12","KCNJ2"
"AFAP1L1",0,2.36806664160027,0.219,0.051,0,"12","AFAP1L1"
"PCAT1",0,2.18880856772606,0.229,0.061,0,"12","PCAT1"
"TACR1",0,2.75310596430726,0.227,0.059,0,"12","TACR1"
"PLVAP",0,2.23189829387047,0.2,0.032,0,"12","PLVAP"
"FAT4",0,2.25037308236902,0.28,0.113,0,"12","FAT4"
"TEAD4",0,2.77025549331343,0.199,0.032,0,"12","TEAD4"
"MPZL2",0,3.02669093993355,0.185,0.019,0,"12","MPZL2"
"RCAN11",0,2.35576186074623,0.269,0.104,0,"12","RCAN1"
"SLCO2A1",0,2.21918634245116,0.2,0.035,0,"12","SLCO2A1"
"HTRA1",0,2.34586362586313,0.21,0.045,0,"12","HTRA1"
"DDX58",0,2.11839464142363,0.275,0.111,0,"12","DDX58"
"LTBP41",0,2.18691858476569,0.26,0.097,0,"12","LTBP4"
"PLEKHG2",0,2.69535780953253,0.211,0.048,0,"12","PLEKHG2"
"LRRC8A",0,2.24139882092452,0.267,0.105,0,"12","LRRC8A"
"CYYR1-AS1",0,3.62935561745365,0.184,0.022,0,"12","CYYR1-AS1"
"AP001528.21",0,2.27392309300208,0.201,0.04,0,"12","AP001528.2"
"GNA14-AS11",0,2.55407787610222,0.193,0.033,0,"12","GNA14-AS1"
"ITGB41",0,2.00991039115452,0.196,0.037,0,"12","ITGB4"
"DKK2",0,4.09508402861626,0.183,0.025,0,"12","DKK2"
"CD109",0,2.41017608131081,0.192,0.034,0,"12","CD109"
"RALB",0,2.5848208897826,0.22,0.063,0,"12","RALB"
"TES",0,2.40331367860521,0.196,0.039,0,"12","TES"
"AIF1L",0,4.41009894795603,0.169,0.012,0,"12","AIF1L"
"ADAMTS9-AS1",0,2.68377153466859,0.195,0.038,0,"12","ADAMTS9-AS1"
"ABCC4",0,2.20738036943122,0.247,0.091,0,"12","ABCC4"
"TNFRSF10A",0,3.01367966999061,0.176,0.02,0,"12","TNFRSF10A"
"AC243964.2",0,2.45108679468383,0.208,0.052,0,"12","AC243964.2"
"SOX131",0,2.83073597268062,0.179,0.024,0,"12","SOX13"
"SEMA3F",0,3.40738366944271,0.17,0.016,0,"12","SEMA3F"
"DDIT4",0,2.19869244582498,0.245,0.091,0,"12","DDIT4"
"TMEM471",0,2.80644904133261,0.179,0.026,0,"12","TMEM47"
"ADCY4",0,3.40911916119984,0.167,0.015,0,"12","ADCY4"
"IFIH1",0,2.65587410410169,0.182,0.032,0,"12","IFIH1"
"ISG15",0,2.24900755046974,0.232,0.083,0,"12","ISG15"
"HERC6",0,2.3939472913776,0.197,0.048,0,"12","HERC6"
"CLIC5",0,4.00213357821372,0.159,0.011,0,"12","CLIC5"
"CDKN1A",0,2.15205179902752,0.225,0.078,0,"12","CDKN1A"
"CCDC3",0,2.03759297439123,0.272,0.125,0,"12","CCDC3"
"AC007513.1",0,5.18800623919704,0.155,0.008,0,"12","AC007513.1"
"APOL3",0,2.69435318498812,0.173,0.027,0,"12","APOL3"
"F11R",0,3.37893573864551,0.165,0.02,0,"12","F11R"
"SLC5A4",0,2.93644260641777,0.188,0.043,0,"12","SLC5A4"
"GIMAP4",0,2.53474878688987,0.175,0.031,0,"12","GIMAP4"
"CCDC85B",0,2.26251359751975,0.245,0.101,0,"12","CCDC85B"
"LAMA5",0,2.51435244327806,0.187,0.045,0,"12","LAMA5"
"INHBB",0,4.15461588819178,0.152,0.01,0,"12","INHBB"
"SLFN12L",0,2.14303794540128,0.182,0.04,0,"12","SLFN12L"
"MGLL",0,2.44001446562809,0.195,0.054,0,"12","MGLL"
"AC005237.1",0,2.16459172949438,0.21,0.069,0,"12","AC005237.1"
"KIAA1211L",0,3.49311528211175,0.159,0.019,0,"12","KIAA1211L"
"SNCAIP1",0,2.65232862362147,0.188,0.048,0,"12","SNCAIP"
"CPXM21",0,2.57697102432396,0.17,0.031,0,"12","CPXM2"
"MYLIP",0,2.3389998899417,0.189,0.051,0,"12","MYLIP"
"FZD6",0,2.32488551193069,0.188,0.05,0,"12","FZD6"
"MEDAG1",0,3.32010988598108,0.155,0.017,0,"12","MEDAG"
"MIR222HG",0,2.53541884608997,0.181,0.043,0,"12","MIR222HG"
"RSAD2",0,2.80891111784906,0.175,0.037,0,"12","RSAD2"
"CGNL11",0,2.23976464373713,0.19,0.053,0,"12","CGNL1"
"PIK3R3",0,3.4087793945493,0.169,0.033,0,"12","PIK3R3"
"ELOVL7",0,3.32597303900701,0.168,0.032,0,"12","ELOVL7"
"FAP1",0,2.9554285117838,0.153,0.018,0,"12","FAP"
"CSRNP1",0,2.13741064553469,0.183,0.048,0,"12","CSRNP1"
"NOS3",0,3.79234423912586,0.148,0.013,0,"12","NOS3"
"PNP",0,2.64315955630705,0.186,0.052,0,"12","PNP"
"ADGRG1",0,2.02534514480331,0.202,0.068,0,"12","ADGRG1"
"LTC4S",0,3.50223003890907,0.154,0.021,0,"12","LTC4S"
"MAGI1-AS1",0,3.0120738863237,0.161,0.028,0,"12","MAGI1-AS1"
"HBEGF",0,2.12585209000648,0.18,0.048,0,"12","HBEGF"
"TMEM233",0,2.73090887095365,0.164,0.032,0,"12","TMEM233"
"LAP3",0,2.10099933495109,0.218,0.087,0,"12","LAP3"
"MMP2",0,2.05117307233679,0.192,0.061,0,"12","MMP2"
"EOGT",0,2.30298005920305,0.183,0.053,0,"12","EOGT"
"GUCY1A11",0,2.2140360034492,0.211,0.081,0,"12","GUCY1A1"
"AC130650.1",0,2.74205377986007,0.171,0.041,0,"12","AC130650.1"
"GALNT15",0,2.79857858429369,0.157,0.028,0,"12","GALNT15"
"S100A16",0,2.40777361365888,0.159,0.031,0,"12","S100A16"
"NPAS21",0,2.00795431357446,0.17,0.042,0,"12","NPAS2"
"TMEM109",0,2.28208984191841,0.181,0.055,0,"12","TMEM109"
"PLLP1",0,3.75751720019104,0.14,0.014,0,"12","PLLP"
"MLKL",0,2.44658570090698,0.156,0.03,0,"12","MLKL"
"ZNF366",0,3.48065785085462,0.138,0.012,0,"12","ZNF366"
"AC004889.11",0,2.92767492970593,0.147,0.021,0,"12","AC004889.1"
"CC2D2B",0,2.1107555877808,0.201,0.076,0,"12","CC2D2B"
"LINC01695",0,2.53158541984726,0.175,0.05,0,"12","LINC01695"
"SHROOM1",0,3.26357069112954,0.156,0.032,0,"12","SHROOM1"
"AC004594.1",0,2.29690590741829,0.159,0.035,0,"12","AC004594.1"
"DEPTOR1",0,2.02975148063637,0.211,0.088,0,"12","DEPTOR"
"FURIN",0,2.47649492577403,0.163,0.04,0,"12","FURIN"
"FES",0,2.506427861105,0.16,0.037,0,"12","FES"
"AF241726.2",0,2.11633679910893,0.198,0.076,0,"12","AF241726.2"
"TMEM173",0,2.15123423723076,0.159,0.037,0,"12","TMEM173"
"GIMAP7",0,2.19495033203882,0.15,0.028,0,"12","GIMAP7"
"PCDH1",0,2.30745585935411,0.176,0.055,0,"12","PCDH1"
"F8",0,2.86789329622763,0.156,0.036,0,"12","F8"
"OAS2",0,2.81699521737814,0.142,0.022,0,"12","OAS2"
"HOXB3",0,2.5030813805084,0.144,0.024,0,"12","HOXB3"
"AC004551.1",0,2.54103784862096,0.154,0.034,0,"12","AC004551.1"
"GPRC5B",0,3.20048352701749,0.139,0.02,0,"12","GPRC5B"
"ARHGEF15",0,3.10536093068835,0.132,0.013,0,"12","ARHGEF15"
"NPR3",0,4.53087421730462,0.128,0.009,0,"12","NPR3"
"PXDC11",0,2.25567728018377,0.154,0.035,0,"12","PXDC1"
"PPP1R3B",0,2.84997759176144,0.149,0.03,0,"12","PPP1R3B"
"KANK3",0,2.01114671610446,0.148,0.029,0,"12","KANK3"
"TMEM204",0,2.20930266274939,0.152,0.033,0,"12","TMEM204"
"SULT1B1",0,5.50651739870244,0.121,0.003,0,"12","SULT1B1"
"ROBO4",0,2.44388716967245,0.137,0.022,0,"12","ROBO4"
"SOX7",0,3.51326869296584,0.132,0.017,0,"12","SOX7"
"RAPGEF3",0,3.68239234246598,0.126,0.011,0,"12","RAPGEF3"
"RNF220",0,2.34708019827516,0.206,0.091,0,"12","RNF220"
"TMC7",0,3.07999806136928,0.144,0.029,0,"12","TMC7"
"TMEM255B",0,2.50231461712025,0.14,0.026,0,"12","TMEM255B"
"NRN11",0,2.47526516729724,0.144,0.03,0,"12","NRN1"
"ANXA31",0,4.02800461999469,0.121,0.008,0,"12","ANXA3"
"CCM2L",0,3.34669859334845,0.13,0.018,0,"12","CCM2L"
"SCARF1",0,2.56306334924602,0.134,0.023,0,"12","SCARF1"
"EHD2",0,2.55096672884284,0.133,0.022,0,"12","EHD2"
"AC068234.1",0,2.88047206592721,0.138,0.027,0,"12","AC068234.1"
"MMP28",0,3.30849961479081,0.131,0.02,0,"12","MMP28"
"SLC4A4",0,3.27396141629025,0.138,0.028,0,"12","SLC4A4"
"S100A13",0,2.18779232127125,0.151,0.041,0,"12","S100A13"
"ICAM1",0,2.18951337873273,0.145,0.035,0,"12","ICAM1"
"SOCS2",0,2.20689300120037,0.169,0.06,0,"12","SOCS2"
"HIF3A1",0,2.98792557910786,0.129,0.02,0,"12","HIF3A"
"HEY21",0,3.82683344242929,0.116,0.008,0,"12","HEY2"
"VAMP5",0,2.31237956878103,0.151,0.043,0,"12","VAMP5"
"BAG3",0,2.11956230584045,0.152,0.044,0,"12","BAG3"
"CASKIN2",0,2.5263756288785,0.143,0.035,0,"12","CASKIN2"
"PDGFB1",0,2.07515347067786,0.143,0.035,0,"12","PDGFB"
"AL606489.1",0,2.31069054659876,0.159,0.052,0,"12","AL606489.1"
"ITPKC1",0,2.06426162189582,0.161,0.054,0,"12","ITPKC"
"GBP4",0,2.27490331575995,0.137,0.031,0,"12","GBP4"
"FOXC1",0,2.71273938085493,0.134,0.028,0,"12","FOXC1"
"EGR31",0,2.51919837397916,0.131,0.025,0,"12","EGR3"
"FLT4",0,2.99131237304179,0.116,0.011,0,"12","FLT4"
"GPIHBP1",0,4.40618096269732,0.109,0.005,0,"12","GPIHBP1"
"IFIT1",0,2.50558743713458,0.137,0.034,0,"12","IFIT1"
"OAS3",0,2.68957224829156,0.134,0.031,0,"12","OAS3"
"LGALS9",0,2.17980076287741,0.134,0.031,0,"12","LGALS9"
"ACKR3",0,2.51524982299839,0.125,0.022,0,"12","ACKR3"
"PLK2",0,2.27419592610066,0.153,0.05,0,"12","PLK2"
"ESM1",0,4.13402347895844,0.108,0.006,0,"12","ESM1"
"AP001610.1",0,3.01929327074362,0.119,0.017,0,"12","AP001610.1"
"NR5A2",0,2.5206908188761,0.122,0.021,0,"12","NR5A2"
"AL024474.21",0,2.58790493239939,0.122,0.021,0,"12","AL024474.2"
"CDC42EP51",0,2.2289367767818,0.125,0.025,0,"12","CDC42EP5"
"GRAMD1C",0,2.96695754746531,0.122,0.022,0,"12","GRAMD1C"
"PRDM1",0,2.11843196037549,0.128,0.029,0,"12","PRDM1"
"CNTNAP3",0,2.76443777544787,0.133,0.034,0,"12","CNTNAP3"
"ASS1",0,3.10558180214168,0.117,0.018,0,"12","ASS1"
"KITLG",0,2.42790794437339,0.124,0.026,0,"12","KITLG"
"VCAM1",0,2.29605110845218,0.125,0.027,0,"12","VCAM1"
"CLDN141",0,3.38146167871172,0.111,0.013,0,"12","CLDN14"
"MANSC1",0,2.52857410540583,0.144,0.046,0,"12","MANSC1"
"AC090630.1",0,3.01011447287736,0.12,0.023,0,"12","AC090630.1"
"APOL1",0,2.54951744349343,0.122,0.025,0,"12","APOL1"
"TNFRSF4",0,2.89354868440896,0.107,0.01,0,"12","TNFRSF4"
"AL392023.2",0,5.47317186848961,0.101,0.004,0,"12","AL392023.2"
"GAS2L1",0,2.55625551419257,0.128,0.032,0,"12","GAS2L1"
"NPR1",0,3.12394795111847,0.108,0.012,0,"12","NPR1"
"AC007681.1",0,2.82761608080446,0.13,0.034,0,"12","AC007681.1"
"SLCO4A1",0,3.59059854234561,0.106,0.01,0,"12","SLCO4A1"
"AL157871.4",0,2.06184559831597,0.149,0.053,0,"12","AL157871.4"
"GIMAP6",0,2.98372071264692,0.108,0.013,0,"12","GIMAP6"
"PPP1R14A",0,2.93299150944226,0.114,0.019,0,"12","PPP1R14A"
"CP",0,3.66823512743602,0.116,0.022,0,"12","CP"
"BCL6B",0,3.50573116197487,0.102,0.008,0,"12","BCL6B"
"RBP7",0,3.49335230602276,0.109,0.016,0,"12","RBP7"
"NPNT1",0,2.65238279486156,0.108,0.015,0,"12","NPNT"
"ORAI1",0,2.11064956131918,0.128,0.036,0,"12","ORAI1"
"A4GALT1",0,2.4692669456272,0.117,0.025,0,"12","A4GALT"
"SMAD7",0,2.35966281497416,0.121,0.03,0,"12","SMAD7"
"HSPA12B",0,3.58907700538396,0.104,0.013,0,"12","HSPA12B"
"CMPK2",0,2.80844938273445,0.111,0.021,0,"12","CMPK2"
"TCN2",0,2.20671482125437,0.128,0.041,0,"12","TCN2"
"EPHB4",0,2.64084173228914,0.102,0.015,0,"12","EPHB4"
"AC074386.11",0,2.29342185787954,0.111,0.024,0,"12","AC074386.1"
"ABO",0,3.0147622389793,0.097,0.012,0,"12","ABO"
"AC008514.1",0,6.76111814076385,0.086,0.001,0,"12","AC008514.1"
"TDRD10",0,3.04595260739278,0.096,0.012,0,"12","TDRD10"
"TMEM273",0,2.5401623634396,0.102,0.018,0,"12","TMEM273"
"SH3RF2",0,4.91268701483151,0.09,0.006,0,"12","SH3RF2"
"THSD1",0,2.77305161104602,0.104,0.022,0,"12","THSD1"
"SLC35F2",0,2.01776142085173,0.121,0.039,0,"12","SLC35F2"
"TMEM88",0,2.52785661075829,0.105,0.024,0,"12","TMEM88"
"ALPL",0,3.03608025757275,0.094,0.014,0,"12","ALPL"
"LRIG3",0,2.02486228860705,0.114,0.034,0,"12","LRIG3"
"FOSL11",0,2.24784693032309,0.097,0.018,0,"12","FOSL1"
"MSX1",0,3.53076443006966,0.088,0.01,0,"12","MSX1"
"RSPO32",0,2.99246573621842,0.086,0.008,0,"12","RSPO3"
"HHEX",0,3.23240621634971,0.088,0.011,0,"12","HHEX"
"MFNG",0,2.36423893014295,0.093,0.016,0,"12","MFNG"
"PROSER21",0,2.96387431358777,0.09,0.013,0,"12","PROSER2"
"AC010149.1",0,2.19159670394861,0.096,0.019,0,"12","AC010149.1"
"SPAAR",0,3.44148920337268,0.084,0.008,0,"12","SPAAR"
"CEACAM19",0,2.17844922307888,0.099,0.024,0,"12","CEACAM19"
"ATOH8",0,3.41535576946043,0.082,0.008,0,"12","ATOH8"
"CCDC60",0,2.49272325629726,0.096,0.023,0,"12","CCDC60"
"CARD10",0,3.15732933300591,0.082,0.009,0,"12","CARD10"
"ADAMTS51",0,2.29574906167704,0.091,0.018,0,"12","ADAMTS5"
"LINC00840",0,6.91890454029014,0.073,0.001,0,"12","LINC00840"
"AL021937.3",0,4.2481274141519,0.076,0.004,0,"12","AL021937.3"
"RRAS",0,2.15072085503708,0.1,0.03,0,"12","RRAS"
"ST8SIA6",0,2.88225833204652,0.084,0.015,0,"12","ST8SIA6"
"AL022323.4",0,2.06589142303877,0.096,0.027,0,"12","AL022323.4"
"GABRP",0,4.42948193524354,0.076,0.007,0,"12","GABRP"
"AL133346.12",0,2.20969828729483,0.091,0.023,0,"12","AL133346.1"
"SCIN",0,4.13027996281606,0.075,0.007,0,"12","SCIN"
"PPIC",0,2.1168150547676,0.092,0.025,0,"12","PPIC"
"KCNE3",0,3.82665863888077,0.075,0.008,0,"12","KCNE3"
"HERC5",0,2.18351131585878,0.091,0.024,0,"12","HERC5"
"PTGIS1",0,2.95573504126659,0.088,0.022,0,"12","PTGIS"
"AL109741.1",0,5.27384711547859,0.068,0.002,0,"12","AL109741.1"
"AC007376.2",0,2.61609029329472,0.085,0.019,0,"12","AC007376.2"
"FGF18",0,3.44641920384629,0.073,0.009,0,"12","FGF18"
"PTGS2",0,3.61065248800186,0.075,0.011,0,"12","PTGS2"
"AC074033.1",0,4.96033656347882,0.066,0.002,0,"12","AC074033.1"
"AP000695.2",0,3.42777147778592,0.071,0.008,0,"12","AP000695.2"
"NRIR1",0,2.84349099328258,0.075,0.012,0,"12","NRIR"
"FAM124B",0,4.77181451460167,0.067,0.004,0,"12","FAM124B"
"IL6",0,3.07990310101842,0.073,0.01,0,"12","IL6"
"GPRC5A1",0,2.05859436744471,0.078,0.016,0,"12","GPRC5A"
"TEX26-AS11",0,3.24736239341933,0.071,0.009,0,"12","TEX26-AS1"
"ECSCR",0,3.55563532226906,0.068,0.007,0,"12","ECSCR"
"TEAD2",0,2.18883127134091,0.078,0.017,0,"12","TEAD2"
"DENND2C",0,2.44002414795014,0.075,0.016,0,"12","DENND2C"
"MIR503HG1",0,2.31785215396826,0.079,0.02,0,"12","MIR503HG"
"C19orf33",0,6.11098498143976,0.06,0.001,0,"12","C19orf33"
"AC008534.1",0,4.37605558009587,0.062,0.003,0,"12","AC008534.1"
"ELF4",0,2.4977471325383,0.07,0.012,0,"12","ELF4"
"LDLRAD2",0,2.65895674082563,0.067,0.009,0,"12","LDLRAD2"
"AC108134.3",0,3.02960319051135,0.065,0.007,0,"12","AC108134.3"
"TMEM100",0,3.88039109894854,0.071,0.013,0,"12","TMEM100"
"AL161751.1",0,5.16707071523151,0.059,0.002,0,"12","AL161751.1"
"CDA",0,2.5442822945186,0.066,0.01,0,"12","CDA"
"DHH1",0,3.37695215325481,0.061,0.005,0,"12","DHH"
"C1orf115",0,3.59715647668784,0.061,0.006,0,"12","C1orf115"
"IDO1",0,3.3015243728445,0.062,0.007,0,"12","IDO1"
"PVR",0,2.36960334843205,0.072,0.017,0,"12","PVR"
"HOXB-AS3",0,2.26163576773594,0.066,0.012,0,"12","HOXB-AS3"
"VANGL1",0,2.3160914204984,0.067,0.015,0,"12","VANGL1"
"AL359094.1",0,2.62180206570933,0.063,0.011,0,"12","AL359094.1"
"AC027277.11",0,2.54101400320022,0.061,0.009,0,"12","AC027277.1"
"OASL",0,2.67155216229084,0.062,0.01,0,"12","OASL"
"RND1",0,3.59759495719733,0.057,0.007,0,"12","RND1"
"TAL1",0,2.66786584913142,0.057,0.007,0,"12","TAL1"
"AC142391.1",0,3.8440893426966,0.053,0.003,0,"12","AC142391.1"
"AC079380.11",0,2.76322959120514,0.058,0.009,0,"12","AC079380.1"
"FAM110D",0,2.86963012411163,0.056,0.008,0,"12","FAM110D"
"AL137186.2",0,3.00322099999213,0.054,0.007,0,"12","AL137186.2"
"ESRRB",0,3.2006421150145,0.058,0.011,0,"12","ESRRB"
"SLC14A1",0,2.34481152165616,0.057,0.011,0,"12","SLC14A1"
"ASB9",0,3.42740745278949,0.051,0.005,0,"12","ASB9"
"RP1",0,2.75558239401174,0.058,0.012,0,"12","RP1"
"SSTR1",0,7.38384755257193,0.046,0.001,0,"12","SSTR1"
"NRARP",0,2.95341442464779,0.051,0.008,0,"12","NRARP"
"AL365259.1",0,3.30625214446714,0.047,0.005,0,"12","AL365259.1"
"AC125793.1",0,2.7134124289002,0.05,0.009,0,"12","AC125793.1"
"AC011676.3",0,4.88150533251021,0.042,0.002,0,"12","AC011676.3"
"AC011853.2",0,4.36618547378341,0.041,0.002,0,"12","AC011853.2"
"LINC009821",0,3.18525321456316,0.043,0.004,0,"12","LINC00982"
"DOCK9-AS1",0,3.65629282647176,0.043,0.004,0,"12","DOCK9-AS1"
"RASL10A",0,2.29531186257033,0.045,0.007,0,"12","RASL10A"
"TOR4A",0,2.64140913088395,0.045,0.007,0,"12","TOR4A"
"HES5",0,6.82782438533128,0.037,0.001,0,"12","HES5"
"LINC012901",0,2.32982842533788,0.044,0.008,0,"12","LINC01290"
"KCNJ2-AS1",0,5.14500453638163,0.037,0.001,0,"12","KCNJ2-AS1"
"SLC25A34-AS1",0,2.71562723101866,0.039,0.005,0,"12","SLC25A34-AS1"
"PSORS1C11",0,3.00336707180263,0.038,0.004,0,"12","PSORS1C1"
"CXCL3",0,2.66458008076946,0.039,0.006,0,"12","CXCL3"
"CLEC3B",0,3.22740144246184,0.037,0.004,0,"12","CLEC3B"
"SCGB3A1",0,4.03665874808011,0.036,0.003,0,"12","SCGB3A1"
"AC010976.2",0,4.05976137558232,0.034,0.002,0,"12","AC010976.2"
"AC009414.2",0,3.16272020152998,0.035,0.004,0,"12","AC009414.2"
"AP000695.1",0,3.90359598782912,0.034,0.003,0,"12","AP000695.1"
"PLA1A",0,3.02880953324422,0.037,0.006,0,"12","PLA1A"
"CLCF1",0,2.87693624415179,0.036,0.005,0,"12","CLCF1"
"ADRA2C",0,3.9593999583724,0.034,0.004,0,"12","ADRA2C"
"AL590226.1",0,3.60241126741605,0.033,0.003,0,"12","AL590226.1"
"AL583785.1",0,4.05025002411894,0.032,0.002,0,"12","AL583785.1"
"AC025175.1",0,4.98916687975862,0.029,0.001,0,"12","AC025175.1"
"AL445465.11",0,3.05574550627969,0.032,0.004,0,"12","AL445465.1"
"HRCT1",0,3.9179241424373,0.03,0.003,0,"12","HRCT1"
"FGFR3",0,4.45591003600532,0.027,0.001,0,"12","FGFR3"
"SLC52A3",0,3.81331627140079,0.027,0.002,0,"12","SLC52A3"
"LINC01708",0,3.91037453748317,0.028,0.003,0,"12","LINC01708"
"LINC01235",0,3.15840988239277,0.027,0.003,0,"12","LINC01235"
"AP001189.1",0,3.79368058169334,0.026,0.002,0,"12","AP001189.1"
"AL096772.11",0,3.0719212180993,0.027,0.003,0,"12","AL096772.1"
"FCN3",0,3.7128784551803,0.025,0.002,0,"12","FCN3"
"VSIG2",0,3.66930756914528,0.023,0.002,0,"12","VSIG2"
"PRND",0,4.4153255287546,0.022,0.001,0,"12","PRND"
"ERICH4",0,4.12640964482067,0.021,0.001,0,"12","ERICH4"
"ITLN1",0,8.46851146637645,0.017,0.001,0,"12","ITLN1"
"AC011676.2",0,4.43318205218537,0.017,0.001,0,"12","AC011676.2"
"AL139237.2",0,6.81714897002219,0.015,0,0,"12","AL139237.2"
"AC073257.2",0,4.62131203917661,0.014,0,0,"12","AC073257.2"
"AC002480.2",0,4.12034292913989,0.015,0.001,0,"12","AC002480.2"
"CYP1A1",0,7.54541686037391,0.013,0,0,"12","CYP1A1"
"LINC00551",0,5.65389313252383,0.012,0,0,"12","LINC00551"
"LINC00619",0,4.97386901463436,0.011,0,0,"12","LINC00619"
"AC002480.3",0,5.18539172705918,0.01,0,0,"12","AC002480.3"
"BMP4",2.09224430263061e-302,2.98629442910944,0.038,0.006,6.82824850606525e-298,"12","BMP4"
"EXOC3L2",5.8791521676379e-302,2.13867324789416,0.063,0.015,1.9187201014303e-297,"12","EXOC3L2"
"AC068491.2",1.25818901469864e-300,2.5957549823864,0.066,0.016,4.10622566837048e-296,"12","AC068491.2"
"FAM89A",4.05196024877563e-300,2.06233777543268,0.15,0.06,1.32239774679042e-295,"12","FAM89A"
"USP18",4.14925210930654e-297,2.27106254015504,0.063,0.015,1.35414991839328e-292,"12","USP18"
"ADA",4.16492750448473e-296,2.15184882010804,0.073,0.019,1.35926574036364e-291,"12","ADA"
"AL049812.3",1.33226577112617e-292,3.3303065914343,0.026,0.003,4.34798257064735e-288,"12","AL049812.3"
"ARHGAP31-AS11",1.96510539089967e-292,2.40755588277452,0.055,0.012,6.41331795374016e-288,"12","ARHGAP31-AS1"
"CARD6",5.40721545858118e-287,2.33644461138999,0.05,0.01,1.76469883706255e-282,"12","CARD6"
"CARD16",4.65320277559227e-285,2.00416685693196,0.086,0.025,1.51861925784229e-280,"12","CARD16"
"AC004918.1",1.0491629397672e-282,2.16974694145344,0.113,0.039,3.42404817022424e-278,"12","AC004918.1"
"LINC02185",1.15845417621736e-280,3.78201183651195,0.016,0.001,3.78073104950298e-276,"12","LINC02185"
"AC126283.2",1.86474283464164e-280,3.07015357260966,0.022,0.002,6.08577471513645e-276,"12","AC126283.2"
"AC011595.1",1.68267729684544e-278,3.39645757363371,0.024,0.003,5.49158562598477e-274,"12","AC011595.1"
"LYL1",8.7461737434373e-278,2.12403105937144,0.064,0.016,2.8544012629082e-273,"12","LYL1"
"GIMAP5",5.80459659798573e-275,2.57591213939396,0.026,0.003,1.89438814571862e-270,"12","GIMAP5"
"CYP26B1",6.00147538034897e-269,2.34292579571213,0.045,0.009,1.95864150513069e-264,"12","CYP26B1"
"HLX",1.12910860423769e-268,2.27229877773761,0.051,0.011,3.68495884079011e-264,"12","HLX"
"AC104695.2",1.69106979414695e-267,2.86799416890977,0.042,0.008,5.51897538017799e-263,"12","AC104695.2"
"AC006160.1",3.38163369616887e-265,2.0230760228342,0.118,0.043,1.10362997308167e-260,"12","AC006160.1"
"IFIT3",1.62350270579208e-263,2.02570222904284,0.207,0.103,5.29846343062303e-259,"12","IFIT3"
"AC090971.2",3.68921843503596e-263,2.09205901678851,0.107,0.037,1.20401332845834e-258,"12","AC090971.2"
"AC099560.1",2.48468443546095e-262,3.14297811321425,0.03,0.004,8.10901612357037e-258,"12","AC099560.1"
"FLNC",1.15715969811894e-261,2.30740617118657,0.044,0.009,3.77650639078096e-257,"12","FLNC"
"MYOM3",2.52774143624292e-260,3.13823050648195,0.02,0.002,8.24953695132238e-256,"12","MYOM3"
"AL645608.8",4.0699291976525e-259,2.6481792662754,0.04,0.007,1.32826209294587e-254,"12","AL645608.8"
"AP002989.1",5.83891528539696e-259,2.46101764236279,0.074,0.021,1.90558839254215e-254,"12","AP002989.1"
"STARD8",1.24811154848988e-257,2.13342215804986,0.053,0.012,4.07333684965156e-253,"12","STARD8"
"AADACL2-AS11",1.56028057022959e-255,2.66029327620405,0.035,0.006,5.09213166900129e-251,"12","AADACL2-AS1"
"MOV10L1",9.802121115888e-255,2.71256941120122,0.058,0.014,3.19902024738121e-250,"12","MOV10L1"
"AP001605.1",7.6787980745587e-251,2.53458896043212,0.07,0.019,2.50605253961298e-246,"12","AP001605.1"
"CPAMD8",1.88549310725444e-250,2.59262925266372,0.064,0.017,6.15349530483561e-246,"12","CPAMD8"
"AC105053.1",1.9182224694182e-250,3.59211834679948,0.013,0.001,6.26031085119324e-246,"12","AC105053.1"
"ADM5",3.17342501138586e-247,2.87106091618342,0.03,0.005,1.03567898671589e-242,"12","ADM5"
"TTC6",8.73510602878414e-244,3.23725495453968,0.041,0.008,2.85078920355399e-239,"12","TTC6"
"TLR3",1.81567305163912e-243,2.64035341791665,0.031,0.005,5.92563057132943e-239,"12","TLR3"
"PTHLH",4.97556579375003e-243,2.77276177403624,0.031,0.005,1.62382565244826e-238,"12","PTHLH"
"CASTOR1",4.7297068873731e-242,2.56249359611835,0.038,0.007,1.54358713976309e-237,"12","CASTOR1"
"AC074286.1",8.71955994221883e-241,2.8864906837353,0.108,0.041,2.84571558274254e-236,"12","AC074286.1"
"GIMAP1",1.71913351343352e-240,2.11854557287237,0.06,0.016,5.61056413444164e-236,"12","GIMAP1"
"LRRC74A",3.25494213892547e-240,2.81538531604607,0.027,0.004,1.06228291645972e-235,"12","LRRC74A"
"HOXB71",1.32327145362392e-239,2.30255223400466,0.043,0.009,4.31862871604701e-235,"12","HOXB7"
"FAM69B",1.59600843652057e-238,2.3217292984109,0.11,0.041,5.20873313342854e-234,"12","FAM69B"
"SLC16A14",3.13205787204733e-238,2.2171960196297,0.129,0.053,1.02217840712137e-233,"12","SLC16A14"
"AC007193.2",2.54819848142099e-235,2.92443357477422,0.037,0.007,8.31630056396553e-231,"12","AC007193.2"
"TRPM6",1.74517499498806e-233,2.65959431604478,0.048,0.011,5.69555311364303e-229,"12","TRPM6"
"PRR29",2.72796047766394e-232,3.50933374948601,0.024,0.003,8.90297181490403e-228,"12","PRR29"
"ARSJ1",2.93541150783569e-230,2.00702034765902,0.052,0.013,9.58000899697256e-226,"12","ARSJ"
"AC111194.2",6.47795718228782e-230,2.80686020678379,0.036,0.007,2.11414610601145e-225,"12","AC111194.2"
"AC007743.1",1.16123939402654e-227,3.18872625529342,0.038,0.008,3.78982088634503e-223,"12","AC007743.1"
"LINC01704",2.92139128999532e-227,3.17083799818532,0.019,0.002,9.53425261402872e-223,"12","LINC01704"
"AC010524.11",3.72966471855027e-227,2.05394190672156,0.038,0.008,1.21721337754607e-222,"12","AC010524.1"
"ANKRD291",1.86266824937628e-226,2.02899289106396,0.108,0.041,6.07900409866444e-222,"12","ANKRD29"
"ITGA10",3.3169939066249e-223,2.09066852848864,0.069,0.02,1.0825341313661e-218,"12","ITGA10"
"MYO7B1",5.92950702110853e-220,2.32386024534455,0.031,0.005,1.93515391140898e-215,"12","MYO7B"
"GPR146",9.07769873199126e-220,2.40240138566306,0.077,0.025,2.96259775817267e-215,"12","GPR146"
"LINC01558",2.53133598275676e-218,2.85360894277853,0.026,0.004,8.26126811332495e-214,"12","LINC01558"
"FOXF1",3.6129777424525e-218,3.1068260513612,0.015,0.001,1.1791314160268e-213,"12","FOXF1"
"KL",1.25353441302184e-217,2.45171106776395,0.042,0.009,4.09103491033807e-213,"12","KL"
"INSIG1",3.15908735580329e-217,2.12304581116419,0.164,0.079,1.03099974943996e-212,"12","INSIG1"
"CXCL11",1.42432744053089e-214,3.21639085311679,0.022,0.003,4.64843503491661e-210,"12","CXCL1"
"AC011472.11",7.09645835069818e-214,2.21904731099116,0.039,0.008,2.31600014733386e-209,"12","AC011472.1"
"SEMA7A",3.42314788529596e-213,2.21275492202652,0.046,0.011,1.11717854384519e-208,"12","SEMA7A"
"C2CD4B",6.82846798288239e-210,2.35055448693618,0.075,0.024,2.2285388108935e-205,"12","C2CD4B"
"KAZALD11",1.37635568922771e-209,3.5590216654038,0.02,0.003,4.49187442736355e-205,"12","KAZALD1"
"EXOC3L1",2.1431273663374e-207,2.38422733875917,0.05,0.013,6.99431047277874e-203,"12","EXOC3L1"
"AC104031.1",5.69012878877508e-207,3.75292174792716,0.012,0.001,1.85703043150464e-202,"12","AC104031.1"
"CCDC178",4.51696550836851e-205,2.27825820784189,0.075,0.024,1.47415686331115e-200,"12","CCDC178"
"IFIT2",1.37974133037615e-201,2.05324694002912,0.093,0.034,4.50292380581561e-197,"12","IFIT2"
"CDSN",1.78141195237653e-201,3.38309996115764,0.016,0.002,5.81381604777605e-197,"12","CDSN"
"KCNK5",3.96081894625416e-198,2.0368030696339,0.039,0.009,1.29265287129951e-193,"12","KCNK5"
"PPM1H",7.26042498105953e-196,2.01179928483372,0.109,0.044,2.36951229681859e-191,"12","PPM1H"
"AC011383.1",1.20381060049073e-194,3.44564032476717,0.015,0.002,3.92875627576153e-190,"12","AC011383.1"
"TRDN",1.83361650943778e-191,2.97728086793095,0.038,0.008,5.98419084020115e-187,"12","TRDN"
"AC097059.1",3.69618705249454e-190,3.1337539653954,0.019,0.003,1.20628760645212e-185,"12","AC097059.1"
"MYOZ3",3.09115418340504e-189,2.83868751249492,0.035,0.007,1.00882907929607e-184,"12","MYOZ3"
"RASGRF2-AS1",1.70572831624009e-188,3.28894337844284,0.016,0.002,5.56681493288117e-184,"12","RASGRF2-AS1"
"LINC01013",2.1077356785302e-188,2.78171100051327,0.019,0.003,6.87880616045115e-184,"12","LINC01013"
"IFITM1",1.17514116192626e-187,2.11858256803686,0.057,0.017,3.83519069606253e-183,"12","IFITM1"
"HOXD9",3.75366116619056e-181,2.53606085222563,0.07,0.024,1.22504485819795e-176,"12","HOXD9"
"TRIM47",1.01671634050862e-180,2.00632790331887,0.073,0.025,3.31815544888392e-176,"12","TRIM47"
"GIPC3",1.41597097824623e-180,2.39320960487099,0.02,0.003,4.62116288460439e-176,"12","GIPC3"
"TMEM178A",4.15875881559104e-176,2.3203399906319,0.088,0.034,1.35725252705629e-171,"12","TMEM178A"
"ACER2",1.64075089601294e-175,2.12342337688064,0.115,0.051,5.35475462422784e-171,"12","ACER2"
"FBXO39",1.66509242387968e-174,2.81066437498774,0.019,0.003,5.43419563457371e-170,"12","FBXO39"
"AL355075.3",1.06451218146041e-170,3.72400936994197,0.011,0.001,3.47414195541419e-166,"12","AL355075.3"
"Z97192.1",2.97125752749653e-170,2.46597337398809,0.028,0.006,9.69699606673769e-166,"12","Z97192.1"
"AJ239322.2",1.6220305768163e-169,4.45461206721733,0.019,0.003,5.29365899049768e-165,"12","AJ239322.2"
"OR2A42",3.98720140213286e-169,3.10431343773529,0.013,0.001,1.30126304960008e-164,"12","OR2A42"
"GPR4",3.44623393140877e-168,2.12446073174852,0.024,0.004,1.12471290585457e-163,"12","GPR4"
"TULP21",1.2343341729838e-167,2.13801764060858,0.036,0.009,4.02837300694995e-163,"12","TULP2"
"BTNL8",3.86924866957264e-167,3.30061102905757,0.018,0.003,1.26276799580173e-162,"12","BTNL8"
"CCL8",6.89075153657108e-166,2.00373452263676,0.02,0.003,2.24886567147534e-161,"12","CCL8"
"SLC17A3",3.30956365235929e-165,3.55691848968896,0.01,0.001,1.08010919358398e-160,"12","SLC17A3"
"GSG1",4.08490841618775e-165,2.76612670590362,0.033,0.007,1.33315071070704e-160,"12","GSG1"
"NRGN",6.2719700529807e-165,2.35943554858837,0.042,0.011,2.04692014649078e-160,"12","NRGN"
"CHMP4C",9.38523710014707e-161,2.96135908009727,0.015,0.002,3.062965980004e-156,"12","CHMP4C"
"SPRED3",3.05001986130218e-160,2.12091279301568,0.057,0.018,9.95404481934578e-156,"12","SPRED3"
"AL162742.2",5.93486810132319e-160,2.85405183873027,0.014,0.002,1.93690355354784e-155,"12","AL162742.2"
"AC136489.1",1.0911890120678e-159,2.09929179667374,0.036,0.009,3.56120445978448e-155,"12","AC136489.1"
"ZNF385A",2.82388632299021e-154,2.21189459517422,0.061,0.021,9.21603540371084e-150,"12","ZNF385A"
"CITED4",1.35493171920011e-153,2.22431368396735,0.07,0.026,4.42195515878147e-149,"12","CITED4"
"AC068234.2",1.37248183009225e-153,2.12686718348931,0.07,0.026,4.47923170068906e-149,"12","AC068234.2"
"ADPRH",2.127447152589e-153,2.07712747873763,0.04,0.011,6.94313652718945e-149,"12","ADPRH"
"BX248415.11",1.43142036605627e-149,2.67554381217874,0.021,0.004,4.67158350666125e-145,"12","BX248415.1"
"OR2A14",7.05998240492823e-146,3.42517567115337,0.01,0.001,2.30409585767238e-141,"12","OR2A14"
"ACE",2.64089131121404e-143,2.16859520697635,0.075,0.029,8.61881288327814e-139,"12","ACE"
"CSF3",2.26004501812033e-139,2.086628855888,0.017,0.003,7.37588292113752e-135,"12","CSF3"
"IRF6",1.67238655347776e-138,3.21252838970049,0.038,0.011,5.45800075593001e-134,"12","IRF6"
"AC006159.1",5.13781135654514e-138,3.1363941221087,0.01,0.001,1.67677611432207e-133,"12","AC006159.1"
"PROSER2-AS1",4.34159735314452e-136,3.01102112673225,0.023,0.005,1.41692371217225e-131,"12","PROSER2-AS1"
"CASC8",5.90211285229987e-135,2.0483846475278,0.035,0.009,1.92621355047659e-130,"12","CASC8"
"AC020911.2",9.13641687915051e-135,2.25657831643331,0.042,0.012,2.98176101267956e-130,"12","AC020911.2"
"ACR",5.12059030000111e-133,3.06542579487518,0.014,0.002,1.67115585030836e-128,"12","ACR"
"PRRT11",8.96085127540551e-132,2.35946641828208,0.028,0.007,2.92446342224134e-127,"12","PRRT1"
"HPR1",3.39283833945375e-131,3.3830298140744,0.018,0.003,1.10728672046413e-126,"12","HPR"
"IGF2-ENSG000001672441",4.5232568682707e-130,2.30282753829002,0.015,0.002,1.47621011152883e-125,"12","IGF2-ENSG00000167244"
"AL445490.1",1.36780685248281e-128,2.41448166980781,0.029,0.007,4.46397444376288e-124,"12","AL445490.1"
"BATF21",9.68094560615238e-125,2.61939906957874,0.019,0.004,3.15947340802389e-120,"12","BATF2"
"LINC016841",2.46131275208848e-124,2.00007491856931,0.031,0.008,8.03274029771598e-120,"12","LINC01684"
"CACNG8",1.65534035110345e-122,2.29921874781424,0.035,0.01,5.40236876986121e-118,"12","CACNG8"
"CERNA1",3.56261660280482e-122,2.39512350609746,0.05,0.017,1.16269555449138e-117,"12","CERNA1"
"P2RY11",8.07358842335231e-119,2.40875795063442,0.026,0.006,2.63489631784526e-114,"12","P2RY1"
"SIK1",3.14219988617676e-117,2.05005830452922,0.03,0.008,1.02548835485265e-112,"12","SIK1"
"LCN6",5.54554632268461e-117,2.8855383029303,0.011,0.001,1.80984449787135e-112,"12","LCN6"
"EFCC1",1.29580684603949e-115,2.24553598254328,0.026,0.006,4.22899522273447e-111,"12","EFCC1"
"PLS3-AS1",6.3204839008938e-114,2.60263094054703,0.016,0.003,2.0627531258957e-109,"12","PLS3-AS1"
"AC092053.3",8.523847383562e-114,2.28114272611891,0.026,0.007,2.7818428320993e-109,"12","AC092053.3"
"AL355916.2",3.37878830253622e-112,2.01466266787586,0.018,0.003,1.10270135041572e-107,"12","AL355916.2"
"AP001372.1",2.38711097064306e-110,2.52759280546888,0.04,0.013,7.79057536379068e-106,"12","AP001372.1"
"SENCR",1.04359883484883e-107,2.47747945130806,0.016,0.003,3.40588915741263e-103,"12","SENCR"
"MYORG",1.42283322352991e-107,2.39743314864476,0.028,0.007,4.64355850831221e-103,"12","MYORG"
"AC087392.2",2.73278786760172e-107,2.52155805840699,0.015,0.002,8.91872648470499e-103,"12","AC087392.2"
"CD300LG",2.74350902661085e-107,2.35027339078804,0.017,0.003,8.95371605924718e-103,"12","CD300LG"
"AL357054.4",9.89677940261817e-107,2.53544477896358,0.012,0.002,3.22991292583847e-102,"12","AL357054.4"
"AC024084.1",5.54130744577889e-106,2.1287783787483,0.026,0.007,1.8084610980044e-101,"12","AC024084.1"
"TOP2A",0,6.52739346164559,0.703,0.016,0,"13","TOP2A"
"DIAPH3",0,5.04118315144512,0.734,0.048,0,"13","DIAPH3"
"BRIP1",0,4.92768655992954,0.686,0.04,0,"13","BRIP1"
"SMC4",0,3.16044765082813,0.728,0.097,0,"13","SMC4"
"ATAD2",0,3.5995536263713,0.652,0.065,0,"13","ATAD2"
"CENPF",0,5.32745189025766,0.606,0.022,0,"13","CENPF"
"EZH2",0,3.04733493105579,0.718,0.141,0,"13","EZH2"
"RFC3",0,2.84025661420365,0.757,0.193,0,"13","RFC3"
"ASPM",0,6.16812962080265,0.557,0.013,0,"13","ASPM"
"HELLS",0,3.2649364674325,0.636,0.101,0,"13","HELLS"
"CENPK",0,3.97267100538509,0.553,0.034,0,"13","CENPK"
"SPC25",0,2.23055283476125,0.568,0.052,0,"13","SPC25"
"MMS22L",0,2.92792058508597,0.627,0.114,0,"13","MMS22L"
"TMPO",0,2.63186648797046,0.639,0.128,0,"13","TMPO"
"MKI67",0,6.09397613907571,0.519,0.009,0,"13","MKI67"
"CIT",0,3.40536118364774,0.583,0.076,0,"13","CIT"
"DTL",0,5.23146778810115,0.512,0.016,0,"13","DTL"
"GTSE1",0,5.820300233039,0.507,0.011,0,"13","GTSE1"
"FANCI",0,3.98965458747385,0.534,0.039,0,"13","FANCI"
"CEP128",0,2.69892818051887,0.622,0.127,0,"13","CEP128"
"KIF18B",0,6.09082883071028,0.505,0.011,0,"13","KIF18B"
"POLQ",0,4.53278054640193,0.52,0.031,0,"13","POLQ"
"MELK",0,5.33530479696525,0.5,0.015,0,"13","MELK"
"NUF2",0,3.29081440477068,0.549,0.065,0,"13","NUF2"
"NUSAP1",0,4.97627501747368,0.487,0.019,0,"13","NUSAP1"
"SKA2",0,2.16658976516841,0.654,0.187,0,"13","SKA2"
"KNL1",0,5.04684358946101,0.483,0.017,0,"13","KNL1"
"FANCA",0,3.38432450545744,0.522,0.06,0,"13","FANCA"
"BRCA1",0,2.12401047361931,0.631,0.169,0,"13","BRCA1"
"NCAPG",0,5.30508279107956,0.473,0.014,0,"13","NCAPG"
"CENPP",0,2.09477344909037,0.673,0.215,0,"13","CENPP"
"C21orf58",0,3.89689069640391,0.508,0.051,0,"13","C21orf58"
"CIP2A",0,3.87420290565191,0.495,0.04,0,"13","CIP2A"
"NCAPG2",0,3.4292923927047,0.521,0.066,0,"13","NCAPG2"
"AP001347.1",0,2.93064904154742,0.549,0.096,0,"13","AP001347.1"
"ATAD5",0,2.12951325567294,0.619,0.166,0,"13","ATAD5"
"MIS18BP1",0,2.10602947633313,0.579,0.13,0,"13","MIS18BP1"
"KIF15",0,4.97759137150888,0.46,0.017,0,"13","KIF15"
"APOLD11",0,2.71535194619005,0.533,0.093,0,"13","APOLD1"
"ZGRF1",0,3.28955483518832,0.496,0.065,0,"13","ZGRF1"
"KIF20B",0,3.4409221438025,0.477,0.048,0,"13","KIF20B"
"AURKB",0,6.94227625092806,0.432,0.004,0,"13","AURKB"
"TPX2",0,5.4625018813528,0.438,0.012,0,"13","TPX2"
"AC011447.3",0,2.53457350981907,0.518,0.098,0,"13","AC011447.3"
"CDK1",0,6.14756170543352,0.427,0.008,0,"13","CDK1"
"KIF11",0,4.80650145377833,0.422,0.014,0,"13","KIF11"
"LMNB1",0,2.93060411542512,0.468,0.062,0,"13","LMNB1"
"CLSPN",0,4.3640664494769,0.426,0.022,0,"13","CLSPN"
"RAD51AP1",0,4.78615601604428,0.417,0.017,0,"13","RAD51AP1"
"HMGB2",0,3.55904113901101,0.5,0.101,0,"13","HMGB2"
"RACGAP1",0,3.83502774568374,0.434,0.035,0,"13","RACGAP1"
"BRCA2",0,3.76517237049827,0.423,0.026,0,"13","BRCA2"
"PARPBP",0,4.18926853386916,0.418,0.025,0,"13","PARPBP"
"CEP152",0,3.30520905099533,0.427,0.036,0,"13","CEP152"
"Z94721.1",0,3.47974505752639,0.435,0.044,0,"13","Z94721.1"
"SMC2",0,3.02191059868765,0.458,0.068,0,"13","SMC2"
"CENPU",0,4.44250624235089,0.409,0.019,0,"13","CENPU"
"AC091057.6",0,4.5702822807741,0.41,0.022,0,"13","AC091057.6"
"XRCC2",0,4.26209990052768,0.41,0.024,0,"13","XRCC2"
"DEPDC1B",0,4.42665745979208,0.405,0.023,0,"13","DEPDC1B"
"RTKN2",0,3.63950012216981,0.403,0.022,0,"13","RTKN2"
"NDC80",0,4.76439052908024,0.393,0.012,0,"13","NDC80"
"KIF14",0,5.45395934648162,0.391,0.012,0,"13","KIF14"
"ECT2",0,3.92143829840335,0.409,0.03,0,"13","ECT2"
"ANLN",0,5.01631805094985,0.393,0.014,0,"13","ANLN"
"KNTC1",0,3.21420948192534,0.431,0.052,0,"13","KNTC1"
"LINC01572",0,2.78809693391743,0.473,0.094,0,"13","LINC01572"
"PBK",0,6.32546198285145,0.383,0.005,0,"13","PBK"
"CDC25C",0,5.59690681930983,0.387,0.01,0,"13","CDC25C"
"BIRC5",0,5.72420928326445,0.386,0.009,0,"13","BIRC5"
"BLM",0,3.84167769994661,0.393,0.026,0,"13","BLM"
"ESCO2",0,6.04604839311625,0.372,0.006,0,"13","ESCO2"
"GEN1",0,3.11748323101431,0.418,0.055,0,"13","GEN1"
"KIFC1",0,5.92328657698059,0.368,0.006,0,"13","KIFC1"
"VRK1",0,2.53971192521582,0.426,0.066,0,"13","VRK1"
"MYBL2",0,4.82987699003511,0.372,0.012,0,"13","MYBL2"
"DNA2",0,3.48253874038437,0.398,0.039,0,"13","DNA2"
"EXO1",0,5.11771223117458,0.367,0.011,0,"13","EXO1"
"TYMS",0,4.00497923075907,0.388,0.032,0,"13","TYMS"
"MCM10",0,5.0249449768923,0.365,0.011,0,"13","MCM10"
"CENPE",0,4.91153522782368,0.367,0.015,0,"13","CENPE"
"CHEK1",0,3.62378938466663,0.38,0.032,0,"13","CHEK1"
"NCAPD3",0,2.50613564700554,0.417,0.072,0,"13","NCAPD3"
"BUB1B",0,5.28563174044543,0.353,0.009,0,"13","BUB1B"
"RBL1",0,2.12612607322713,0.451,0.111,0,"13","RBL1"
"CKAP2",0,2.83690780256874,0.411,0.072,0,"13","CKAP2"
"MCM3",0,3.00723136600614,0.39,0.053,0,"13","MCM3"
"TACC3",0,3.4326444385541,0.359,0.024,0,"13","TACC3"
"RRM1",0,2.41374956233483,0.409,0.074,0,"13","RRM1"
"KPNA2",0,2.91596249267551,0.439,0.105,0,"13","KPNA2"
"ORC6",0,4.11006747112561,0.352,0.02,0,"13","ORC6"
"CENPJ",0,2.63853424177882,0.391,0.062,0,"13","CENPJ"
"GLYATL2",0,2.46749227282759,0.436,0.109,0,"13","GLYATL2"
"RAD18",0,2.03606982202297,0.439,0.113,0,"13","RAD18"
"KIF23",0,5.40486143639286,0.333,0.007,0,"13","KIF23"
"HMGN2",0,2.2398545825263,0.568,0.242,0,"13","HMGN2"
"POLE",0,2.98669838633843,0.369,0.045,0,"13","POLE"
"WDR76",0,3.32275189616184,0.361,0.037,0,"13","WDR76"
"KIF4A1",0,3.48131858342216,0.344,0.021,0,"13","KIF4A"
"DBF4",0,2.65192276378714,0.378,0.058,0,"13","DBF4"
"UBE2T",0,3.806507116173,0.359,0.04,0,"13","UBE2T"
"TUBA1B",0,2.40353635447839,0.579,0.26,0,"13","TUBA1B"
"ZNF519",0,2.37165695474504,0.383,0.066,0,"13","ZNF519"
"HIST1H4C",0,4.11516523853222,0.437,0.122,0,"13","HIST1H4C"
"GMNN1",0,2.94745649100365,0.363,0.049,0,"13","GMNN"
"CHAF1A",0,3.54857608744909,0.34,0.026,0,"13","CHAF1A"
"MXD3",0,3.14931313143814,0.361,0.049,0,"13","MXD3"
"ARHGAP11A",0,4.99874864610125,0.322,0.01,0,"13","ARHGAP11A"
"ZNF367",0,3.72801481681816,0.335,0.024,0,"13","ZNF367"
"NCAPD2",0,2.59928173902513,0.366,0.055,0,"13","NCAPD2"
"DTYMK",0,2.72399773470732,0.377,0.068,0,"13","DTYMK"
"FOXM1",0,3.68584339518333,0.328,0.019,0,"13","FOXM1"
"MCM7",0,2.22118630096525,0.404,0.101,0,"13","MCM7"
"CDCA7",0,4.12151336372895,0.319,0.016,0,"13","CDCA7"
"CCDC150",0,2.92097133621106,0.347,0.045,0,"13","CCDC150"
"TK1",0,5.10711947871582,0.309,0.009,0,"13","TK1"
"FANCD2",0,3.10393599860259,0.327,0.03,0,"13","FANCD2"
"GJC1",0,2.0714054433872,0.35,0.057,0,"13","GJC1"
"C2orf48",0,6.45092771513854,0.295,0.004,0,"13","C2orf48"
"KIF2C",0,4.73450514683158,0.299,0.009,0,"13","KIF2C"
"H2AFZ",0,2.44664297330116,0.479,0.19,0,"13","H2AFZ"
"NCAPH",0,4.99890222070203,0.294,0.007,0,"13","NCAPH"
"CKAP2L",0,5.92150382598043,0.291,0.004,0,"13","CKAP2L"
"ZWINT",0,5.08056117665022,0.296,0.01,0,"13","ZWINT"
"PRR11",0,4.15579478588579,0.301,0.016,0,"13","PRR11"
"LIG1",0,2.64942909848443,0.329,0.046,0,"13","LIG1"
"MND1",0,3.16939136743023,0.312,0.03,0,"13","MND1"
"ZNF730",0,2.60919889786647,0.341,0.059,0,"13","ZNF730"
"KIF22",0,2.61576419079948,0.331,0.052,0,"13","KIF22"
"WDHD1",0,2.64273077986394,0.33,0.052,0,"13","WDHD1"
"IQGAP3",0,5.86140770306457,0.282,0.005,0,"13","IQGAP3"
"TTK",0,5.91001114683383,0.282,0.005,0,"13","TTK"
"MAD2L1",0,4.73983071499943,0.291,0.015,0,"13","MAD2L1"
"CDC45",0,4.94173481199423,0.283,0.008,0,"13","CDC45"
"CDCA2",0,5.89529978463273,0.274,0.004,0,"13","CDCA2"
"E2F1",0,4.49882345250093,0.283,0.013,0,"13","E2F1"
"UBE2C",0,6.06115553988462,0.275,0.007,0,"13","UBE2C"
"STIL",0,3.85791086789424,0.288,0.02,0,"13","STIL"
"TTF2",0,2.23789483032714,0.323,0.056,0,"13","TTF2"
"CENPO",0,3.04837963811368,0.299,0.032,0,"13","CENPO"
"WEE1",0,2.22667930619518,0.316,0.05,0,"13","WEE1"
"KIF18A",0,4.8895005259745,0.272,0.008,0,"13","KIF18A"
"SGO2",0,3.81342387237924,0.285,0.021,0,"13","SGO2"
"POLA2",0,2.70331174179786,0.295,0.034,0,"13","POLA2"
"PCNA",0,3.30651931278689,0.306,0.046,0,"13","PCNA"
"LINC01982",0,2.48672636827237,0.346,0.086,0,"13","LINC01982"
"CENPI",0,4.32606043418984,0.272,0.013,0,"13","CENPI"
"CDCA5",0,4.82726531505585,0.267,0.008,0,"13","CDCA5"
"MCM8",0,2.77576448038462,0.3,0.041,0,"13","MCM8"
"DLGAP5",0,5.70146754939184,0.261,0.004,0,"13","DLGAP5"
"FBXO5",0,4.28809352212186,0.27,0.014,0,"13","FBXO5"
"IGF2BP1",0,2.52312355079726,0.306,0.05,0,"13","IGF2BP1"
"USP1",0,2.12792890686343,0.324,0.07,0,"13","USP1"
"NEMP1",0,2.26232327274198,0.301,0.047,0,"13","NEMP1"
"SPC24",0,4.12271338387756,0.264,0.012,0,"13","SPC24"
"BARD1",0,2.05309763014872,0.295,0.044,0,"13","BARD1"
"SGO1",0,4.53835305068187,0.258,0.007,0,"13","SGO1"
"BUB1",0,5.93208155312281,0.254,0.004,0,"13","BUB1"
"CENPH",0,3.47065772009867,0.273,0.023,0,"13","CENPH"
"HJURP",0,6.44441939197854,0.252,0.003,0,"13","HJURP"
"GGH",0,2.65482135114625,0.291,0.042,0,"13","GGH"
"GINS1",0,3.58627109847681,0.268,0.02,0,"13","GINS1"
"TROAP",0,6.43942901200705,0.252,0.004,0,"13","TROAP"
"MCM6",0,2.7832322306189,0.283,0.035,0,"13","MCM6"
"PTTG1",0,4.7222195161093,0.262,0.016,0,"13","PTTG1"
"MCM4",0,2.72153809770555,0.289,0.043,0,"13","MCM4"
"DSCC1",0,3.79900619207533,0.26,0.014,0,"13","DSCC1"
"RFWD3",0,2.08097930675426,0.301,0.055,0,"13","RFWD3"
"CKS2",0,3.33022311425181,0.285,0.04,0,"13","CKS2"
"SKA3",0,4.56837934403561,0.252,0.008,0,"13","SKA3"
"AC008543.1",0,2.93012579317778,0.278,0.035,0,"13","AC008543.1"
"ANP32E",0,2.19084432295373,0.316,0.074,0,"13","ANP32E"
"UHRF1",0,3.11541702321636,0.259,0.017,0,"13","UHRF1"
"DDX11",0,2.3726675879154,0.292,0.051,0,"13","DDX11"
"WDR62",0,4.02466131523639,0.255,0.014,0,"13","WDR62"
"MASTL",0,2.33982626190606,0.278,0.038,0,"13","MASTL"
"CCNB1",0,5.11421929628021,0.25,0.01,0,"13","CCNB1"
"AC016205.1",0,3.76078533202944,0.284,0.045,0,"13","AC016205.1"
"CDC7",0,2.13911898831469,0.297,0.059,0,"13","CDC7"
"CENPM",0,3.9833302830677,0.252,0.014,0,"13","CENPM"
"NEIL3",0,6.37362994098154,0.24,0.003,0,"13","NEIL3"
"PRIM1",0,2.29560793120819,0.288,0.051,0,"13","PRIM1"
"DSN1",0,2.60031206658401,0.269,0.033,0,"13","DSN1"
"H2AFX",0,3.04463908280609,0.274,0.039,0,"13","H2AFX"
"DDX1",0,2.3766856701901,0.435,0.2,0,"13","DDX1"
"GINS2",0,3.81370907605342,0.253,0.019,0,"13","GINS2"
"PRC1",0,4.59220679953814,0.246,0.012,0,"13","PRC1"
"CKS1B",0,3.4368461427678,0.286,0.055,0,"13","CKS1B"
"LIN9",0,2.17985484450126,0.283,0.054,0,"13","LIN9"
"UBE2S",0,2.49485959151687,0.332,0.106,0,"13","UBE2S"
"CCNF",0,2.71393032363327,0.268,0.042,0,"13","CCNF"
"CDKN3",0,4.24097463111294,0.239,0.014,0,"13","CDKN3"
"TBC1D31",0,2.06743285139027,0.277,0.053,0,"13","TBC1D31"
"ESPL1",0,5.01202441380371,0.23,0.006,0,"13","ESPL1"
"FANCB",0,3.59603252438707,0.239,0.015,0,"13","FANCB"
"CDCA8",0,3.12253558233335,0.246,0.024,0,"13","CDCA8"
"RFC4",0,2.63712761630252,0.252,0.036,0,"13","RFC4"
"AC073529.1",0,2.63220325135078,0.261,0.046,0,"13","AC073529.1"
"MCM5",0,2.76383494547544,0.249,0.034,0,"13","MCM5"
"ZNF732",0,4.15571339279466,0.224,0.012,0,"13","ZNF732"
"FAM111B",0,5.18765055052538,0.217,0.005,0,"13","FAM111B"
"PLK4",0,4.08471840363421,0.221,0.01,0,"13","PLK4"
"SPDL1",0,2.42851405712701,0.255,0.045,0,"13","SPDL1"
"CCNA2",0,3.89153477925897,0.219,0.011,0,"13","CCNA2"
"KNSTRN",0,3.04892133157317,0.237,0.029,0,"13","KNSTRN"
"PKMYT1",0,5.43652707976061,0.213,0.005,0,"13","PKMYT1"
"TICRR",0,4.12877284587231,0.217,0.012,0,"13","TICRR"
"PHF19",0,2.11586235620841,0.247,0.043,0,"13","PHF19"
"ENDOG",0,3.54544722499596,0.23,0.026,0,"13","ENDOG"
"RFC5",0,2.42990908260281,0.239,0.035,0,"13","RFC5"
"CHEK2",0,2.46197130736004,0.229,0.026,0,"13","CHEK2"
"CEP55",0,5.0686544847262,0.206,0.004,0,"13","CEP55"
"SHCBP1",0,4.26857739038052,0.209,0.008,0,"13","SHCBP1"
"CUX2",0,2.19696142319908,0.275,0.075,0,"13","CUX2"
"WDR34",0,2.51322749611122,0.242,0.044,0,"13","WDR34"
"PIMREG",0,5.80924266415838,0.201,0.003,0,"13","PIMREG"
"CCNB2",0,3.809087863681,0.208,0.012,0,"13","CCNB2"
"TMEM106C",0,2.00434085912363,0.262,0.067,0,"13","TMEM106C"
"TMEM97",0,2.77272339721279,0.235,0.041,0,"13","TMEM97"
"TIMELESS",0,2.95396196183434,0.213,0.022,0,"13","TIMELESS"
"CDT1",0,4.07686202697877,0.202,0.012,0,"13","CDT1"
"ASF1B",0,4.00892014951252,0.198,0.008,0,"13","ASF1B"
"DEPDC1",0,5.68812383834954,0.191,0.003,0,"13","DEPDC1"
"AC079594.2",0,2.65489368461627,0.211,0.024,0,"13","AC079594.2"
"HMMR",0,4.97344239906954,0.193,0.006,0,"13","HMMR"
"TMSB15A",0,2.72378767526312,0.231,0.045,0,"13","TMSB15A"
"CDKN2C",0,2.30535134673156,0.234,0.049,0,"13","CDKN2C"
"CENPA",0,2.91776755665342,0.206,0.022,0,"13","CENPA"
"OIP5",0,2.06873286093389,0.219,0.035,0,"13","OIP5"
"ZNF66",0,2.12805667876681,0.224,0.04,0,"13","ZNF66"
"FIGNL1",0,2.24195422457682,0.223,0.04,0,"13","FIGNL1"
"ZWILCH",0,2.10909401399392,0.223,0.04,0,"13","ZWILCH"
"CENPW",0,3.77692770577761,0.2,0.018,0,"13","CENPW"
"CDCA4",0,3.05061469944376,0.201,0.019,0,"13","CDCA4"
"FANCD2OS",0,3.74364717512893,0.194,0.012,0,"13","FANCD2OS"
"TCF19",0,4.15316598380101,0.188,0.009,0,"13","TCF19"
"CDC6",0,4.37109735938256,0.187,0.008,0,"13","CDC6"
"NUDT1",0,2.43718758651072,0.226,0.048,0,"13","NUDT1"
"CCDC34",0,2.5496904739784,0.215,0.039,0,"13","CCDC34"
"AC004158.1",0,2.62077429857111,0.207,0.031,0,"13","AC004158.1"
"C19orf48",0,2.24196078535093,0.214,0.039,0,"13","C19orf48"
"INCENP",0,3.44641629179844,0.19,0.016,0,"13","INCENP"
"LMNB2",0,2.27021361227177,0.211,0.037,0,"13","LMNB2"
"RAD54B",0,3.37337947349017,0.188,0.015,0,"13","RAD54B"
"PSMC3IP",0,2.24131583983612,0.211,0.038,0,"13","PSMC3IP"
"HMGB3",0,3.15956217698118,0.195,0.024,0,"13","HMGB3"
"CENPQ",0,2.16228829894728,0.207,0.036,0,"13","CENPQ"
"KIF24",0,4.28756733239681,0.179,0.008,0,"13","KIF24"
"POC1A",0,2.34794700214741,0.193,0.023,0,"13","POC1A"
"PCLAF",0,5.14528247679577,0.178,0.008,0,"13","PCLAF"
"CENPN",0,3.02999012697073,0.184,0.014,0,"13","CENPN"
"AURKA",0,4.1941322214396,0.179,0.009,0,"13","AURKA"
"HAUS8",0,2.47662122847208,0.19,0.022,0,"13","HAUS8"
"RAD54L",0,3.5676202556549,0.177,0.011,0,"13","RAD54L"
"PIF1",0,3.89585807811001,0.18,0.014,0,"13","PIF1"
"FBXO43",0,4.85911690124141,0.17,0.006,0,"13","FBXO43"
"SAC3D1",0,2.20141522491872,0.209,0.045,0,"13","SAC3D1"
"MCM2",0,3.46955246899241,0.177,0.014,0,"13","MCM2"
"MYBL1",0,2.12656494693574,0.179,0.017,0,"13","MYBL1"
"E2F7",0,4.85994959241942,0.163,0.005,0,"13","E2F7"
"C5orf34",0,2.20212624545829,0.187,0.03,0,"13","C5orf34"
"AF233439.1",0,4.31073473233662,0.166,0.009,0,"13","AF233439.1"
"RECQL4",0,3.20361213551784,0.171,0.015,0,"13","RECQL4"
"SKA1",0,5.61665648248256,0.158,0.002,0,"13","SKA1"
"RRM2",0,6.64021602702796,0.155,0.002,0,"13","RRM2"
"NBAS",0,2.16047046576557,0.518,0.366,0,"13","NBAS"
"FAM83D",0,4.41345353223528,0.153,0.004,0,"13","FAM83D"
"PHGDH",0,2.09553386533459,0.18,0.032,0,"13","PHGDH"
"TRIP13",0,3.20764157041614,0.16,0.013,0,"13","TRIP13"
"FOXN4",0,4.94951291293948,0.152,0.005,0,"13","FOXN4"
"AC104073.4",0,4.46029538349469,0.149,0.006,0,"13","AC104073.4"
"BORA",0,2.34085887223054,0.166,0.025,0,"13","BORA"
"PLK1",0,4.09074452702846,0.149,0.008,0,"13","PLK1"
"LRR1",0,2.51325531111052,0.156,0.018,0,"13","LRR1"
"C18orf54",0,2.43823032892035,0.159,0.022,0,"13","C18orf54"
"PRC1-AS1",0,3.09175794050344,0.153,0.018,0,"13","PRC1-AS1"
"DIO2-AS1",0,2.12968309042887,0.175,0.04,0,"13","DIO2-AS1"
"E2F2",0,5.54126296142462,0.136,0.002,0,"13","E2F2"
"NRM",0,2.16555867125831,0.164,0.03,0,"13","NRM"
"GLRA2",0,2.30959101185209,0.161,0.027,0,"13","GLRA2"
"REXO5",0,2.3856692266055,0.158,0.024,0,"13","REXO5"
"CHAF1B",0,2.81071589699156,0.151,0.017,0,"13","CHAF1B"
"KIF20A",0,5.98001076549113,0.135,0.002,0,"13","KIF20A"
"HIST1H1C",0,2.12427642704296,0.169,0.036,0,"13","HIST1H1C"
"CDCA3",0,4.16588942291562,0.139,0.007,0,"13","CDCA3"
"ZNF726",0,2.88383121300024,0.148,0.016,0,"13","ZNF726"
"CENPL",0,2.4962311256804,0.15,0.02,0,"13","CENPL"
"TRAIP",0,3.31165823374236,0.139,0.01,0,"13","TRAIP"
"CDC20",0,5.63727294751385,0.131,0.003,0,"13","CDC20"
"TONSL",0,2.61138033775897,0.147,0.02,0,"13","TONSL"
"LINC01224",0,3.72425819939171,0.136,0.009,0,"13","LINC01224"
"PXMP2",0,2.65168002110014,0.157,0.031,0,"13","PXMP2"
"CLBA1",0,2.43519823748636,0.158,0.032,0,"13","CLBA1"
"PSRC1",0,3.20033965904448,0.136,0.012,0,"13","PSRC1"
"HIST1H1D",0,2.69260052909326,0.14,0.016,0,"13","HIST1H1D"
"CCDC15",0,2.76676037671268,0.14,0.016,0,"13","CCDC15"
"AL355488.1",0,2.13545392075654,0.153,0.029,0,"13","AL355488.1"
"AC011503.1",0,2.67960561771762,0.143,0.02,0,"13","AC011503.1"
"C4orf46",0,2.40881121940399,0.139,0.018,0,"13","C4orf46"
"FANCG",0,2.32595594347963,0.142,0.021,0,"13","FANCG"
"NMU",0,4.43303343885383,0.123,0.005,0,"13","NMU"
"AC027627.1",0,5.01923251479825,0.12,0.003,0,"13","AC027627.1"
"FEN1",0,3.81757663201748,0.128,0.012,0,"13","FEN1"
"NEK2",0,5.57023506804769,0.118,0.002,0,"13","NEK2"
"CDC25A",0,3.56159791996199,0.123,0.008,0,"13","CDC25A"
"HIST1H1B",0,5.00443393006329,0.116,0.002,0,"13","HIST1H1B"
"TEDC2",0,2.83102683196384,0.125,0.014,0,"13","TEDC2"
"CHTF18",0,2.35591896825495,0.128,0.018,0,"13","CHTF18"
"PAQR4",0,2.0227033948284,0.139,0.03,0,"13","PAQR4"
"SAPCD2",0,4.80918713635812,0.109,0.003,0,"13","SAPCD2"
"ASCL1",0,2.55207503932441,0.127,0.022,0,"13","ASCL1"
"CCNE2",0,2.14774366728565,0.128,0.024,0,"13","CCNE2"
"GINS4",0,2.7318726186402,0.112,0.011,0,"13","GINS4"
"CEP72",0,2.18642322360879,0.121,0.02,0,"13","CEP72"
"PLEKHG4B",0,2.3953501463006,0.121,0.02,0,"13","PLEKHG4B"
"AC007240.1",0,5.37614376360641,0.102,0.002,0,"13","AC007240.1"
"EME1",0,4.25358379853828,0.104,0.004,0,"13","EME1"
"AC099850.2",0,4.07762893628517,0.105,0.005,0,"13","AC099850.2"
"XRCC3",0,2.00518039101809,0.112,0.016,0,"13","XRCC3"
"SPAG5",0,5.62790896518066,0.098,0.002,0,"13","SPAG5"
"POLD1",0,2.42134265853474,0.109,0.013,0,"13","POLD1"
"E2F8",0,5.27672999537403,0.097,0.002,0,"13","E2F8"
"HIST2H2AC",0,2.7058119753344,0.108,0.014,0,"13","HIST2H2AC"
"IGSF9",0,2.44208752554895,0.108,0.016,0,"13","IGSF9"
"AC093249.2",0,2.36602404177194,0.111,0.019,0,"13","AC093249.2"
"DDIAS",0,3.18857822406666,0.097,0.006,0,"13","DDIAS"
"C17orf53",0,2.48253400848207,0.106,0.015,0,"13","C17orf53"
"ARL6IP1",0,2.05613098429619,0.163,0.073,0,"13","ARL6IP1"
"LINC01494",0,2.5591363062195,0.111,0.021,0,"13","LINC01494"
"ZNF492",0,3.53125398047537,0.095,0.006,0,"13","ZNF492"
"ZNF257",0,2.06972101596724,0.102,0.014,0,"13","ZNF257"
"NME1",0,2.01113580406589,0.165,0.08,0,"13","NME1"
"ORC1",0,2.81017512279653,0.094,0.01,0,"13","ORC1"
"RHNO1",0,2.31579594528925,0.1,0.016,0,"13","RHNO1"
"SLC25A10",0,2.21962267194739,0.098,0.015,0,"13","SLC25A10"
"AC092422.1",0,2.30766304804485,0.096,0.013,0,"13","AC092422.1"
"AC011466.3",0,2.19338138570381,0.099,0.018,0,"13","AC011466.3"
"DIAPH3-AS1",0,4.77072105509648,0.081,0.003,0,"13","DIAPH3-AS1"
"MYH15",0,2.04170386108198,0.102,0.024,0,"13","MYH15"
"MYB",0,2.8382296775078,0.083,0.006,0,"13","MYB"
"LIPI",0,2.47752210063372,0.09,0.014,0,"13","LIPI"
"HIST1H3B",0,5.90026961247036,0.075,0.001,0,"13","HIST1H3B"
"RDM1",0,3.21687456510937,0.079,0.005,0,"13","RDM1"
"TEX15",0,2.7913967383902,0.083,0.01,0,"13","TEX15"
"HIST1H2BH",0,3.89292928852131,0.076,0.003,0,"13","HIST1H2BH"
"TEDC1",0,2.39957659124913,0.08,0.01,0,"13","TEDC1"
"ZIM2-AS1",0,2.35439070219588,0.084,0.014,0,"13","ZIM2-AS1"
"MCM8-AS1",0,2.47197926605059,0.083,0.013,0,"13","MCM8-AS1"
"LINC01916",0,2.93879168283119,0.078,0.009,0,"13","LINC01916"
"LINC02223",0,2.06162473819453,0.099,0.031,0,"13","LINC02223"
"DMC1",0,2.20239951921341,0.078,0.012,0,"13","DMC1"
"AC097534.1",0,2.42327605995251,0.076,0.011,0,"13","AC097534.1"
"ARHGEF39",0,3.3661116660139,0.069,0.004,0,"13","ARHGEF39"
"MTFR2",0,3.33502507950503,0.068,0.004,0,"13","MTFR2"
"DIAPH3-AS2",0,4.99181458196898,0.064,0.002,0,"13","DIAPH3-AS2"
"ITPRIPL1",0,2.21731922442349,0.071,0.009,0,"13","ITPRIPL1"
"NPW",0,2.24358928204673,0.072,0.011,0,"13","NPW"
"XKR5",0,3.63974668623687,0.064,0.005,0,"13","XKR5"
"HIST1H2AG",0,3.61968447235196,0.062,0.003,0,"13","HIST1H2AG"
"CCNE1",0,2.29062034027548,0.07,0.012,0,"13","CCNE1"
"PMFBP1",0,2.09820125474867,0.069,0.013,0,"13","PMFBP1"
"GTSF1",0,2.11150042064066,0.062,0.008,0,"13","GTSF1"
"TRIM59",0,2.09938051482729,0.058,0.007,0,"13","TRIM59"
"ZNF530",0,2.18471890411677,0.059,0.009,0,"13","ZNF530"
"LINC02506",0,2.13555847956132,0.07,0.021,0,"13","LINC02506"
"DCLRE1B",0,2.00196969114498,0.059,0.01,0,"13","DCLRE1B"
"AC023886.1",0,2.60521159758138,0.057,0.009,0,"13","AC023886.1"
"ATP2A1-AS1",0,2.87839366093,0.053,0.005,0,"13","ATP2A1-AS1"
"ZNF724",0,2.91313879285497,0.052,0.004,0,"13","ZNF724"
"CU638689.5",0,2.89816626220725,0.054,0.006,0,"13","CU638689.5"
"KRBOX1",0,2.55950764574894,0.052,0.006,0,"13","KRBOX1"
"CTSV",0,2.27021692723115,0.053,0.007,0,"13","CTSV"
"AC090159.1",0,4.72479696526239,0.047,0.001,0,"13","AC090159.1"
"RNASEH2A",0,3.12508629931392,0.05,0.004,0,"13","RNASEH2A"
"RIBC2",0,3.40043874329453,0.049,0.005,0,"13","RIBC2"
"HIST1H3G",0,6.18203659118424,0.044,0,0,"13","HIST1H3G"
"ANKRD18B",0,2.27186633581888,0.052,0.008,0,"13","ANKRD18B"
"COL9A1",0,2.38114187926586,0.049,0.006,0,"13","COL9A1"
"NUP62CL",0,2.14988498828726,0.053,0.01,0,"13","NUP62CL"
"FAAP24",0,2.02117583003113,0.049,0.007,0,"13","FAAP24"
"TMPO-AS1",0,2.0149631519893,0.047,0.006,0,"13","TMPO-AS1"
"AC106820.5",0,2.42449342280776,0.05,0.009,0,"13","AC106820.5"
"AC020908.1",0,2.32798492796316,0.045,0.006,0,"13","AC020908.1"
"CCNA1",0,2.59353031999294,0.046,0.008,0,"13","CCNA1"
"ZNF560",0,2.21540810068973,0.045,0.007,0,"13","ZNF560"
"AC087632.1",0,4.63452403413408,0.037,0.001,0,"13","AC087632.1"
"SHISA2",0,2.0594928468398,0.042,0.007,0,"13","SHISA2"
"AL035461.2",0,3.03543046743149,0.039,0.004,0,"13","AL035461.2"
"AC009652.2",0,2.14691351845508,0.044,0.009,0,"13","AC009652.2"
"AC026333.4",0,3.17870491283741,0.038,0.004,0,"13","AC026333.4"
"AC130324.3",0,2.89803537876681,0.038,0.004,0,"13","AC130324.3"
"BUB1B-PAK6",0,3.78182614605526,0.036,0.002,0,"13","BUB1B-PAK6"
"IRX5",0,2.19746508299004,0.038,0.005,0,"13","IRX5"
"LINC01965",0,3.02029308838896,0.039,0.007,0,"13","LINC01965"
"TERT",0,2.78289879008349,0.035,0.004,0,"13","TERT"
"AL606468.1",0,3.90242334366068,0.033,0.002,0,"13","AL606468.1"
"HIST1H3F",0,5.40358029794908,0.03,0,0,"13","HIST1H3F"
"HIST1H2AL",0,5.82957371691124,0.029,0,0,"13","HIST1H2AL"
"FAM72D",0,2.9241830363495,0.03,0.001,0,"13","FAM72D"
"ZNF695",0,4.02985099344177,0.03,0.001,0,"13","ZNF695"
"HIST1H2AH",0,3.79314516629496,0.03,0.001,0,"13","HIST1H2AH"
"ARHGAP11B",0,3.41336151894532,0.029,0.001,0,"13","ARHGAP11B"
"LINC01337",0,3.33499122387263,0.03,0.002,0,"13","LINC01337"
"HIST1H1A",0,4.20580893637451,0.03,0.002,0,"13","HIST1H1A"
"CRYGD",0,2.46818201211842,0.031,0.004,0,"13","CRYGD"
"HPDL",0,2.89819254354142,0.029,0.003,0,"13","HPDL"
"AP000251.1",0,2.7810250453113,0.029,0.003,0,"13","AP000251.1"
"AC011139.1",0,4.02752176233952,0.027,0.001,0,"13","AC011139.1"
"LINC02367",0,2.48921302423274,0.029,0.004,0,"13","LINC02367"
"HASPIN",0,4.37298986423487,0.025,0,0,"13","HASPIN"
"NT5DC4",0,4.51239178978118,0.026,0.001,0,"13","NT5DC4"
"HIST1H3C",0,5.76418321998225,0.024,0,0,"13","HIST1H3C"
"AC130324.1",0,2.24726947126131,0.03,0.006,0,"13","AC130324.1"
"RASL10B",0,2.59677072032553,0.027,0.003,0,"13","RASL10B"
"ACBD7",0,3.25654964301666,0.025,0.002,0,"13","ACBD7"
"AC026401.3",0,2.96428141824525,0.025,0.002,0,"13","AC026401.3"
"HIST1H2BF",0,2.02542958204459,0.025,0.003,0,"13","HIST1H2BF"
"FAM72B",0,2.49172808325825,0.023,0.001,0,"13","FAM72B"
"FAM72C",0,3.96418124791099,0.022,0,0,"13","FAM72C"
"HIST1H2AB",0,3.77239965759138,0.023,0.001,0,"13","HIST1H2AB"
"ARHGAP19",0,2.43158426899406,0.024,0.003,0,"13","ARHGAP19"
"HIST1H4D",0,2.79758952377045,0.023,0.002,0,"13","HIST1H4D"
"HIST1H4I",0,2.81569285228211,0.022,0.001,0,"13","HIST1H4I"
"AL133215.2",0,4.15061694020277,0.022,0.001,0,"13","AL133215.2"
"FOXG1",0,2.4490738117379,0.023,0.002,0,"13","FOXG1"
"AC005394.1",0,2.97837939204983,0.02,0.002,0,"13","AC005394.1"
"CU638689.4",0,2.6232522484898,0.019,0.002,0,"13","CU638689.4"
"CU634019.6",0,3.19056370245895,0.018,0.001,0,"13","CU634019.6"
"SLC7A3",0,2.63071712532678,0.018,0.002,0,"13","SLC7A3"
"RAD51",0,4.26977726375107,0.017,0.001,0,"13","RAD51"
"AP001775.2",0,2.3316637355825,0.017,0.002,0,"13","AP001775.2"
"HIST1H3H",0,2.15679440970301,0.018,0.003,0,"13","HIST1H3H"
"HIST1H2AJ",0,5.11597159729178,0.014,0,0,"13","HIST1H2AJ"
"HIST1H2BL",0,4.29783963210688,0.013,0,0,"13","HIST1H2BL"
"HIST1H2AM",0,5.01404274094987,0.013,0,0,"13","HIST1H2AM"
"HIST1H2BM",0,4.10450750790514,0.013,0,0,"13","HIST1H2BM"
"AL138789.1",0,4.83843387850432,0.012,0,0,"13","AL138789.1"
"AC002563.1",0,2.41657549070236,0.014,0.002,0,"13","AC002563.1"
"HIST1H2AI",0,4.00917232946809,0.011,0,0,"13","HIST1H2AI"
"HIST1H3I",0,3.48707845993853,0.011,0,0,"13","HIST1H3I"
"HIST1H2BB",0,4.3791214362448,0.011,0,0,"13","HIST1H2BB"
"AC008750.7",0,4.01694921116905,0.011,0,0,"13","AC008750.7"
"AC025176.1",0,4.04126592572564,0.01,0,0,"13","AC025176.1"
"HIST1H2BO",0,4.86557588308718,0.01,0,0,"13","HIST1H2BO"
"HIST2H2AB",0,2.13405377507365,0.011,0.001,0,"13","HIST2H2AB"
"AC012073.1",0,2.90448408552615,0.011,0.001,0,"13","AC012073.1"
"AC091133.2",0,3.05657645492478,0.01,0.001,0,"13","AC091133.2"
"SPTA1",0,5.20637354223084,0.01,0.001,0,"13","SPTA1"
"DSC3",2.25332281644835e-300,2.38396980243505,0.015,0.002,7.35394434376082e-296,"13","DSC3"
"HIST1H2BK",3.61201683757767e-300,2.40138767974608,0.011,0.001,1.17881781511185e-295,"13","HIST1H2BK"
"AC106820.2",6.41035194376976e-298,2.35658144751218,0.022,0.004,2.0920824603687e-293,"13","AC106820.2"
"HBQ1",3.27013848482735e-296,2.1217915211054,0.023,0.005,1.06724239590825e-291,"13","HBQ1"
"ZNF723",1.65350628839319e-281,2.32566034928102,0.014,0.002,5.39638312280002e-277,"13","ZNF723"
"KC877982.1",7.98682826252184e-281,2.29466942319014,0.012,0.001,2.60658127175663e-276,"13","KC877982.1"
"MSH5",3.76592864452783e-231,2.65573717897478,0.01,0.001,1.2290484724281e-226,"13","MSH5"
"AC136616.1",2.61314222046265e-222,2.19867988650574,0.021,0.005,8.52825095070189e-218,"13","AC136616.1"
"AC091133.3",7.9413636180117e-196,2.06044683617111,0.014,0.003,2.5917434303743e-191,"13","AC091133.3"
"POU3F3",7.76272708733394e-191,2.03296298321682,0.019,0.004,2.5334436122223e-186,"13","POU3F3"
"ALAS2",4.14025621087554e-165,4.009170498501,0.01,0.002,1.35121401698134e-160,"13","ALAS2"
"ZNF729",1.47892859093554e-164,2.09287181034469,0.01,0.002,4.82663134937723e-160,"13","ZNF729"
"SLC4A1",4.55874921031711e-143,4.69221732645197,0.014,0.003,1.48779339227909e-138,"13","SLC4A1"
"AC091980.2",1.20296095555242e-142,2.17935239030874,0.01,0.002,3.92598337454089e-138,"13","AC091980.2"
"LINC00276",2.28577813236668e-141,3.06997792679631,0.128,0.083,7.4598655127919e-137,"13","LINC00276"
"AZU1",2.31732747536321e-114,2.78951522636151,0.016,0.005,7.56282994859538e-110,"13","AZU1"
"LDB21",0,4.51733961707767,0.852,0.155,0,"14","LDB2"
"FLT11",0,5.27704529761767,0.725,0.03,0,"14","FLT1"
"VWF1",0,5.64913500679444,0.702,0.039,0,"14","VWF"
"IGFBP71",0,2.53513349282666,0.803,0.146,0,"14","IGFBP7"
"PECAM11",0,4.34029195279681,0.707,0.057,0,"14","PECAM1"
"ADGRL41",0,5.11265995896171,0.667,0.026,0,"14","ADGRL4"
"PTPRB1",0,4.34981153522197,0.699,0.073,0,"14","PTPRB"
"WWTR11",0,4.17861256146541,0.724,0.101,0,"14","WWTR1"
"EMP11",0,3.37959215224239,0.708,0.086,0,"14","EMP1"
"PLEKHG11",0,3.97166076523973,0.739,0.132,0,"14","PLEKHG1"
"EMCN1",0,5.16269267627181,0.634,0.028,0,"14","EMCN"
"PRKCH",0,3.21565764619352,0.694,0.09,0,"14","PRKCH"
"SASH11",0,3.57914844343422,0.723,0.121,0,"14","SASH1"
"HSPG21",0,3.68144010116008,0.666,0.078,0,"14","HSPG2"
"CALCRL1",0,4.65002933134188,0.629,0.046,0,"14","CALCRL"
"ERG1",0,4.31292307525416,0.618,0.04,0,"14","ERG"
"EGFL71",0,5.35080968189962,0.58,0.021,0,"14","EGFL7"
"SPRY11",0,4.89153075540947,0.606,0.048,0,"14","SPRY1"
"EPAS11",0,3.45518083100105,0.706,0.151,0,"14","EPAS1"
"MEF2C",0,2.56227385800078,0.687,0.143,0,"14","MEF2C"
"SPARCL11",0,3.70123206367689,0.6,0.082,0,"14","SPARCL1"
"TGFBR2",0,2.51027974266097,0.668,0.154,0,"14","TGFBR2"
"HLA-E1",0,2.37492145873281,0.657,0.153,0,"14","HLA-E"
"ARHGAP291",0,3.7851740172318,0.615,0.12,0,"14","ARHGAP29"
"ANO21",0,5.69392450936379,0.52,0.027,0,"14","ANO2"
"GRB101",0,3.75452357313454,0.672,0.185,0,"14","GRB10"
"COL4A11",0,2.19043884290341,0.637,0.15,0,"14","COL4A1"
"COL4A21",0,2.12946144128901,0.652,0.165,0,"14","COL4A2"
"DOCK91",0,3.31092604140973,0.642,0.156,0,"14","DOCK9"
"PREX21",0,3.62058035289185,0.518,0.04,0,"14","PREX2"
"CADPS21",0,3.57552784144384,0.554,0.081,0,"14","CADPS2"
"ENG1",0,3.71061858880209,0.56,0.088,0,"14","ENG"
"SLC2A31",0,2.78335069242682,0.606,0.137,0,"14","SLC2A3"
"ELK31",0,3.62611739423163,0.537,0.077,0,"14","ELK3"
"FLI11",0,3.32237758903786,0.521,0.065,0,"14","FLI1"
"NOSTRIN",0,4.87137104770207,0.49,0.037,0,"14","NOSTRIN"
"ST6GALNAC31",0,2.72713010555588,0.738,0.288,0,"14","ST6GALNAC3"
"ARHGAP311",0,3.36877308669258,0.528,0.081,0,"14","ARHGAP31"
"SLCO2A11",0,6.31419974413604,0.455,0.012,0,"14","SLCO2A1"
"PLVAP1",0,6.31466075672728,0.452,0.009,0,"14","PLVAP"
"PDLIM11",0,4.47764606126171,0.487,0.045,0,"14","PDLIM1"
"ADAMTS91",0,3.49687770935063,0.566,0.125,0,"14","ADAMTS9"
"CXorf361",0,6.00270190156304,0.447,0.009,0,"14","CXorf36"
"ETS1",0,2.62392181761116,0.532,0.096,0,"14","ETS1"
"PTPRM1",0,2.50839861130576,0.842,0.412,0,"14","PTPRM"
"STOM1",0,3.10731952613531,0.529,0.102,0,"14","STOM"
"GALNT181",0,4.41274051738393,0.478,0.051,0,"14","GALNT18"
"RAI14",0,3.30512325563537,0.522,0.096,0,"14","RAI14"
"MECOM1",0,3.39174869000917,0.533,0.107,0,"14","MECOM"
"TACC12",0,2.06974968323937,0.678,0.254,0,"14","TACC1"
"PLPP3",0,4.2171120250501,0.498,0.074,0,"14","PLPP3"
"PODXL1",0,4.39830459828944,0.468,0.046,0,"14","PODXL"
"ITGA6",0,3.22326219656382,0.535,0.115,0,"14","ITGA6"
"CD931",0,4.15150664750301,0.444,0.027,0,"14","CD93"
"TM4SF11",0,3.83828298656471,0.448,0.032,0,"14","TM4SF1"
"DOCK11",0,2.41580016233089,0.534,0.12,0,"14","DOCK1"
"PRSS231",0,2.91893568257361,0.504,0.093,0,"14","PRSS23"
"IGFBP41",0,2.76298808816828,0.503,0.092,0,"14","IGFBP4"
"NEDD91",0,2.61207967321963,0.565,0.155,0,"14","NEDD9"
"CDK171",0,2.79803651103521,0.649,0.24,0,"14","CDK17"
"PALMD1",0,4.24197655486712,0.43,0.025,0,"14","PALMD"
"PTPRG2",0,2.33850678699099,0.736,0.333,0,"14","PTPRG"
"ITPRIP1",0,4.17535063149091,0.434,0.041,0,"14","ITPRIP"
"INSR1",0,3.59541010304472,0.722,0.33,0,"14","INSR"
"MYH91",0,2.42467892395661,0.569,0.179,0,"14","MYH9"
"MSN1",0,2.71784372765343,0.545,0.156,0,"14","MSN"
"PITPNC1",0,2.88609475560959,0.782,0.393,0,"14","PITPNC1"
"APOLD12",0,2.98998456644137,0.473,0.088,0,"14","APOLD1"
"ADGRF52",0,3.36136810862037,0.42,0.036,0,"14","ADGRF5"
"EVA1C1",0,3.21606711980406,0.456,0.073,0,"14","EVA1C"
"MYO1E2",0,2.35983855523795,0.497,0.115,0,"14","MYO1E"
"RHOJ1",0,4.14257825189491,0.414,0.034,0,"14","RHOJ"
"PKP4",0,3.05243677414866,0.592,0.213,0,"14","PKP4"
"RAPGEF4",0,2.91248846029371,0.625,0.246,0,"14","RAPGEF4"
"YBX32",0,2.59691833847202,0.49,0.111,0,"14","YBX3"
"KIAA12171",0,2.82449164150071,0.526,0.148,0,"14","KIAA1217"
"CNTNAP3B1",0,4.22834648487607,0.433,0.056,0,"14","CNTNAP3B"
"CRIM12",0,2.48847347704721,0.46,0.085,0,"14","CRIM1"
"CEMIP2",0,2.9776898073008,0.472,0.112,0,"14","CEMIP2"
"AC007319.1",0,2.63194292358371,0.522,0.166,0,"14","AC007319.1"
"ETS2",0,3.30190588347133,0.481,0.125,0,"14","ETS2"
"EHD4",0,4.08515814613378,0.396,0.041,0,"14","EHD4"
"CD341",0,4.89115820085796,0.368,0.016,0,"14","CD34"
"XAF11",0,2.68161174312836,0.429,0.079,0,"14","XAF1"
"RALGAPA21",0,3.04734406495485,0.607,0.257,0,"14","RALGAPA2"
"CYYR11",0,3.7827427775134,0.391,0.042,0,"14","CYYR1"
"ITGA51",0,3.72380849636894,0.382,0.033,0,"14","ITGA5"
"MCTP11",0,3.52031314820369,0.459,0.112,0,"14","MCTP1"
"CAVIN21",0,4.98453851072116,0.362,0.017,0,"14","CAVIN2"
"CDH51",0,4.75178396866048,0.356,0.012,0,"14","CDH5"
"SH3RF31",0,2.92197796963653,0.451,0.108,0,"14","SH3RF3"
"AQP11",0,4.93005596013789,0.364,0.021,0,"14","AQP1"
"PLPP11",0,2.30887858316414,0.608,0.267,0,"14","PLPP1"
"RASAL2",0,2.31050716211632,0.659,0.323,0,"14","RASAL2"
"ESAM1",0,4.80320918471657,0.348,0.014,0,"14","ESAM"
"RASGRF21",0,3.35689641951207,0.43,0.096,0,"14","RASGRF2"
"PICALM",0,2.11185457692918,0.709,0.378,0,"14","PICALM"
"MAGI11",0,2.58701855322363,0.765,0.436,0,"14","MAGI1"
"PLAT1",0,3.23159226422916,0.429,0.1,0,"14","PLAT"
"IFI44L1",0,2.52570621408001,0.405,0.078,0,"14","IFI44L"
"NDRG1",0,2.97320675750766,0.524,0.199,0,"14","NDRG1"
"TGFBR3",0,2.47102254031584,0.414,0.089,0,"14","TGFBR3"
"YES1",0,3.10898423672212,0.423,0.099,0,"14","YES1"
"FGD51",0,3.81347159133349,0.368,0.045,0,"14","FGD5"
"SEC14L11",0,2.64143330993841,0.581,0.259,0,"14","SEC14L1"
"CAV11",0,3.42678774810447,0.355,0.033,0,"14","CAV1"
"PTPRE",0,2.67346711529685,0.472,0.152,0,"14","PTPRE"
"PTPRK",0,2.22326031062678,0.511,0.192,0,"14","PTPRK"
"AL139807.11",0,3.19736736381195,0.41,0.091,0,"14","AL139807.1"
"NRP1",0,2.181578410358,0.618,0.3,0,"14","NRP1"
"PPFIBP1",0,2.28346841291582,0.55,0.234,0,"14","PPFIBP1"
"KANK31",0,5.41412153624613,0.327,0.012,0,"14","KANK3"
"PLXNA21",0,2.84563069755949,0.47,0.158,0,"14","PLXNA2"
"GJA11",0,4.25842572245001,0.33,0.019,0,"14","GJA1"
"PCAT191",0,5.76230179546749,0.317,0.007,0,"14","PCAT19"
"HEG11",0,3.12678915793805,0.384,0.077,0,"14","HEG1"
"TEK1",0,4.17048552752709,0.346,0.039,0,"14","TEK"
"PXN",0,3.01048204150169,0.394,0.089,0,"14","PXN"
"ENTPD11",0,2.82237065299621,0.37,0.065,0,"14","ENTPD1"
"ZNF521",0,2.99821378576383,0.445,0.141,0,"14","ZNF521"
"RAMP3",0,3.6780436512456,0.381,0.077,0,"14","RAMP3"
"TIE11",0,4.77097501393818,0.314,0.013,0,"14","TIE1"
"ARHGEF3",0,2.51260907496508,0.473,0.172,0,"14","ARHGEF3"
"DOCK61",0,3.30963573989918,0.351,0.05,0,"14","DOCK6"
"SHANK31",0,4.21762868628089,0.345,0.046,0,"14","SHANK3"
"GPM6A",0,5.03815007582565,0.327,0.028,0,"14","GPM6A"
"EPB41L4A",0,2.52386339877269,0.524,0.226,0,"14","EPB41L4A"
"SOCS31",0,2.69786529292003,0.378,0.087,0,"14","SOCS3"
"NECTIN2",0,2.92975508736811,0.341,0.054,0,"14","NECTIN2"
"THBD1",0,4.15868525788123,0.311,0.024,0,"14","THBD"
"PELI11",0,2.28469720158701,0.443,0.157,0,"14","PELI1"
"SPC251",0,4.37403073336458,0.342,0.056,0,"14","SPC25"
"ZFP36",0,2.07619673507216,0.417,0.132,0,"14","ZFP36"
"ST6GAL1",0,2.49762319967172,0.447,0.164,0,"14","ST6GAL1"
"IRAK3",0,2.23465788618098,0.377,0.094,0,"14","IRAK3"
"GNA141",0,3.81244640843653,0.325,0.045,0,"14","GNA14"
"TCIM1",0,3.49098342995529,0.312,0.034,0,"14","TCIM"
"CD99",0,2.03488930835765,0.401,0.125,0,"14","CD99"
"KIAA03551",0,2.39664392424962,0.472,0.196,0,"14","KIAA0355"
"TLL11",0,4.55190191628526,0.294,0.018,0,"14","TLL1"
"TSPAN14",0,2.64289366804436,0.368,0.093,0,"14","TSPAN14"
"RBMS2",0,2.60534982830019,0.38,0.106,0,"14","RBMS2"
"TUBB61",0,2.6200721705758,0.348,0.075,0,"14","TUBB6"
"SWAP701",0,2.2728027416844,0.405,0.133,0,"14","SWAP70"
"FLNB1",0,2.23259349759099,0.44,0.169,0,"14","FLNB"
"BACE21",0,2.47371544131746,0.343,0.072,0,"14","BACE2"
"INPP5D",0,2.10748049794532,0.346,0.076,0,"14","INPP5D"
"TGM21",0,3.76077769862033,0.29,0.021,0,"14","TGM2"
"DYSF",0,4.19701451592273,0.297,0.029,0,"14","DYSF"
"TNFRSF10D1",0,3.96627352366766,0.288,0.02,0,"14","TNFRSF10D"
"SHROOM41",0,3.06445322278854,0.314,0.048,0,"14","SHROOM4"
"RGCC",0,3.22369329158992,0.317,0.051,0,"14","RGCC"
"KDR1",0,5.5542732112396,0.272,0.008,0,"14","KDR"
"MPZL21",0,5.96557518249285,0.27,0.006,0,"14","MPZL2"
"PLXND11",0,2.76339983212919,0.324,0.061,0,"14","PLXND1"
"RASGRP31",0,3.56441576282742,0.308,0.046,0,"14","RASGRP3"
"VWA11",0,4.05744338035948,0.285,0.023,0,"14","VWA1"
"ROBO41",0,5.47579880105508,0.269,0.009,0,"14","ROBO4"
"NXN1",0,2.3071808903107,0.388,0.128,0,"14","NXN"
"PCDH17",0,2.94840128503763,0.367,0.11,0,"14","PCDH17"
"IL4R",0,2.58814348812725,0.31,0.054,0,"14","IL4R"
"MMRN21",0,3.78116977622398,0.281,0.026,0,"14","MMRN2"
"ID11",0,4.01691494485806,0.286,0.032,0,"14","ID1"
"CLEC14A1",0,4.41479296062469,0.266,0.012,0,"14","CLEC14A"
"AFAP1L11",0,3.67947619849992,0.291,0.038,0,"14","AFAP1L1"
"NOTCH41",0,4.45578515632093,0.276,0.023,0,"14","NOTCH4"
"CLEC1A1",0,4.82019193464542,0.264,0.011,0,"14","CLEC1A"
"SNRK",0,2.24937664024048,0.5,0.248,0,"14","SNRK"
"RAPGEF5",0,2.13251292138752,0.533,0.281,0,"14","RAPGEF5"
"DNASE1L3",0,5.77472813018355,0.257,0.007,0,"14","DNASE1L3"
"ABLIM11",0,2.26278376367486,0.492,0.242,0,"14","ABLIM1"
"CSGALNACT11",0,2.45537487615216,0.396,0.147,0,"14","CSGALNACT1"
"ZNF385D",0,3.14929353503882,0.356,0.109,0,"14","ZNF385D"
"RASIP11",0,4.73210928970039,0.262,0.015,0,"14","RASIP1"
"HIPK3",0,2.09350750040333,0.479,0.232,0,"14","HIPK3"
"IFI271",0,2.7367972579687,0.345,0.099,0,"14","IFI27"
"NR5A21",0,5.71694389951711,0.253,0.008,0,"14","NR5A2"
"MYO101",0,2.55749406395255,0.312,0.067,0,"14","MYO10"
"FAM241A1",0,3.38890351292462,0.277,0.033,0,"14","FAM241A"
"HYAL21",0,3.98848609675184,0.303,0.059,0,"14","HYAL2"
"MYOF2",0,2.07319523957983,0.324,0.08,0,"14","MYOF"
"TFPI1",0,2.45356096634762,0.304,0.061,0,"14","TFPI"
"FAM198B1",0,2.89970450840739,0.293,0.05,0,"14","FAM198B"
"LRCH11",0,2.03545543845082,0.49,0.25,0,"14","LRCH1"
"LMCD12",0,2.3022485381994,0.293,0.054,0,"14","LMCD1"
"NHSL1",0,2.5840484994499,0.296,0.057,0,"14","NHSL1"
"STC11",0,4.45525467435209,0.254,0.017,0,"14","STC1"
"TNFRSF1A",0,2.47301151301137,0.303,0.066,0,"14","TNFRSF1A"
"AC002070.11",0,4.26838015454961,0.279,0.043,0,"14","AC002070.1"
"IFITM31",0,2.33051868502233,0.307,0.072,0,"14","IFITM3"
"PRCP",0,2.65197357352149,0.345,0.11,0,"14","PRCP"
"KIAA16711",0,2.50254144266667,0.32,0.089,0,"14","KIAA1671"
"TCF7L11",0,2.46154121527801,0.286,0.055,0,"14","TCF7L1"
"BHLHE401",0,2.32489929194189,0.305,0.075,0,"14","BHLHE40"
"DUSP61",0,2.73278626416377,0.29,0.062,0,"14","DUSP6"
"TM4SF18",0,6.09925154805104,0.231,0.004,0,"14","TM4SF18"
"CAVIN11",0,2.42829366323334,0.268,0.044,0,"14","CAVIN1"
"TINAGL11",0,3.08682550245447,0.244,0.021,0,"14","TINAGL1"
"VEGFC1",0,3.2855027497653,0.247,0.026,0,"14","VEGFC"
"FZD41",0,4.21752676257571,0.237,0.016,0,"14","FZD4"
"TNFRSF10B",0,2.60648508638781,0.281,0.061,0,"14","TNFRSF10B"
"MYRIP1",0,3.11420965140956,0.389,0.171,0,"14","MYRIP"
"ITPKB",0,2.37012081697781,0.281,0.064,0,"14","ITPKB"
"LUZP1",0,2.05567114648461,0.362,0.145,0,"14","LUZP1"
"PPP1R16B1",0,2.56963226595595,0.306,0.089,0,"14","PPP1R16B"
"CDH131",0,2.91998144478261,0.356,0.14,0,"14","CDH13"
"PLS31",0,2.61112927294158,0.266,0.051,0,"14","PLS3"
"MYCT11",0,4.96523471427361,0.222,0.007,0,"14","MYCT1"
"CLDN51",0,3.73604584416696,0.235,0.02,0,"14","CLDN5"
"RIN21",0,2.41279789614992,0.371,0.158,0,"14","RIN2"
"RFX21",0,2.35835875823796,0.303,0.09,0,"14","RFX2"
"TMEM255B1",0,4.56627060073739,0.226,0.015,0,"14","TMEM255B"
"RPGR1",0,2.67405490463721,0.284,0.074,0,"14","RPGR"
"ADAMTSL11",0,2.29445430449979,0.294,0.084,0,"14","ADAMTSL1"
"PRKD11",0,2.15335865406749,0.283,0.074,0,"14","PRKD1"
"IVNS1ABP",0,2.97594520273232,0.372,0.164,0,"14","IVNS1ABP"
"ID31",0,2.68898497223999,0.265,0.058,0,"14","ID3"
"LIMS21",0,3.53214338789071,0.232,0.025,0,"14","LIMS2"
"RRBP11",0,2.10229727105239,0.287,0.08,0,"14","RRBP1"
"TSPAN9",0,2.18620948254646,0.365,0.159,0,"14","TSPAN9"
"BCAM1",0,3.65189539271386,0.22,0.015,0,"14","BCAM"
"CAV21",0,2.74158066654281,0.235,0.032,0,"14","CAV2"
"SMAD3",0,2.44637380805754,0.273,0.071,0,"14","SMAD3"
"BST21",0,2.1983726606719,0.271,0.069,0,"14","BST2"
"LIFR2",0,2.86939585863913,0.388,0.187,0,"14","LIFR"
"GNA14-AS12",0,3.9152959624567,0.225,0.024,0,"14","GNA14-AS1"
"TMCC3",0,2.882562318893,0.288,0.087,0,"14","TMCC3"
"HTRA11",0,2.96375569100906,0.236,0.036,0,"14","HTRA1"
"S1PR11",0,3.72460699473365,0.213,0.013,0,"14","S1PR1"
"HES11",0,2.99282109103882,0.245,0.047,0,"14","HES1"
"PCAT11",0,3.10316321758072,0.25,0.052,0,"14","PCAT1"
"PGM5",0,2.99596183497433,0.261,0.063,0,"14","PGM5"
"CARD8",0,2.0573922020794,0.296,0.098,0,"14","CARD8"
"CNKSR31",0,2.13948835548355,0.356,0.159,0,"14","CNKSR3"
"BTNL91",0,4.90149095878538,0.203,0.009,0,"14","BTNL9"
"SERPINH1",0,2.28523724474729,0.244,0.05,0,"14","SERPINH1"
"GNG111",0,3.93791739617697,0.22,0.026,0,"14","GNG11"
"MKL21",0,2.31496153904143,0.425,0.231,0,"14","MKL2"
"LINC02147",0,5.20333812355745,0.209,0.016,0,"14","LINC02147"
"DUSP51",0,3.22933893946879,0.221,0.03,0,"14","DUSP5"
"MYO5C1",0,3.98135867635642,0.215,0.024,0,"14","MYO5C"
"ADAM151",0,3.11546004145419,0.24,0.051,0,"14","ADAM15"
"RAMP21",0,3.49282104427086,0.245,0.057,0,"14","RAMP2"
"NEDD4",0,2.31000210101351,0.283,0.095,0,"14","NEDD4"
"IFI441",0,2.0459517604424,0.308,0.121,0,"14","IFI44"
"ARHGEF151",0,5.63485029597279,0.191,0.004,0,"14","ARHGEF15"
"ADCY41",0,5.07408196254666,0.193,0.006,0,"14","ADCY4"
"PDE2A",0,3.13508238759488,0.239,0.053,0,"14","PDE2A"
"TEAD41",0,3.540727908115,0.21,0.024,0,"14","TEAD4"
"SYNPO1",0,2.8650170313418,0.226,0.041,0,"14","SYNPO"
"AP001528.22",0,2.88986947097539,0.217,0.032,0,"14","AP001528.2"
"JCAD1",0,3.07064572067187,0.225,0.04,0,"14","JCAD"
"JAM21",0,2.64707717663801,0.265,0.08,0,"14","JAM2"
"KLF41",0,2.34112793417768,0.228,0.044,0,"14","KLF4"
"NOTCH11",0,2.89885657573642,0.212,0.028,0,"14","NOTCH1"
"PPP2R5A",0,2.03398840518715,0.28,0.097,0,"14","PPP2R5A"
"SNTB2",0,2.53410940594355,0.255,0.072,0,"14","SNTB2"
"PARVB",0,2.03384564127619,0.318,0.135,0,"14","PARVB"
"F2RL3",0,6.81207081110526,0.185,0.002,0,"14","F2RL3"
"CD1091",0,3.085804992236,0.208,0.026,0,"14","CD109"
"PDE7B",0,2.00120501216858,0.362,0.18,0,"14","PDE7B"
"IL1R11",0,2.62446976513154,0.221,0.041,0,"14","IL1R1"
"ACKR1",0,5.71448846255497,0.195,0.018,0,"14","ACKR1"
"GFOD11",0,2.41286741497602,0.294,0.117,0,"14","GFOD1"
"TNFSF101",0,2.80209799875372,0.207,0.031,0,"14","TNFSF10"
"ABCG1",0,2.13667184419946,0.293,0.118,0,"14","ABCG1"
"LRRC321",0,3.53987959867763,0.192,0.017,0,"14","LRRC32"
"RELL11",0,2.40394666542119,0.231,0.057,0,"14","RELL1"
"DNMBP",0,2.61955400172206,0.246,0.072,0,"14","DNMBP"
"MIR222HG1",0,3.21147401486174,0.209,0.035,0,"14","MIR222HG"
"PPP1R13B",0,2.13648139508925,0.335,0.162,0,"14","PPP1R13B"
"ITM2A",0,2.73539884532489,0.2,0.027,0,"14","ITM2A"
"CPNE51",0,3.79202434883362,0.202,0.032,0,"14","CPNE5"
"GIMAP81",0,3.28508747934143,0.188,0.018,0,"14","GIMAP8"
"KCNN31",0,3.11068481190762,0.237,0.067,0,"14","KCNN3"
"EFNB21",0,2.45199270280592,0.296,0.126,0,"14","EFNB2"
"LIMK21",0,2.33564655164147,0.287,0.117,0,"14","LIMK2"
"ABCG2",0,3.91199255568898,0.185,0.016,0,"14","ABCG2"
"MLKL1",0,3.38497011096664,0.189,0.022,0,"14","MLKL"
"GRASP1",0,2.63994514426251,0.218,0.052,0,"14","GRASP"
"AC025569.11",0,3.57706786160903,0.196,0.03,0,"14","AC025569.1"
"SEMA3F1",0,4.94803220859911,0.175,0.009,0,"14","SEMA3F"
"P2RY8",0,2.36003564208875,0.211,0.045,0,"14","P2RY8"
"MALL1",0,4.66833632582989,0.174,0.008,0,"14","MALL"
"ADAMTS41",0,2.56040683798512,0.198,0.033,0,"14","ADAMTS4"
"GALNT151",0,4.36897530305275,0.185,0.02,0,"14","GALNT15"
"PIEZO2",0,2.35398555442301,0.251,0.086,0,"14","PIEZO2"
"MCF2L",0,2.32418166245682,0.332,0.168,0,"14","MCF2L"
"ADGRG11",0,2.63813216597794,0.224,0.06,0,"14","ADGRG1"
"TNS21",0,2.50834866546491,0.208,0.044,0,"14","TNS2"
"S100A10",0,2.09696717747095,0.232,0.07,0,"14","S100A10"
"NUAK11",0,2.84444204273488,0.22,0.058,0,"14","NUAK1"
"MGLL1",0,2.90727884938286,0.209,0.047,0,"14","MGLL"
"SHE1",0,3.8237439582378,0.177,0.015,0,"14","SHE"
"CA2",0,6.08112229399335,0.166,0.005,0,"14","CA2"
"EFNA11",0,3.997457538683,0.179,0.018,0,"14","EFNA1"
"SCARF11",0,3.90169922376525,0.176,0.016,0,"14","SCARF1"
"C22orf341",0,2.13252057040906,0.215,0.056,0,"14","C22orf34"
"AC243964.21",0,2.95409329334993,0.203,0.045,0,"14","AC243964.2"
"GAS61",0,2.0880591086449,0.235,0.077,0,"14","GAS6"
"GRAPL",0,3.84513414860195,0.174,0.016,0,"14","GRAPL"
"SELP",0,4.77028289794993,0.167,0.01,0,"14","SELP"
"SELE",0,6.53514453259795,0.162,0.005,0,"14","SELE"
"KIFC3",0,2.28007248959319,0.227,0.072,0,"14","KIFC3"
"TMEM2041",0,3.26456932195877,0.18,0.026,0,"14","TMEM204"
"F2R",0,2.01293756871707,0.205,0.052,0,"14","F2R"
"ACKR31",0,3.80684040804157,0.167,0.015,0,"14","ACKR3"
"FLT41",0,5.23254214608567,0.156,0.004,0,"14","FLT4"
"EPHB41",0,4.43605764617621,0.16,0.008,0,"14","EPHB4"
"LRRC11",0,2.79211895743899,0.211,0.06,0,"14","LRRC1"
"ICAM11",0,3.21755496185879,0.179,0.028,0,"14","ICAM1"
"MMRN1",0,5.07560715598006,0.155,0.004,0,"14","MMRN1"
"SEMA6B1",0,3.73505536270773,0.167,0.017,0,"14","SEMA6B"
"S100A161",0,3.03986068547601,0.175,0.025,0,"14","S100A16"
"AC004594.11",0,3.16140768197586,0.178,0.028,0,"14","AC004594.1"
"ITGA21",0,2.37911636918344,0.19,0.041,0,"14","ITGA2"
"BMP61",0,3.90644198640583,0.162,0.013,0,"14","BMP6"
"AL359220.1",0,3.4904033315295,0.161,0.012,0,"14","AL359220.1"
"SLC4A7",0,2.01887720853046,0.356,0.208,0,"14","SLC4A7"
"PIEZO1",0,2.59779742856179,0.175,0.027,0,"14","PIEZO1"
"DDX60L1",0,2.00774806469018,0.227,0.08,0,"14","DDX60L"
"AL136531.2",0,2.3338341577668,0.277,0.13,0,"14","AL136531.2"
"SOX181",0,4.78412537727768,0.153,0.006,0,"14","SOX18"
"CRIP21",0,2.25839500468417,0.259,0.113,0,"14","CRIP2"
"SMAD1",0,2.2285466523272,0.303,0.157,0,"14","SMAD1"
"SLC9A3R21",0,3.37112815413808,0.18,0.035,0,"14","SLC9A3R2"
"SPSB11",0,2.10605142640801,0.197,0.053,0,"14","SPSB1"
"ARAP31",0,2.74427518358684,0.197,0.053,0,"14","ARAP3"
"CD59",0,2.48748977291385,0.233,0.09,0,"14","CD59"
"VCAM11",0,3.9373910045228,0.163,0.02,0,"14","VCAM1"
"MET1",0,3.31456711840293,0.168,0.025,0,"14","MET"
"PRKD2",0,2.26204313103874,0.213,0.07,0,"14","PRKD2"
"UPP1",0,2.214276817973,0.245,0.103,0,"14","UPP1"
"LMO21",0,3.36696698037645,0.162,0.02,0,"14","LMO2"
"PPM1F",0,2.44203221573036,0.217,0.075,0,"14","PPM1F"
"DLL41",0,3.5788929600935,0.151,0.009,0,"14","DLL4"
"FILIP12",0,2.07285453335655,0.221,0.081,0,"14","FILIP1"
"LAMA51",0,2.83647062411372,0.179,0.039,0,"14","LAMA5"
"ACVRL11",0,3.40508451674124,0.157,0.018,0,"14","ACVRL1"
"SOCS21",0,2.41873610670093,0.193,0.054,0,"14","SOCS2"
"CMTM81",0,2.54848417498075,0.207,0.068,0,"14","CMTM8"
"CACHD1",0,2.27039978392703,0.275,0.137,0,"14","CACHD1"
"NEURL1B",0,2.26136936673543,0.2,0.062,0,"14","NEURL1B"
"SPNS2",0,3.40011242879425,0.163,0.025,0,"14","SPNS2"
"SLFN51",0,2.04241238233211,0.181,0.043,0,"14","SLFN5"
"CCDC85B1",0,2.34321795605366,0.232,0.096,0,"14","CCDC85B"
"TMEM2331",0,3.79804068638832,0.161,0.026,0,"14","TMEM233"
"CX3CL11",0,3.71395683683267,0.158,0.023,0,"14","CX3CL1"
"FAM196A2",0,2.25934141324305,0.176,0.042,0,"14","FAM196A"
"AC010737.11",0,4.39119830267276,0.144,0.01,0,"14","AC010737.1"
"SHROOM2",0,3.47197677174385,0.161,0.028,0,"14","SHROOM2"
"EXOC3L21",0,4.74536819806704,0.14,0.008,0,"14","EXOC3L2"
"IL15RA1",0,3.1296763048022,0.15,0.018,0,"14","IL15RA"
"SLC5A4-AS11",0,2.5453939389535,0.253,0.121,0,"14","SLC5A4-AS1"
"AL138828.1",0,2.14461580750812,0.277,0.146,0,"14","AL138828.1"
"BCAR1",0,2.24959158769679,0.216,0.085,0,"14","BCAR1"
"ELMO1-AS11",0,2.32334888792526,0.176,0.045,0,"14","ELMO1-AS1"
"ACSL5",0,2.73121384851725,0.159,0.029,0,"14","ACSL5"
"SBNO2",0,2.03267280100649,0.191,0.061,0,"14","SBNO2"
"TPD52L1",0,2.61408776810441,0.156,0.026,0,"14","TPD52L1"
"VAMP51",0,2.63356897092481,0.167,0.038,0,"14","VAMP5"
"INHBB1",0,4.76832564209997,0.134,0.005,0,"14","INHBB"
"PNP1",0,2.8806449713078,0.174,0.046,0,"14","PNP"
"SDCBP2-AS1",0,2.20897968614572,0.262,0.134,0,"14","SDCBP2-AS1"
"AC008050.11",0,3.28898755815523,0.155,0.027,0,"14","AC008050.1"
"EPHA41",0,2.31616647779919,0.178,0.051,0,"14","EPHA4"
"EML1",0,2.54779997850921,0.219,0.092,0,"14","EML1"
"ADAMTS9-AS11",0,2.61809259839382,0.161,0.034,0,"14","ADAMTS9-AS1"
"RBP71",0,4.26673590269066,0.136,0.01,0,"14","RBP7"
"CCDC601",0,4.63035282645838,0.143,0.017,0,"14","CCDC60"
"PALD1",0,2.7117437767257,0.159,0.033,0,"14","PALD1"
"MAGI1-AS11",0,3.6055217979264,0.148,0.023,0,"14","MAGI1-AS1"
"PLK21",0,2.70242858232142,0.168,0.044,0,"14","PLK2"
"TSPAN18",0,2.17410436006071,0.222,0.098,0,"14","TSPAN18"
"AL365273.21",0,2.1090566637627,0.208,0.084,0,"14","AL365273.2"
"CASP101",0,3.08236947788309,0.14,0.017,0,"14","CASP10"
"AC005237.11",0,2.34681542198911,0.187,0.064,0,"14","AC005237.1"
"FRMD8",0,2.46302086615987,0.171,0.05,0,"14","FRMD8"
"SH3TC1",0,2.3289127549768,0.159,0.038,0,"14","SH3TC1"
"TNFRSF10A1",0,3.03999174942153,0.135,0.015,0,"14","TNFRSF10A"
"RAPGEF31",0,4.62587847718826,0.126,0.006,0,"14","RAPGEF3"
"APLNR",0,5.24492812449701,0.123,0.004,0,"14","APLNR"
"KIAA1211L1",0,3.93380177423122,0.132,0.014,0,"14","KIAA1211L"
"TMEM1731",0,2.24668268536976,0.15,0.032,0,"14","TMEM173"
"STC2",0,6.02787539565003,0.121,0.003,0,"14","STC2"
"ICAM21",0,2.55182164066734,0.143,0.025,0,"14","ICAM2"
"ZNF3661",0,4.58457851532366,0.125,0.007,0,"14","ZNF366"
"RARB",0,2.53080056221312,0.188,0.071,0,"14","RARB"
"FAM107A1",0,3.45119391859783,0.129,0.012,0,"14","FAM107A"
"SOX71",0,4.10640741310023,0.129,0.012,0,"14","SOX7"
"TP53I11",0,2.51177076971251,0.195,0.078,0,"14","TP53I11"
"A4GALT2",0,3.10690229848214,0.137,0.02,0,"14","A4GALT"
"EDNRB1",0,2.09996378562433,0.157,0.04,0,"14","EDNRB"
"ZFYVE28",0,2.19232833831475,0.18,0.064,0,"14","ZFYVE28"
"GIMAP41",0,2.01576767775946,0.142,0.027,0,"14","GIMAP4"
"SH3BGRL2",0,2.4040699174684,0.203,0.089,0,"14","SH3BGRL2"
"RAB13",0,2.49623156625797,0.158,0.044,0,"14","RAB13"
"GABRE",0,3.61311983616973,0.124,0.01,0,"14","GABRE"
"GIMAP71",0,2.0782540264871,0.136,0.023,0,"14","GIMAP7"
"SOX171",0,4.18923961958686,0.118,0.005,0,"14","SOX17"
"FZD61",0,2.36346609237569,0.158,0.046,0,"14","FZD6"
"PKN31",0,3.77031748257905,0.123,0.011,0,"14","PKN3"
"TMEM881",0,3.75264887670457,0.131,0.019,0,"14","TMEM88"
"CYYR1-AS11",0,3.76612078650404,0.13,0.018,0,"14","CYYR1-AS1"
"CASKIN21",0,3.09278345956929,0.141,0.03,0,"14","CASKIN2"
"FAM167B",0,5.76389183712641,0.114,0.004,0,"14","FAM167B"
"HOXB31",0,2.81580497784832,0.129,0.019,0,"14","HOXB3"
"S100A131",0,2.05551376546413,0.146,0.036,0,"14","S100A13"
"PDGFB2",0,2.57070814354724,0.139,0.03,0,"14","PDGFB"
"PCDH12",0,3.22414997200459,0.13,0.021,0,"14","PCDH12"
"SPRY41",0,2.6451788671291,0.155,0.046,0,"14","SPRY4"
"PIP5K1C",0,2.10448328465786,0.188,0.079,0,"14","PIP5K1C"
"IL332",0,3.0345757496555,0.122,0.013,0,"14","IL33"
"ECSCR1",0,5.78576955311436,0.109,0.002,0,"14","ECSCR"
"NOS31",0,4.36116151779259,0.115,0.009,0,"14","NOS3"
"ANGPTL4",0,2.3158533412938,0.136,0.03,0,"14","ANGPTL4"
"PXDC12",0,2.08707411968,0.136,0.031,0,"14","PXDC1"
"BCL6B1",0,4.98499886549972,0.108,0.003,0,"14","BCL6B"
"PRDM11",0,2.45811020402032,0.128,0.024,0,"14","PRDM1"
"CPXM22",0,2.79510741044829,0.131,0.027,0,"14","CPXM2"
"BAG31",0,2.15240568688537,0.144,0.04,0,"14","BAG3"
"SMTN",0,2.33480793263227,0.142,0.038,0,"14","SMTN"
"HAPLN3",0,2.61131847490911,0.117,0.014,0,"14","HAPLN3"
"CEACAM1",0,2.75560638209756,0.169,0.066,0,"14","CEACAM1"
"CLIC2",0,2.79626969276661,0.123,0.021,0,"14","CLIC2"
"GIMAP61",0,3.36888991232251,0.108,0.008,0,"14","GIMAP6"
"LGALS91",0,2.06818278447657,0.127,0.027,0,"14","LGALS9"
"NPR11",0,4.06860259765168,0.107,0.008,0,"14","NPR1"
"PRAG1",0,2.33928174923935,0.144,0.045,0,"14","PRAG1"
"NOX41",0,2.58453662810593,0.142,0.043,0,"14","NOX4"
"LNX1",0,3.69374936784439,0.138,0.04,0,"14","LNX1"
"C4orf191",0,2.04034764111241,0.146,0.048,0,"14","C4orf19"
"ADA1",0,2.97825566908014,0.111,0.014,0,"14","ADA"
"GPRC5B1",0,3.40444057066489,0.112,0.017,0,"14","GPRC5B"
"APOL31",0,2.27600593064578,0.118,0.024,0,"14","APOL3"
"TACR11",0,2.82607854457356,0.15,0.056,0,"14","TACR1"
"GBP41",0,2.16287249762237,0.121,0.028,0,"14","GBP4"
"RPH3AL",0,2.19478343594965,0.244,0.151,0,"14","RPH3AL"
"RFLNB",0,2.886269926799,0.118,0.025,0,"14","RFLNB"
"CCL14",0,8.06318796774878,0.093,0,0,"14","CCL14"
"SERTAD1",0,2.10302614038836,0.137,0.045,0,"14","SERTAD1"
"DLL1",0,2.76167381589801,0.123,0.031,0,"14","DLL1"
"BOC1",0,2.05052077362926,0.119,0.027,0,"14","BOC"
"FOSL12",0,2.57727359179308,0.106,0.014,0,"14","FOSL1"
"CD40",0,2.39723724682917,0.112,0.021,0,"14","CD40"
"MARK4",0,2.1074423572156,0.237,0.147,0,"14","MARK4"
"AL360091.3",0,2.19342904770759,0.137,0.048,0,"14","AL360091.3"
"KITLG1",0,3.14245243858497,0.111,0.022,0,"14","KITLG"
"AC090630.11",0,3.31757774821765,0.107,0.019,0,"14","AC090630.1"
"SPAAR1",0,5.15583644706058,0.092,0.004,0,"14","SPAAR"
"AL022323.41",0,2.85031098332979,0.111,0.023,0,"14","AL022323.4"
"PDIA5",0,2.15308107292013,0.139,0.052,0,"14","PDIA5"
"IGFBP31",0,2.07136003307386,0.115,0.028,0,"14","IGFBP3"
"TEAD21",0,2.9743551347455,0.099,0.012,0,"14","TEAD2"
"CDA1",0,4.06848407311773,0.093,0.006,0,"14","CDA"
"LTC4S1",0,2.33687557223476,0.105,0.018,0,"14","LTC4S"
"NPDC1",0,2.03896634554433,0.183,0.096,0,"14","NPDC1"
"TAL11",0,5.16168684353066,0.09,0.003,0,"14","TAL1"
"AC022217.31",0,2.01317634390415,0.122,0.035,0,"14","AC022217.3"
"SNAI1",0,3.80161049499573,0.095,0.009,0,"14","SNAI1"
"SMAGP",0,2.77762411114804,0.106,0.02,0,"14","SMAGP"
"TCN21",0,2.33382893252374,0.124,0.038,0,"14","TCN2"
"EPHA2",0,2.94656429482503,0.096,0.011,0,"14","EPHA2"
"PPIC1",0,2.35706543401711,0.106,0.021,0,"14","PPIC"
"MT1X",0,2.82998641974486,0.121,0.036,0,"14","MT1X"
"APOL11",0,2.67340316820571,0.106,0.021,0,"14","APOL1"
"AC078883.1",0,2.65390222781229,0.113,0.029,0,"14","AC078883.1"
"F81",0,2.91118332670678,0.116,0.033,0,"14","F8"
"FAM110D1",0,5.0825486347189,0.087,0.004,0,"14","FAM110D"
"TCAF2",0,2.33954199796486,0.124,0.041,0,"14","TCAF2"
"PEAR11",0,2.06042564837083,0.116,0.034,0,"14","PEAR1"
"FAP2",0,2.45293448932234,0.097,0.015,0,"14","FAP"
"UBTD1",0,2.33144313475656,0.111,0.029,0,"14","UBTD1"
"OAS21",0,2.36129997082294,0.101,0.019,0,"14","OAS2"
"NT5E",0,2.16926655052818,0.117,0.037,0,"14","NT5E"
"THSD11",0,3.09992204594441,0.099,0.019,0,"14","THSD1"
"EHD21",0,2.06811226518476,0.1,0.02,0,"14","EHD2"
"ESM11",0,5.2804938465133,0.083,0.003,0,"14","ESM1"
"AC069368.1",0,2.06756106702091,0.125,0.045,0,"14","AC069368.1"
"NACC2",0,2.28435405526405,0.099,0.02,0,"14","NACC2"
"FOXC11",0,2.35686029968585,0.104,0.025,0,"14","FOXC1"
"SLC12A7",0,2.13692569077935,0.101,0.023,0,"14","SLC12A7"
"TMEM2731",0,2.68997915856289,0.093,0.015,0,"14","TMEM273"
"SMAD61",0,3.45247235224916,0.089,0.011,0,"14","SMAD6"
"CCM2L1",0,3.37277756967276,0.093,0.015,0,"14","CCM2L"
"AC119674.2",0,3.6321885675331,0.088,0.01,0,"14","AC119674.2"
"AC136489.11",0,4.9704717596402,0.083,0.005,0,"14","AC136489.1"
"ITGA101",0,3.10165285364024,0.094,0.017,0,"14","ITGA10"
"EBF3",0,2.16531953151399,0.134,0.058,0,"14","EBF3"
"AL157871.41",0,2.22560194453483,0.126,0.05,0,"14","AL157871.4"
"ABI3",0,2.07347568749995,0.092,0.018,0,"14","ABI3"
"GPRC5A2",0,2.65778971777118,0.085,0.012,0,"14","GPRC5A"
"ADAMTS18",0,3.89484322023568,0.095,0.022,0,"14","ADAMTS18"
"TNFAIP8L1",0,2.34423903731431,0.1,0.027,0,"14","TNFAIP8L1"
"NPNT2",0,2.72998294556382,0.085,0.012,0,"14","NPNT"
"ARHGAP26-AS1",0,2.4564036264742,0.144,0.071,0,"14","ARHGAP26-AS1"
"CDC42EP1",0,2.22706892687908,0.09,0.017,0,"14","CDC42EP1"
"OAS31",0,2.20260809086992,0.1,0.028,0,"14","OAS3"
"TMC1",0,3.60126637840711,0.084,0.012,0,"14","TMC1"
"CEACAM191",0,2.75545026747689,0.093,0.021,0,"14","CEACAM19"
"DUSP23",0,2.10328605200275,0.126,0.055,0,"14","DUSP23"
"AC130650.11",0,2.5542989463723,0.11,0.039,0,"14","AC130650.1"
"PIK3R31",0,2.57198273069854,0.102,0.031,0,"14","PIK3R3"
"AP001439.1",0,2.00526355465164,0.151,0.08,0,"14","AP001439.1"
"AC007681.11",0,2.88760028002573,0.101,0.031,0,"14","AC007681.1"
"TSPAN12",0,2.7257941381034,0.088,0.018,0,"14","TSPAN12"
"AC004551.11",0,2.07666711059443,0.102,0.032,0,"14","AC004551.1"
"ST8SIA61",0,3.49798233648099,0.081,0.012,0,"14","ST8SIA6"
"EFNB1",0,3.20415852815697,0.085,0.017,0,"14","EFNB1"
"MEDAG2",0,2.07876891468658,0.084,0.016,0,"14","MEDAG"
"BCL3",0,2.05105078683893,0.085,0.017,0,"14","BCL3"
"ABCB1",0,2.1668549220397,0.275,0.208,0,"14","ABCB1"
"TDRD101",0,3.3463281378996,0.076,0.009,0,"14","TDRD10"
"NPAS22",0,2.03600464813921,0.107,0.04,0,"14","NPAS2"
"IFITM11",0,2.03363082381769,0.08,0.013,0,"14","IFITM1"
"SLC5A41",0,2.44041057507865,0.108,0.042,0,"14","SLC5A4"
"KCNK51",0,4.33300835759908,0.071,0.005,0,"14","KCNK5"
"CARD101",0,3.54825382200105,0.073,0.007,0,"14","CARD10"
"PRR5L",0,2.10630307005827,0.09,0.025,0,"14","PRR5L"
"SDCBP2",0,3.235109721274,0.079,0.014,0,"14","SDCBP2"
"AC079380.12",0,3.97719336384406,0.071,0.006,0,"14","AC079380.1"
"SLCO4A11",0,3.51141853236432,0.072,0.008,0,"14","SLCO4A1"
"AL157786.1",0,2.97020490201946,0.077,0.014,0,"14","AL157786.1"
"ADAMTS52",0,2.57421235205556,0.078,0.015,0,"14","ADAMTS5"
"IL61",0,3.61498139769721,0.07,0.008,0,"14","IL6"
"CXCL21",0,2.33439377235168,0.079,0.017,0,"14","CXCL2"
"PVR1",0,2.97038022594788,0.076,0.014,0,"14","PVR"
"GPIHBP11",0,4.62136516203543,0.065,0.003,0,"14","GPIHBP1"
"STARD81",0,2.95767752448011,0.071,0.009,0,"14","STARD8"
"HOXB-AS31",0,2.96707621508096,0.071,0.009,0,"14","HOXB-AS3"
"MPZL3",0,2.74149714486154,0.07,0.009,0,"14","MPZL3"
"ABO1",0,2.94480904671297,0.071,0.01,0,"14","ABO"
"EDN11",0,3.16522450367528,0.069,0.009,0,"14","EDN1"
"LHX6",0,5.74343205795516,0.062,0.002,0,"14","LHX6"
"RBP51",0,2.45188709095263,0.074,0.014,0,"14","RBP5"
"HSPA12B1",0,3.34381332558073,0.071,0.011,0,"14","HSPA12B"
"RND11",0,4.29783412514954,0.064,0.005,0,"14","RND1"
"AOC3",0,2.0705421313478,0.069,0.01,0,"14","AOC3"
"CPAMD81",0,3.22244599419448,0.072,0.014,0,"14","CPAMD8"
"MFNG1",0,2.10160883256015,0.072,0.014,0,"14","MFNG"
"MAP3K6",0,2.71093838603913,0.07,0.013,0,"14","MAP3K6"
"CFI1",0,2.20682289671673,0.068,0.011,0,"14","CFI"
"CRHBP",0,3.88137280811289,0.063,0.006,0,"14","CRHBP"
"HHEX1",0,2.77926431684233,0.065,0.009,0,"14","HHEX"
"FAM84B",0,3.64276275580514,0.06,0.004,0,"14","FAM84B"
"CYP26B11",0,4.6425166435083,0.061,0.006,0,"14","CYP26B1"
"JAG21",0,2.02726281746022,0.092,0.037,0,"14","JAG2"
"SMOX",0,2.36578002137678,0.071,0.016,0,"14","SMOX"
"PKP4-AS1",0,3.0251061342526,0.076,0.021,0,"14","PKP4-AS1"
"DNMBP-AS1",0,2.36418060329367,0.073,0.019,0,"14","DNMBP-AS1"
"C1orf1151",0,3.76151073664192,0.057,0.004,0,"14","C1orf115"
"ITPKB-AS1",0,2.45610410463227,0.065,0.012,0,"14","ITPKB-AS1"
"CELSR1",0,2.64680595890757,0.066,0.013,0,"14","CELSR1"
"LDLRAD21",0,3.36690215648053,0.06,0.007,0,"14","LDLRAD2"
"MEOX1",0,2.97819130853647,0.062,0.009,0,"14","MEOX1"
"TNFRSF41",0,2.24171348931394,0.06,0.008,0,"14","TNFRSF4"
"F11R1",0,2.04744045545243,0.07,0.02,0,"14","F11R"
"EFCC11",0,4.03948336121562,0.053,0.004,0,"14","EFCC1"
"TRPM61",0,3.68282174652124,0.058,0.009,0,"14","TRPM6"
"EXOC3L11",0,3.48010074184923,0.059,0.01,0,"14","EXOC3L1"
"AL021937.31",0,4.92975848576015,0.051,0.002,0,"14","AL021937.3"
"LINC01515",0,2.0576623912095,0.085,0.037,0,"14","LINC01515"
"GRAMD1C1",0,2.36655778385558,0.069,0.021,0,"14","GRAMD1C"
"FOLH1",0,5.50172888817114,0.05,0.002,0,"14","FOLH1"
"MN11",0,2.37555613859804,0.058,0.01,0,"14","MN1"
"AP001610.11",0,2.15401201482071,0.064,0.016,0,"14","AP001610.1"
"RFX81",0,2.55008234221676,0.075,0.028,0,"14","RFX8"
"PLA1A1",0,4.35053093438916,0.05,0.003,0,"14","PLA1A"
"CDC42EP2",0,2.60954000578829,0.058,0.013,0,"14","CDC42EP2"
"MMP281",0,2.21554458544251,0.064,0.019,0,"14","MMP28"
"CLMAT32",0,2.1764414846113,0.059,0.014,0,"14","CLMAT3"
"AKAP12",0,2.43789046568468,0.461,0.417,0,"14","AKAP12"
"HLX1",0,3.2184853280402,0.053,0.009,0,"14","HLX"
"ARHGAP31-AS12",0,2.79588312663113,0.054,0.01,0,"14","ARHGAP31-AS1"
"AL138689.21",0,2.59845631214498,0.069,0.026,0,"14","AL138689.2"
"C2CD4B1",0,2.70343273737798,0.066,0.023,0,"14","C2CD4B"
"DSP",0,3.11207363916502,0.048,0.005,0,"14","DSP"
"AC010524.12",0,3.00012745275551,0.049,0.006,0,"14","AC010524.1"
"TFF3",0,4.16240769484997,0.045,0.002,0,"14","TFF3"
"AC011511.2",0,2.66389032945525,0.062,0.019,0,"14","AC011511.2"
"AC142391.11",0,5.00614934912123,0.045,0.002,0,"14","AC142391.1"
"GPR1461",0,2.23114449582333,0.065,0.023,0,"14","GPR146"
"CSF2RB",0,2.36324362652826,0.051,0.009,0,"14","CSF2RB"
"SLC10A6",0,3.98239201370613,0.046,0.005,0,"14","SLC10A6"
"CARD61",0,2.521055032825,0.05,0.009,0,"14","CARD6"
"ZNF467",0,2.06257524919116,0.058,0.017,0,"14","ZNF467"
"AIF1L1",0,2.41644027603669,0.054,0.013,0,"14","AIF1L"
"ELF41",0,2.31526656508866,0.051,0.01,0,"14","ELF4"
"MDFI1",0,2.95499766906962,0.045,0.004,0,"14","MDFI"
"HIF3A2",0,2.16103730663056,0.061,0.02,0,"14","HIF3A"
"AC093801.11",0,2.95088064843178,0.052,0.011,0,"14","AC093801.1"
"AC011472.12",0,3.12016412458174,0.046,0.006,0,"14","AC011472.1"
"TBX1",0,3.45948601886949,0.045,0.005,0,"14","TBX1"
"LINC02197",0,5.27630679746748,0.046,0.006,0,"14","LINC02197"
"LONRF31",0,2.22809213070578,0.056,0.016,0,"14","LONRF3"
"HOXB72",0,2.31236690733865,0.047,0.007,0,"14","HOXB7"
"AC111194.21",0,4.33159650845046,0.045,0.005,0,"14","AC111194.2"
"ELOVL71",0,2.65278683015308,0.072,0.032,0,"14","ELOVL7"
"GRAP",0,3.01922099076993,0.044,0.004,0,"14","GRAP"
"DENND2C1",0,2.22404706105775,0.053,0.014,0,"14","DENND2C"
"CRACR2B",0,2.53275792202641,0.053,0.014,0,"14","CRACR2B"
"C6orf141",0,4.37027651507911,0.042,0.003,0,"14","C6orf141"
"RP11",0,3.0895178210908,0.049,0.01,0,"14","RP1"
"AC108134.31",0,3.12030125798568,0.045,0.006,0,"14","AC108134.3"
"AL136985.3",0,4.18712465919547,0.043,0.004,0,"14","AL136985.3"
"KCNE31",0,3.77440552694674,0.045,0.007,0,"14","KCNE3"
"NRGN1",0,2.37393155763288,0.047,0.009,0,"14","NRGN"
"SYT151",0,3.91628325043082,0.04,0.003,0,"14","SYT15"
"CLEC3B1",0,3.90777744984834,0.039,0.002,0,"14","CLEC3B"
"PLEKHG6",0,2.97498697735107,0.044,0.007,0,"14","PLEKHG6"
"ATAD3C",0,3.63158949831443,0.042,0.006,0,"14","ATAD3C"
"ADAMTSL21",0,2.04316027317348,0.055,0.019,0,"14","ADAMTSL2"
"AC011444.21",0,2.23126219704093,0.047,0.011,0,"14","AC011444.2"
"ASB91",0,3.45181264223395,0.04,0.004,0,"14","ASB9"
"LINC012351",0,5.2841256468799,0.037,0.001,0,"14","LINC01235"
"AL162586.1",0,2.29762119534923,0.053,0.017,0,"14","AL162586.1"
"CSF31",0,6.58724557677415,0.037,0.001,0,"14","CSF3"
"CD300LG1",0,5.07442549883994,0.037,0.001,0,"14","CD300LG"
"AL359094.11",0,2.37436215011227,0.046,0.01,0,"14","AL359094.1"
"DYRK3",0,2.03170036398278,0.054,0.019,0,"14","DYRK3"
"PROSER22",0,2.10036238199802,0.047,0.012,0,"14","PROSER2"
"KRT18",0,2.72096229162357,0.039,0.004,0,"14","KRT18"
"RASSF9",0,2.14258030061055,0.051,0.016,0,"14","RASSF9"
"NRARP1",0,2.37263431514348,0.04,0.007,0,"14","NRARP"
"IRX3",0,3.70060177058838,0.039,0.006,0,"14","IRX3"
"TBXA2R",0,2.66363729516658,0.04,0.007,0,"14","TBXA2R"
"Z93241.1",0,2.12225563366538,0.046,0.013,0,"14","Z93241.1"
"ATOH81",0,2.79441333200048,0.041,0.008,0,"14","ATOH8"
"KL1",0,2.95685560819469,0.041,0.008,0,"14","KL"
"BMP2",0,2.91437200450512,0.038,0.005,0,"14","BMP2"
"AC125793.11",0,3.53585878968452,0.041,0.008,0,"14","AC125793.1"
"SEMA3F-AS1",0,2.86624782450166,0.044,0.012,0,"14","SEMA3F-AS1"
"HOXA-AS21",0,2.77993756884481,0.037,0.005,0,"14","HOXA-AS2"
"AL390860.11",0,2.99733439233883,0.041,0.009,0,"14","AL390860.1"
"GPR41",0,3.47563394958463,0.034,0.003,0,"14","GPR4"
"TACSTD2",0,4.61599153760042,0.032,0.001,0,"14","TACSTD2"
"AC092422.11",0,2.99542585533824,0.045,0.014,0,"14","AC092422.1"
"AL356124.1",0,2.37074203329418,0.043,0.012,0,"14","AL356124.1"
"ZNF385D-AS1",0,3.52577895574906,0.037,0.007,0,"14","ZNF385D-AS1"
"COL13A1",0,2.85208338587473,0.035,0.006,0,"14","COL13A1"
"AC027277.12",0,2.19859938823794,0.037,0.008,0,"14","AC027277.1"
"KLF8",0,2.31136024930671,0.038,0.009,0,"14","KLF8"
"AL590226.11",0,4.24328867528755,0.031,0.002,0,"14","AL590226.1"
"GABRD",0,4.48981337883328,0.03,0.002,0,"14","GABRD"
"AL355916.21",0,3.54989126486957,0.029,0.002,0,"14","AL355916.2"
"AC011466.1",0,2.20267056864562,0.039,0.012,0,"14","AC011466.1"
"FUT11",0,3.7640158331846,0.031,0.004,0,"14","FUT1"
"CCL21",0,2.89532722983498,0.032,0.006,0,"14","CCL21"
"LOXHD1",0,3.37610297711198,0.032,0.006,0,"14","LOXHD1"
"ADM51",0,3.43569236536587,0.03,0.004,0,"14","ADM5"
"HOXB4",0,2.51794024782314,0.03,0.004,0,"14","HOXB4"
"CYP39A1",0,2.74036778552794,0.031,0.006,0,"14","CYP39A1"
"PRRG1",0,3.81369776658924,0.027,0.002,0,"14","PRRG1"
"CASTOR11",0,2.08300938448018,0.031,0.006,0,"14","CASTOR1"
"SENCR1",0,3.76130761345493,0.027,0.002,0,"14","SENCR"
"CA4",0,5.13204825981441,0.027,0.002,0,"14","CA4"
"AC008534.11",0,3.31131685095538,0.028,0.003,0,"14","AC008534.1"
"CETP",0,2.42429713733445,0.027,0.003,0,"14","CETP"
"FCN31",0,4.72936627382675,0.025,0.001,0,"14","FCN3"
"AC010976.21",0,4.8118707435594,0.025,0.001,0,"14","AC010976.2"
"RIN1",0,2.28263150366968,0.032,0.008,0,"14","RIN1"
"AL096772.12",0,3.60483448538764,0.026,0.002,0,"14","AL096772.1"
"GIMAP51",0,2.96503535671744,0.025,0.002,0,"14","GIMAP5"
"AC074033.11",0,4.00087016819297,0.025,0.002,0,"14","AC074033.1"
"LINC012902",0,2.0671630443487,0.029,0.007,0,"14","LINC01290"
"INMT1",0,2.21040548815516,0.028,0.006,0,"14","INMT"
"FBXO391",0,3.76139244820981,0.024,0.002,0,"14","FBXO39"
"EHD4-AS1",0,4.24666646007574,0.024,0.002,0,"14","EHD4-AS1"
"AC007743.11",0,3.1400836920617,0.028,0.007,0,"14","AC007743.1"
"SIK11",0,2.01189945414618,0.028,0.007,0,"14","SIK1"
"LCN61",0,6.17364154658906,0.021,0,0,"14","LCN6"
"AL137186.21",0,2.3636909038445,0.028,0.007,0,"14","AL137186.2"
"DOCK9-AS11",0,3.43020993343431,0.024,0.003,0,"14","DOCK9-AS1"
"AC061992.11",0,2.36337489740594,0.027,0.006,0,"14","AC061992.1"
"AVPR2",0,5.00660030649981,0.022,0.001,0,"14","AVPR2"
"HRCT11",0,3.35819466513987,0.023,0.002,0,"14","HRCT1"
"VSIG21",0,4.64904408999636,0.022,0.001,0,"14","VSIG2"
"SPTBN5",0,2.72044235647214,0.027,0.006,0,"14","SPTBN5"
"FAM124B1",0,2.74109582536756,0.023,0.003,0,"14","FAM124B"
"AL583785.11",0,3.84665411265255,0.021,0.001,0,"14","AL583785.1"
"CLEC9A1",0,2.79342926665019,0.024,0.004,0,"14","CLEC9A"
"AC093001.1",0,5.42261434188904,0.021,0.001,0,"14","AC093001.1"
"AL109741.11",0,3.10556214130791,0.022,0.002,0,"14","AL109741.1"
"GIPC31",0,2.95514331028179,0.022,0.002,0,"14","GIPC3"
"TNFRSF11B1",0,2.44953589322164,0.021,0.002,0,"14","TNFRSF11B"
"SCN4A1",0,4.16881253783728,0.021,0.002,0,"14","SCN4A"
"PKHD1L1",0,3.16927954543062,0.024,0.005,0,"14","PKHD1L1"
"AP003501.11",0,4.86244735321374,0.02,0.001,0,"14","AP003501.1"
"AC011853.21",0,3.73592508567412,0.02,0.002,0,"14","AC011853.2"
"AL596442.2",0,5.63900479396565,0.018,0,0,"14","AL596442.2"
"APLN",0,3.95613717188989,0.02,0.003,0,"14","APLN"
"LINC01303",0,2.84093671275926,0.02,0.003,0,"14","LINC01303"
"BX322562.1",0,2.2027786402529,0.02,0.003,0,"14","BX322562.1"
"CAPN11",0,3.88256997184313,0.019,0.002,0,"14","CAPN11"
"AC126283.21",0,3.4914602344217,0.019,0.002,0,"14","AC126283.2"
"AKAP2",0,4.79286697302086,0.018,0.001,0,"14","AKAP2"
"PABPC4L1",0,3.96232239312101,0.017,0.001,0,"14","PABPC4L"
"SCGB3A11",0,2.48214209803722,0.018,0.002,0,"14","SCGB3A1"
"CLCF11",0,2.07484272984063,0.02,0.004,0,"14","CLCF1"
"SLC52A31",0,3.69214250120363,0.017,0.001,0,"14","SLC52A3"
"LRRC74A1",0,2.98773934865436,0.02,0.004,0,"14","LRRC74A"
"AC012568.11",0,2.38565793223442,0.019,0.003,0,"14","AC012568.1"
"KIF19",0,3.78373628179649,0.016,0.001,0,"14","KIF19"
"AC114291.1",0,6.91501848073883,0.015,0,0,"14","AC114291.1"
"AL049629.21",0,3.87184808798791,0.016,0.001,0,"14","AL049629.2"
"HOXB61",0,3.41184418148825,0.016,0.001,0,"14","HOXB6"
"AC007998.3",0,7.03240804833215,0.015,0,0,"14","AC007998.3"
"MEF2C-AS2",0,2.21834320805792,0.019,0.004,0,"14","MEF2C-AS2"
"AL162742.21",0,3.83368062440164,0.016,0.001,0,"14","AL162742.2"
"GPR182",0,5.38304884193476,0.014,0,0,"14","GPR182"
"CCL23",0,3.30216169969047,0.016,0.002,0,"14","CCL23"
"AC119674.1",0,3.2855069719683,0.016,0.003,0,"14","AC119674.1"
"LRG1",0,3.64339049064744,0.014,0.001,0,"14","LRG1"
"ERICH41",0,4.39347932676108,0.014,0.001,0,"14","ERICH4"
"ANGPTL81",0,3.36517907431669,0.015,0.002,0,"14","ANGPTL8"
"CCL16",0,6.10507816681639,0.013,0,0,"14","CCL16"
"AC147067.1",0,2.21545466809197,0.015,0.003,0,"14","AC147067.1"
"LINC01985",0,3.46270120990496,0.013,0.001,0,"14","LINC01985"
"HAPLN1",0,3.98409299463424,0.015,0.003,0,"14","HAPLN1"
"BTNL81",0,3.71297387666631,0.014,0.002,0,"14","BTNL8"
"AC106739.2",0,2.60148437763285,0.014,0.002,0,"14","AC106739.2"
"NOS2",0,4.38505029284281,0.013,0.001,0,"14","NOS2"
"AC015819.2",0,3.60198930644408,0.013,0.001,0,"14","AC015819.2"
"AL356275.11",0,3.12949338058319,0.012,0.001,0,"14","AL356275.1"
"ICAM4",0,2.58847113733815,0.013,0.002,0,"14","ICAM4"
"AL355916.31",0,3.04505372004483,0.013,0.002,0,"14","AL355916.3"
"FCN2",0,6.07144621826194,0.01,0,0,"14","FCN2"
"AC093817.1",0,4.89974792640252,0.01,0,0,"14","AC093817.1"
"AC125807.21",0,3.38390090207317,0.011,0.001,0,"14","AC125807.2"
"FOXF11",0,3.12660551927021,0.011,0.001,0,"14","FOXF1"
"KCNJ1",0,3.36773439949574,0.011,0.001,0,"14","KCNJ1"
"AC011383.11",0,3.90605429870304,0.011,0.001,0,"14","AC011383.1"
"AC006159.11",0,4.25963947943086,0.011,0.001,0,"14","AC006159.1"
"PRND1",0,4.23356209738323,0.01,0.001,0,"14","PRND"
"KCNJ21",1.86839880960724e-305,2.33997614172195,0.027,0.007,6.09770635503419e-301,"14","KCNJ2"
"AC097059.11",2.95272226429589e-305,3.28564433886905,0.014,0.002,9.63650438175607e-301,"14","AC097059.1"
"AC009063.2",1.21494700182514e-296,3.25745860951767,0.023,0.006,3.96510103515653e-292,"14","AC009063.2"
"BMP41",4.12428447021843e-295,2.19561859940911,0.023,0.006,1.34600147970049e-290,"14","BMP4"
"PLPP21",1.10339639779062e-294,2.14874768662614,0.033,0.01,3.60104448382948e-290,"14","PLPP2"
"AC138028.1",1.53612792068157e-289,2.66386522292253,0.015,0.003,5.01330708193636e-285,"14","AC138028.1"
"AP001189.11",8.90549664051713e-287,2.76702384235934,0.011,0.001,2.90639788359917e-282,"14","AP001189.1"
"Z97192.11",1.74046349060014e-286,2.47807013124792,0.021,0.005,5.68017664792261e-282,"14","Z97192.1"
"LINC010131",1.02987381483451e-285,2.72883664274143,0.014,0.002,3.3610961820939e-281,"14","LINC01013"
"AL022323.1",4.76776617623738e-285,2.66356262795921,0.022,0.005,1.55600816927683e-280,"14","AL022323.1"
"CERNA11",1.31118319509419e-282,2.79211884203932,0.043,0.016,4.27917747550939e-278,"14","CERNA1"
"CA8",1.10771572025318e-279,2.23342873544961,0.064,0.029,3.61514102461829e-275,"14","CA8"
"AC007271.11",3.58525815310635e-275,2.34859887756189,0.016,0.003,1.17008485084779e-270,"14","AC007271.1"
"ACR1",6.38887834057737e-273,3.56580403780808,0.011,0.002,2.08507433523083e-268,"14","ACR"
"AP001020.11",1.78545130552057e-265,3.17600051876474,0.014,0.002,5.82699888069694e-261,"14","AP001020.1"
"AL049629.1",5.16191287851278e-263,2.63258544713758,0.032,0.01,1.68464188703143e-258,"14","AL049629.1"
"AP005019.1",1.38782413610518e-256,3.81961067071269,0.011,0.002,4.52930285059286e-252,"14","AP005019.1"
"AP002989.11",3.34699097152963e-249,2.17155361690097,0.049,0.02,1.09232397346841e-244,"14","AP002989.1"
"AL033384.21",6.07992831071942e-248,2.08085964408789,0.034,0.012,1.98424540348639e-243,"14","AL033384.2"
"COL17A1",3.82987926835522e-243,2.73251546070636,0.01,0.001,1.24991939802041e-238,"14","COL17A1"
"AL078590.3",1.19240678849135e-242,2.32157460659302,0.034,0.012,3.89153879492036e-238,"14","AL078590.3"
"ST8SIA6-AS11",2.42568130155976e-237,3.02149811649284,0.018,0.004,7.91645349577042e-233,"14","ST8SIA6-AS1"
"ST6GALNAC11",3.55949882857621e-232,2.33257840073221,0.018,0.004,1.16167803769413e-227,"14","ST6GALNAC1"
"AL355102.21",6.32582694479181e-232,3.3277456219518,0.013,0.002,2.06449688170225e-227,"14","AL355102.2"
"AC010261.2",3.99442461968944e-231,2.22768865815627,0.067,0.033,1.30362041888185e-226,"14","AC010261.2"
"QRFPR",1.318206005507e-230,3.11830230841346,0.018,0.005,4.30209711957264e-226,"14","QRFPR"
"AC098613.1",8.97032330895052e-230,2.8691665083705,0.013,0.003,2.92755471510909e-225,"14","AC098613.1"
"TOR4A1",2.15904866414202e-227,2.15207082871684,0.023,0.007,7.0462712202939e-223,"14","TOR4A"
"TCF151",1.53893135328497e-226,2.64794051797301,0.017,0.004,5.02245636458082e-222,"14","TCF15"
"IGSF231",1.78777984483693e-226,2.90975034374881,0.013,0.003,5.8345983016098e-222,"14","IGSF23"
"AL132671.2",3.93077772146044e-226,2.13370414149419,0.026,0.008,1.28284861717583e-221,"14","AL132671.2"
"AC129507.4",1.0141732021329e-225,2.75514188646507,0.01,0.002,3.30985566248092e-221,"14","AC129507.4"
"AC011595.11",2.3236583657951e-225,3.01594213568139,0.013,0.003,7.5834914426089e-221,"14","AC011595.1"
"TPO",9.74580562049717e-220,3.02723253076288,0.053,0.025,3.18064112230546e-215,"14","TPO"
"LRCOL1",3.91293648099412e-218,2.73656918921237,0.01,0.002,1.27702594993724e-213,"14","LRCOL1"
"LINC017041",3.69480742881851e-217,2.77083027449668,0.011,0.002,1.20583735246921e-212,"14","LINC01704"
"FAM189A2",1.34054303233717e-216,2.22853407969077,0.039,0.016,4.37499624033559e-212,"14","FAM189A2"
"AC108134.21",2.7913360079648e-216,2.24388544082882,0.029,0.01,9.10980419559393e-212,"14","AC108134.2"
"AC087392.21",4.74553553990531e-216,2.63215822257958,0.012,0.002,1.5487529788035e-211,"14","AC087392.2"
"AC007100.1",1.20121068286254e-204,2.85586804133258,0.032,0.012,3.9202711845902e-200,"14","AC007100.1"
"PLAC42",1.70907740714943e-204,2.16036817510112,0.012,0.002,5.57774502597287e-200,"14","PLAC4"
"GRPEL2",2.35944482338444e-204,2.12910808115128,0.068,0.035,7.70028412559745e-200,"14","GRPEL2"
"ESRRB1",1.02989632008933e-193,2.7043295458177,0.029,0.01,3.36116963024354e-189,"14","ESRRB"
"AP001372.11",1.73770818583399e-189,2.52374089288718,0.032,0.012,5.67118443528781e-185,"14","AP001372.1"
"SNTG2",6.48942169928209e-183,2.24655521224579,0.203,0.163,2.1178876657777e-178,"14","SNTG2"
"AP001020.3",5.13199316937888e-175,2.83327246055522,0.012,0.002,1.67487729075849e-170,"14","AP001020.3"
"CYP8B1",9.28969375524204e-173,2.48600619780081,0.011,0.002,3.03178445396079e-168,"14","CYP8B1"
"IZUMO1",1.2934265490404e-169,2.48681079848454,0.012,0.003,4.22122688544826e-165,"14","IZUMO1"
"GJC2",1.52260352492355e-169,2.05539392578559,0.018,0.005,4.9691688639405e-165,"14","GJC2"
"FKBP1A",6.01758165246073e-168,2.80551730262834,0.13,0.093,1.96389794809708e-163,"14","FKBP1A"
"SLC16A11",1.74318418392001e-163,2.24551613116072,0.01,0.002,5.68905590264135e-159,"14","SLC16A11"
"LINC00920",4.52168261791937e-163,2.11831693383264,0.012,0.003,1.47569633918417e-158,"14","LINC00920"
"C9orf152",1.52889702236809e-161,2.33326649664932,0.015,0.004,4.98970832220049e-157,"14","C9orf152"
"AC011481.2",1.04355419914854e-156,2.17075020382174,0.013,0.003,3.40574348434117e-152,"14","AC011481.2"
"MYOM31",3.99750841975908e-145,2.55716390069107,0.01,0.002,1.30462684787257e-140,"14","MYOM3"
"FAM72A",1.07676352208833e-142,2.61264986668862,0.014,0.004,3.51412543068747e-138,"14","FAM72A"
"LINC015581",9.91768686520899e-142,2.33433450148704,0.013,0.004,3.23673628532961e-137,"14","LINC01558"
"AL354836.11",1.70077474449517e-141,2.3837945917172,0.017,0.006,5.55064845613442e-137,"14","AL354836.1"
"C7orf69",7.05362624716156e-139,3.00072364877381,0.012,0.003,2.30202146202365e-134,"14","C7orf69"
"CASC81",8.16229194938554e-138,2.15372527044672,0.023,0.009,2.66384560060147e-133,"14","CASC8"
"AC074286.11",2.18641218720717e-135,2.24343811832477,0.067,0.04,7.13557481416931e-131,"14","AC074286.1"
"GPR3",3.25304111555712e-133,2.40701420596,0.01,0.002,1.06166249847322e-128,"14","GPR3"
"AL049812.31",7.05383907700609e-133,2.36792611935319,0.011,0.003,2.30209092117171e-128,"14","AL049812.3"
"AL445465.12",9.84092898907124e-131,2.04789513950921,0.014,0.004,3.21168558487329e-126,"14","AL445465.1"
"AC090541.11",5.04085463848337e-123,2.44514505835772,0.013,0.004,1.64513331981543e-118,"14","AC090541.1"
"GOLGA8M",6.6486289633072e-122,2.03975928465559,0.021,0.008,2.16984654846494e-117,"14","GOLGA8M"
"AP000897.21",2.31923828918779e-121,2.65902806609303,0.018,0.006,7.56906608059329e-117,"14","AP000897.2"
"PDPN",2.04034057387996e-118,2.27429999442325,0.025,0.011,6.65885549691464e-114,"14","PDPN"
"AL022323.3",3.40252331483817e-115,2.41608523117829,0.013,0.004,1.11044750903058e-110,"14","AL022323.3"
"AC007193.21",9.52073420927358e-113,2.27854156346202,0.018,0.007,3.10718681653853e-108,"14","AC007193.2"
"AL583824.1",1.93217894152502e-106,2.02200939783397,0.026,0.012,6.30585919356105e-102,"14","AL583824.1"
"C2CD2",0,4.20121130673215,0.522,0.067,0,"15","C2CD2"
"RALYL",0,4.24092233217888,0.512,0.093,0,"15","RALYL"
"TBC1D4",0,3.9332344765916,0.55,0.134,0,"15","TBC1D4"
"ECHDC2",0,3.09403256467799,0.506,0.1,0,"15","ECHDC2"
"ERN1",0,4.09206234026363,0.5,0.098,0,"15","ERN1"
"FDX1",0,4.62711771915103,0.498,0.099,0,"15","FDX1"
"CYP11B1",0,5.73160023149562,0.407,0.008,0,"15","CYP11B1"
"STAR",0,5.50385890672677,0.409,0.013,0,"15","STAR"
"RBM47",0,3.49692877073316,0.466,0.071,0,"15","RBM47"
"MAP3K51",0,2.42909011383759,0.568,0.182,0,"15","MAP3K5"
"SCARB1",0,5.13845064735569,0.477,0.093,0,"15","SCARB1"
"GRAMD1B",0,4.55181231381635,0.518,0.136,0,"15","GRAMD1B"
"DPP10",0,4.01806695312093,0.43,0.063,0,"15","DPP10"
"CYP21A2",0,5.4938040926488,0.375,0.009,0,"15","CYP21A2"
"TGFBR31",0,2.90754113101323,0.459,0.095,0,"15","TGFBR3"
"RGN",0,5.1067151965883,0.382,0.022,0,"15","RGN"
"P3H21",0,3.30503405441589,0.428,0.069,0,"15","P3H2"
"MT2A",0,2.11835237179103,0.468,0.111,0,"15","MT2A"
"TNXB",0,4.32318733603985,0.402,0.052,0,"15","TNXB"
"SOAT1",0,3.61970452579236,0.453,0.107,0,"15","SOAT1"
"ZNF331",0,3.94153362863555,0.523,0.178,0,"15","ZNF331"
"PDGFD1",0,3.23150857541493,0.425,0.08,0,"15","PDGFD"
"FGF12",0,3.19535566839268,0.45,0.108,0,"15","FGF12"
"SEMA6A",0,3.26250053129682,0.578,0.236,0,"15","SEMA6A"
"FAM166B",0,5.74427175588833,0.35,0.008,0,"15","FAM166B"
"MAN1A1",0,2.49452307435582,0.512,0.171,0,"15","MAN1A1"
"COL15A1",0,3.75169613435268,0.393,0.058,0,"15","COL15A1"
"CPEB4",0,2.88876628791365,0.664,0.334,0,"15","CPEB4"
"PDZRN31",0,3.09770284885072,0.43,0.1,0,"15","PDZRN3"
"SLC23A2",0,3.29221977376346,0.573,0.243,0,"15","SLC23A2"
"CYP11A1",0,5.54609476131876,0.339,0.011,0,"15","CYP11A1"
"POR",0,3.79401689276401,0.473,0.145,0,"15","POR"
"COBLL11",0,3.08541919476313,0.396,0.072,0,"15","COBLL1"
"ZHX2",0,2.36925367827196,0.533,0.212,0,"15","ZHX2"
"ADGRV1",0,3.76981507424946,0.387,0.067,0,"15","ADGRV1"
"MGST1",0,4.39031041909866,0.34,0.028,0,"15","MGST1"
"SEMA6A-AS1",0,3.64320886907309,0.474,0.163,0,"15","SEMA6A-AS1"
"TLE1",0,2.77604487562583,0.435,0.126,0,"15","TLE1"
"NHS1",0,2.20497704147176,0.502,0.195,0,"15","NHS"
"SH3BP5",0,3.07570697026194,0.525,0.219,0,"15","SH3BP5"
"CYB5B",0,3.31039636598129,0.453,0.151,0,"15","CYB5B"
"MEG3",0,2.27569059095013,0.577,0.277,0,"15","MEG3"
"PRKAR2B",0,3.01079620683622,0.527,0.229,0,"15","PRKAR2B"
"ABTB2",0,4.18627364736041,0.363,0.065,0,"15","ABTB2"
"ATP1B3",0,3.49094365891155,0.621,0.326,0,"15","ATP1B3"
"CREM",0,2.15515487823479,0.54,0.246,0,"15","CREM"
"PRMT9",0,3.53766853306747,0.425,0.131,0,"15","PRMT9"
"ACACB1",0,3.14563109962039,0.393,0.1,0,"15","ACACB"
"ABCC3",0,4.39346700075355,0.322,0.032,0,"15","ABCC3"
"NR4A2",0,2.45768657283624,0.38,0.091,0,"15","NR4A2"
"PTPN141",0,2.68395038612018,0.375,0.087,0,"15","PTPN14"
"UST",0,3.13296315115099,0.362,0.074,0,"15","UST"
"KIF16B",0,2.49784197956012,0.385,0.099,0,"15","KIF16B"
"SIK2",0,2.7294367485363,0.572,0.287,0,"15","SIK2"
"KCNQ1",0,2.15353439330344,0.541,0.257,0,"15","KCNQ1"
"PAPSS2",0,4.33836563173422,0.357,0.073,0,"15","PAPSS2"
"CACNB2",0,2.88212670326462,0.605,0.328,0,"15","CACNB2"
"CACNA1D",0,2.37652417002189,0.483,0.207,0,"15","CACNA1D"
"OXR1",0,2.17800618836853,0.509,0.233,0,"15","OXR1"
"LUZP2",0,3.10088092456689,0.404,0.128,0,"15","LUZP2"
"PSD3",0,2.16408222235572,0.64,0.365,0,"15","PSD3"
"ENOSF1",0,2.18471637222971,0.414,0.139,0,"15","ENOSF1"
"RANBP2",0,3.98720083421422,0.54,0.267,0,"15","RANBP2"
"ALAS1",0,4.6793779199288,0.312,0.044,0,"15","ALAS1"
"PLAGL11",0,2.59489842314386,0.419,0.151,0,"15","PLAGL1"
"DUSP16",0,2.14604458417074,0.539,0.272,0,"15","DUSP16"
"AXL",0,2.97164649292218,0.35,0.083,0,"15","AXL"
"FBN21",0,3.83632317893416,0.299,0.035,0,"15","FBN2"
"GBE1",0,2.33240924376615,0.405,0.146,0,"15","GBE1"
"LGR4",0,3.29638805017744,0.337,0.08,0,"15","LGR4"
"THRB1",0,3.31181331537069,0.299,0.044,0,"15","THRB"
"CASP9",0,3.9073487414842,0.318,0.064,0,"15","CASP9"
"WHRN",0,4.2580774166318,0.279,0.025,0,"15","WHRN"
"TBX3",0,3.26242421496387,0.32,0.069,0,"15","TBX3"
"SNTB11",0,2.51766254912178,0.328,0.079,0,"15","SNTB1"
"LONRF2",0,2.13283997291215,0.501,0.254,0,"15","LONRF2"
"NDEL1",0,2.59608600691125,0.407,0.161,0,"15","NDEL1"
"FOXK2",0,2.85263925011502,0.597,0.355,0,"15","FOXK2"
"AOX1",0,4.87966624185926,0.253,0.013,0,"15","AOX1"
"CALN1",0,3.89060329324961,0.349,0.11,0,"15","CALN1"
"SLC47A1",0,3.424282982214,0.297,0.06,0,"15","SLC47A1"
"SLC16A9",0,3.56348222554872,0.315,0.08,0,"15","SLC16A9"
"ZNF141",0,3.47416965203259,0.383,0.149,0,"15","ZNF141"
"FHL21",0,2.99492346065643,0.294,0.06,0,"15","FHL2"
"FN3K",0,3.82465887749104,0.304,0.071,0,"15","FN3K"
"DLG5",0,2.44066352917972,0.406,0.182,0,"15","DLG5"
"ABCB11",0,2.00045993613989,0.428,0.204,0,"15","ABCB1"
"GHR1",0,3.81801860101121,0.274,0.051,0,"15","GHR"
"AC098864.1",0,2.04232840166984,0.42,0.198,0,"15","AC098864.1"
"TMEM184C",0,2.86287602491775,0.349,0.129,0,"15","TMEM184C"
"AL117190.1",0,3.56886823186869,0.303,0.084,0,"15","AL117190.1"
"MAP3K15",0,4.6408229238741,0.243,0.025,0,"15","MAP3K15"
"GEM1",0,2.00018584484485,0.312,0.095,0,"15","GEM"
"SCML1",0,2.42424515479589,0.327,0.111,0,"15","SCML1"
"CYP17A1",0,5.07302847887,0.22,0.006,0,"15","CYP17A1"
"ST3GAL4",0,2.63910982874714,0.295,0.081,0,"15","ST3GAL4"
"LATS2",0,2.51156529612388,0.285,0.071,0,"15","LATS2"
"HSD3B2",0,5.23598550277792,0.218,0.005,0,"15","HSD3B2"
"STK19",0,3.9463464859294,0.281,0.071,0,"15","STK19"
"SLC22A31",0,3.25794635625901,0.227,0.017,0,"15","SLC22A3"
"DLK1",0,2.1652646194638,0.274,0.065,0,"15","DLK1"
"NR4A3",0,2.74180613730577,0.268,0.062,0,"15","NR4A3"
"FNDC4",0,3.76531213228181,0.263,0.058,0,"15","FNDC4"
"FARP1",0,2.08125193037957,0.49,0.286,0,"15","FARP1"
"MC2R",0,5.62893208046839,0.208,0.004,0,"15","MC2R"
"PDK1",0,3.19968120617032,0.283,0.081,0,"15","PDK1"
"GNG12-AS11",0,2.03321506524048,0.277,0.077,0,"15","GNG12-AS1"
"TMEM120B",0,2.47957796334637,0.336,0.136,0,"15","TMEM120B"
"SLC25A37",0,2.0930018304629,0.348,0.148,0,"15","SLC25A37"
"GSTA4",0,2.54862602347486,0.368,0.169,0,"15","GSTA4"
"RHOBTB3",0,2.13188167482872,0.4,0.202,0,"15","RHOBTB3"
"LINC01807",0,5.35917013013632,0.207,0.009,0,"15","LINC01807"
"TPD52L11",0,3.56161763910134,0.223,0.027,0,"15","TPD52L1"
"RARRES2",0,3.33547266359874,0.222,0.027,0,"15","RARRES2"
"PDK4",0,2.77113648731155,0.257,0.065,0,"15","PDK4"
"TCF7L2",0,2.33417627808001,0.374,0.182,0,"15","TCF7L2"
"CHD1",0,2.51107223272975,0.501,0.31,0,"15","CHD1"
"GATA61",0,2.52798821051377,0.229,0.038,0,"15","GATA6"
"SIAH2",0,2.94690330623551,0.275,0.087,0,"15","SIAH2"
"RBBP7",0,2.65326351308777,0.319,0.133,0,"15","RBBP7"
"EGFR1",0,2.02984489989586,0.26,0.076,0,"15","EGFR"
"SCD5",0,2.25211270491197,0.311,0.128,0,"15","SCD5"
"HDHD3",0,3.10643455778995,0.245,0.062,0,"15","HDHD3"
"LIPE-AS1",0,2.4772056434962,0.361,0.18,0,"15","LIPE-AS1"
"KCNK2",0,3.83800190671214,0.209,0.031,0,"15","KCNK2"
"FLVCR2",0,3.41713698994457,0.205,0.027,0,"15","FLVCR2"
"CTH",0,4.73355696446757,0.194,0.02,0,"15","CTH"
"AC025627.1",0,4.13308834267885,0.198,0.024,0,"15","AC025627.1"
"RMDN2",0,2.88282165286581,0.235,0.062,0,"15","RMDN2"
"FGFR2",0,4.32918242225304,0.189,0.018,0,"15","FGFR2"
"VPS37B",0,2.21573904891916,0.31,0.139,0,"15","VPS37B"
"ACSS31",0,2.77163919672019,0.215,0.045,0,"15","ACSS3"
"MT1E",0,2.72740159056969,0.195,0.027,0,"15","MT1E"
"PTP4A1",0,2.31576745839377,0.292,0.124,0,"15","PTP4A1"
"USP37",0,2.04830096731298,0.363,0.199,0,"15","USP37"
"SLC8B1",0,2.83973784426987,0.21,0.046,0,"15","SLC8B1"
"DACH1",0,2.61644136953331,0.311,0.148,0,"15","DACH1"
"COL4A3",0,3.22220561944945,0.213,0.05,0,"15","COL4A3"
"VSTM41",0,2.7812887050849,0.206,0.043,0,"15","VSTM4"
"CLTCL1",0,2.21444873749924,0.296,0.134,0,"15","CLTCL1"
"B4GALNT3",0,3.69188126159292,0.202,0.041,0,"15","B4GALNT3"
"PHLDB3",0,3.15070046823991,0.199,0.038,0,"15","PHLDB3"
"FOXP21",0,2.55125063618325,0.204,0.043,0,"15","FOXP2"
"PGAP1",0,3.42344837371369,0.457,0.297,0,"15","PGAP1"
"LDLR1",0,2.39737522334993,0.246,0.086,0,"15","LDLR"
"LIPE",0,3.50515167418746,0.228,0.068,0,"15","LIPE"
"CCDC134",0,3.65428688995166,0.192,0.032,0,"15","CCDC134"
"PGM51",0,2.17990625949402,0.229,0.069,0,"15","PGM5"
"MIR193BHG",0,4.07591180834557,0.184,0.025,0,"15","MIR193BHG"
"MCOLN3",0,4.82669629468276,0.165,0.007,0,"15","MCOLN3"
"NRK1",0,3.96207470649076,0.17,0.012,0,"15","NRK"
"ZNF540",0,4.05360956654912,0.264,0.107,0,"15","ZNF540"
"SLC16A7",0,2.50056147050673,0.291,0.134,0,"15","SLC16A7"
"MLXIPL",0,4.91092241267367,0.166,0.01,0,"15","MLXIPL"
"FAM160A1",0,3.88701850595954,0.172,0.016,0,"15","FAM160A1"
"NBPF1",0,2.21789946144062,0.277,0.122,0,"15","NBPF1"
"DNER",0,2.15566834830824,0.339,0.186,0,"15","DNER"
"FGF12-AS1",0,4.17386952847755,0.169,0.017,0,"15","FGF12-AS1"
"WDR63",0,4.36495244289276,0.165,0.013,0,"15","WDR63"
"SLC19A21",0,2.30690015718702,0.223,0.072,0,"15","SLC19A2"
"NOV1",0,3.14361039377446,0.173,0.023,0,"15","NOV"
"KCNK3",0,2.90519710311472,0.215,0.066,0,"15","KCNK3"
"DEPTOR2",0,2.19500379688945,0.233,0.085,0,"15","DEPTOR"
"LPL1",0,3.72085550250291,0.183,0.035,0,"15","LPL"
"EPOR",0,3.61527002813545,0.184,0.036,0,"15","EPOR"
"SCAP",0,2.31408772749042,0.288,0.141,0,"15","SCAP"
"CYYR12",0,2.25251809880864,0.204,0.057,0,"15","CYYR1"
"DAZAP1",0,2.45182420621124,0.272,0.128,0,"15","DAZAP1"
"ZNF487",0,3.5944151420045,0.192,0.049,0,"15","ZNF487"
"REPS2",0,2.77088694041296,0.212,0.069,0,"15","REPS2"
"MIR202HG",0,5.47272206289521,0.146,0.003,0,"15","MIR202HG"
"AKR1B1",0,2.37431278647215,0.281,0.14,0,"15","AKR1B1"
"WDR45B",0,2.12199747936911,0.367,0.228,0,"15","WDR45B"
"GATA6-AS1",0,4.63033405207449,0.147,0.008,0,"15","GATA6-AS1"
"PHLDB21",0,2.50272946223655,0.196,0.058,0,"15","PHLDB2"
"GRIA3",0,2.44754336061923,0.195,0.057,0,"15","GRIA3"
"ADAMTS121",0,2.5061884380109,0.171,0.033,0,"15","ADAMTS12"
"FAM13A",0,2.49701833163046,0.295,0.157,0,"15","FAM13A"
"TIPARP1",0,2.06217817985474,0.205,0.069,0,"15","TIPARP"
"RNF43",0,4.41556136417402,0.148,0.012,0,"15","RNF43"
"PLA2G16",0,2.78236024868878,0.201,0.066,0,"15","PLA2G16"
"LINC02476",0,2.84859681594234,0.161,0.027,0,"15","LINC02476"
"ALDH3A2",0,2.14619012789646,0.267,0.135,0,"15","ALDH3A2"
"IDI1",0,2.15228740624629,0.274,0.145,0,"15","IDI1"
"IRS1",0,2.5617553961902,0.183,0.054,0,"15","IRS1"
"HOTAIRM1",0,2.98821573994334,0.156,0.028,0,"15","HOTAIRM1"
"DHCR24",0,2.73096905198042,0.194,0.068,0,"15","DHCR24"
"FGF9",0,3.56201733650469,0.151,0.025,0,"15","FGF9"
"DAAM22",0,2.00134551797215,0.17,0.045,0,"15","DAAM2"
"MAMSTR",0,4.30689119734571,0.138,0.013,0,"15","MAMSTR"
"AL139220.2",0,4.71019800103178,0.132,0.009,0,"15","AL139220.2"
"RAB38",0,3.98466870881641,0.136,0.013,0,"15","RAB38"
"RAP1GAP",0,3.33585331276983,0.156,0.033,0,"15","RAP1GAP"
"ST8SIA5",0,3.9442980757425,0.143,0.022,0,"15","ST8SIA5"
"ZBTB21",0,2.44726055979585,0.178,0.058,0,"15","ZBTB21"
"MCF2",0,4.10854361685387,0.134,0.015,0,"15","MCF2"
"PDP1",0,2.72071650135816,0.183,0.064,0,"15","PDP1"
"ALPK3",0,2.2747648222349,0.175,0.057,0,"15","ALPK3"
"SHC3",0,2.7216286742254,0.163,0.046,0,"15","SHC3"
"ETV1",0,2.26466052331555,0.196,0.08,0,"15","ETV1"
"FABP4",0,4.04131733628116,0.129,0.013,0,"15","FABP4"
"AC138627.1",0,2.32040089226454,0.166,0.05,0,"15","AC138627.1"
"AP002812.2",0,2.1117985629144,0.23,0.115,0,"15","AP002812.2"
"CNTN6",0,3.32866140485745,0.139,0.025,0,"15","CNTN6"
"GIPC21",0,3.14568190467098,0.189,0.075,0,"15","GIPC2"
"PC",0,2.78940751863865,0.164,0.05,0,"15","PC"
"MIR22HG",0,2.38550744544391,0.172,0.058,0,"15","MIR22HG"
"TTC23L",0,3.16603078179081,0.146,0.032,0,"15","TTC23L"
"NGEF",0,3.6035093922276,0.132,0.02,0,"15","NGEF"
"SLC12A2",0,2.07779208229788,0.238,0.126,0,"15","SLC12A2"
"PHKA1",0,2.18736163162977,0.18,0.069,0,"15","PHKA1"
"GADD45G",0,3.03478488690236,0.166,0.056,0,"15","GADD45G"
"EPHX2",0,2.39217468849557,0.187,0.077,0,"15","EPHX2"
"MOCOS",0,3.82090597167547,0.124,0.014,0,"15","MOCOS"
"KIAA0513",0,2.28074987579151,0.166,0.057,0,"15","KIAA0513"
"ADH1B1",0,4.35899645006871,0.125,0.016,0,"15","ADH1B"
"AL022238.2",0,2.15110289483794,0.184,0.075,0,"15","AL022238.2"
"TM7SF2",0,2.71471911479288,0.171,0.063,0,"15","TM7SF2"
"AMDHD1",0,4.38970860062584,0.118,0.01,0,"15","AMDHD1"
"LINC00290",0,2.2386172728421,0.176,0.068,0,"15","LINC00290"
"NR5A1",0,5.37524404933567,0.109,0.003,0,"15","NR5A1"
"AC100800.1",0,2.54597389314552,0.148,0.043,0,"15","AC100800.1"
"PIP5K1B",0,2.12166141405982,0.139,0.035,0,"15","PIP5K1B"
"PCSK51",0,2.2363274431781,0.22,0.116,0,"15","PCSK5"
"SLC19A3",0,6.34611346095094,0.111,0.008,0,"15","SLC19A3"
"ALKAL21",0,4.0045398894535,0.112,0.009,0,"15","ALKAL2"
"ZNF385B",0,2.87464368948254,0.127,0.025,0,"15","ZNF385B"
"PLOD21",0,2.11160135631016,0.156,0.054,0,"15","PLOD2"
"ADIRF",0,2.24138199981481,0.139,0.037,0,"15","ADIRF"
"C1orf54",0,2.57594741625085,0.145,0.043,0,"15","C1orf54"
"ADIPOQ",0,5.78759946700598,0.103,0.003,0,"15","ADIPOQ"
"COL4A41",0,2.51201558904513,0.124,0.025,0,"15","COL4A4"
"LSP1",0,2.06491185987846,0.141,0.042,0,"15","LSP1"
"GOT1",0,3.24055908028674,0.182,0.084,0,"15","GOT1"
"ASB4",0,4.4030512268138,0.104,0.006,0,"15","ASB4"
"ZNF836",0,2.70072828431826,0.145,0.049,0,"15","ZNF836"
"PLIN1",0,5.54855449437193,0.099,0.004,0,"15","PLIN1"
"FDXR",0,3.12768900470115,0.127,0.032,0,"15","FDXR"
"AC027117.2",0,2.26834717961656,0.128,0.033,0,"15","AC027117.2"
"CD36",0,3.40328770887977,0.144,0.049,0,"15","CD36"
"APOE",0,2.58209003421848,0.18,0.085,0,"15","APOE"
"DXO",0,3.23594575228008,0.138,0.045,0,"15","DXO"
"LINC01411",0,3.35992211119937,0.117,0.024,0,"15","LINC01411"
"ABCB4",0,2.66019176977968,0.13,0.038,0,"15","ABCB4"
"FAM122C",0,2.10561588617596,0.147,0.055,0,"15","FAM122C"
"DEPP11",0,2.20165701955943,0.134,0.042,0,"15","DEPP1"
"SMYD4",0,2.05555208516097,0.188,0.096,0,"15","SMYD4"
"AL024508.11",0,3.06908437777384,0.107,0.015,0,"15","AL024508.1"
"IFFO2",0,2.94903261583762,0.109,0.018,0,"15","IFFO2"
"KIAA1522",0,2.44121389364065,0.148,0.057,0,"15","KIAA1522"
"NIPSNAP3B",0,2.7697141197898,0.132,0.041,0,"15","NIPSNAP3B"
"GSTT2B",0,2.31193379280622,0.158,0.067,0,"15","GSTT2B"
"MBOAT1",0,2.66428342956575,0.116,0.026,0,"15","MBOAT1"
"AC104803.1",0,2.9618327341775,0.122,0.032,0,"15","AC104803.1"
"ABHD5",0,2.77706583628359,0.192,0.103,0,"15","ABHD5"
"CCDC170",0,2.92944662894084,0.112,0.023,0,"15","CCDC170"
"LINC00923",0,2.1634192426349,0.112,0.023,0,"15","LINC00923"
"PPARG1",0,2.47737113796128,0.159,0.071,0,"15","PPARG"
"SLC26A2",0,2.25457997342001,0.154,0.066,0,"15","SLC26A2"
"LINC01483",0,3.11036868292279,0.113,0.025,0,"15","LINC01483"
"GPAT3",0,3.99572472164638,0.104,0.017,0,"15","GPAT3"
"NR1H4",0,4.2850058946862,0.093,0.006,0,"15","NR1H4"
"ACSS2",0,2.32275130012831,0.172,0.085,0,"15","ACSS2"
"AC107021.1",0,2.79179293226427,0.115,0.029,0,"15","AC107021.1"
"SLC1A3",0,2.23599726676824,0.13,0.045,0,"15","SLC1A3"
"LINC00887",0,4.6712909192646,0.09,0.005,0,"15","LINC00887"
"ACTR3C",0,2.57863411825582,0.112,0.028,0,"15","ACTR3C"
"KCNK1",0,3.42267948275138,0.099,0.015,0,"15","KCNK1"
"AC024257.11",0,2.60118039243886,0.101,0.018,0,"15","AC024257.1"
"BCO2",0,2.15367777071536,0.127,0.045,0,"15","BCO2"
"AQP71",0,4.2583929141536,0.091,0.009,0,"15","AQP7"
"AC097662.1",0,2.89762897115,0.115,0.034,0,"15","AC097662.1"
"VEPH1",0,2.86345669375079,0.101,0.021,0,"15","VEPH1"
"FAM198B-AS1",0,2.03219864453145,0.109,0.029,0,"15","FAM198B-AS1"
"FZR1",0,2.15872249430499,0.154,0.074,0,"15","FZR1"
"HOPX",0,3.61287082978591,0.092,0.014,0,"15","HOPX"
"DNAH11",0,2.05762763147462,0.111,0.033,0,"15","DNAH11"
"ANGPTL41",0,2.02112841250099,0.112,0.034,0,"15","ANGPTL4"
"AC117944.1",0,3.03131240730259,0.096,0.018,0,"15","AC117944.1"
"GSTA3",0,5.34796053451255,0.079,0.002,0,"15","GSTA3"
"GCNA",0,2.72762112131942,0.119,0.043,0,"15","GCNA"
"G0S2",0,3.33720467324957,0.089,0.014,0,"15","G0S2"
"GML",0,4.58813125457026,0.082,0.007,0,"15","GML"
"NBPF3",0,2.23367494393066,0.11,0.036,0,"15","NBPF3"
"FTCDNL1",0,2.39063393668546,0.097,0.023,0,"15","FTCDNL1"
"CIB4",0,4.47993805398669,0.081,0.007,0,"15","CIB4"
"PTPRH",0,2.62054620237614,0.118,0.045,0,"15","PTPRH"
"ATP4A",0,5.15509128439973,0.075,0.002,0,"15","ATP4A"
"AC026765.2",0,3.70881355316236,0.083,0.012,0,"15","AC026765.2"
"AL022323.42",0,2.01464596711681,0.097,0.026,0,"15","AL022323.4"
"LINC00278",0,2.91416365443603,0.092,0.021,0,"15","LINC00278"
"AP002989.12",0,2.32179140008097,0.091,0.02,0,"15","AP002989.1"
"CLDN12",0,2.64881539818319,0.084,0.014,0,"15","CLDN1"
"PLB1",0,2.7625963788506,0.103,0.033,0,"15","PLB1"
"AVPI1",0,2.36716313858973,0.1,0.032,0,"15","AVPI1"
"ALPL1",0,3.3405743273428,0.081,0.013,0,"15","ALPL"
"TCEA3",0,2.33272096483389,0.089,0.021,0,"15","TCEA3"
"ENTPD7",0,3.27838843355295,0.092,0.025,0,"15","ENTPD7"
"LINC00473",0,3.6054603349467,0.08,0.013,0,"15","LINC00473"
"CIDEA",0,5.35866679111794,0.07,0.003,0,"15","CIDEA"
"FAM153B",0,4.75573508252722,0.071,0.004,0,"15","FAM153B"
"AC107214.1",0,2.24381145551175,0.105,0.039,0,"15","AC107214.1"
"PNPLA2",0,2.77473434806325,0.128,0.062,0,"15","PNPLA2"
"AC092140.1",0,2.61951068759236,0.091,0.025,0,"15","AC092140.1"
"CRH",0,2.01132139765849,0.079,0.015,0,"15","CRH"
"AGPAT2",0,3.04847765412444,0.089,0.025,0,"15","AGPAT2"
"MCRIP2",0,2.48853349388241,0.111,0.047,0,"15","MCRIP2"
"ABO2",0,3.01577797985587,0.075,0.011,0,"15","ABO"
"AL391097.2",0,2.06296419251612,0.097,0.033,0,"15","AL391097.2"
"ACVR1C",0,4.21384415443705,0.077,0.014,0,"15","ACVR1C"
"LATS2-AS11",0,2.3683194238705,0.077,0.014,0,"15","LATS2-AS1"
"FAM19A4",0,3.24718811703221,0.084,0.022,0,"15","FAM19A4"
"PLIN4",0,5.50212799985473,0.066,0.004,0,"15","PLIN4"
"ACSF2",0,3.10726059652421,0.074,0.012,0,"15","ACSF2"
"ZNF541",0,3.81709794217957,0.068,0.007,0,"15","ZNF541"
"PRLR",0,2.11098196510532,0.096,0.035,0,"15","PRLR"
"AL731577.1",0,2.95853490175097,0.081,0.02,0,"15","AL731577.1"
"LINC024561",0,2.0020688327673,0.094,0.033,0,"15","LINC02456"
"LRRC38",0,3.81741801598537,0.068,0.008,0,"15","LRRC38"
"S100A11",0,4.97175121290825,0.063,0.003,0,"15","S100A1"
"F10",0,2.99629915345526,0.076,0.016,0,"15","F10"
"GPD1",0,5.06626595522754,0.063,0.004,0,"15","GPD1"
"RASD1",0,2.45636908562168,0.104,0.045,0,"15","RASD1"
"LINC02363",0,4.56771111070184,0.062,0.004,0,"15","LINC02363"
"VWC2",0,3.18715996155624,0.068,0.011,0,"15","VWC2"
"SLC12A1",0,2.85877043773984,0.079,0.022,0,"15","SLC12A1"
"AC092155.1",0,3.46937964541684,0.064,0.007,0,"15","AC092155.1"
"CYP2W1",0,5.36147728836775,0.059,0.002,0,"15","CYP2W1"
"AC078880.3",0,4.66730606645671,0.059,0.002,0,"15","AC078880.3"
"HSBP1L1",0,2.0431191159779,0.091,0.034,0,"15","HSBP1L1"
"FBN3",0,2.27554464294413,0.087,0.03,0,"15","FBN3"
"AC007529.2",0,3.487012611374,0.066,0.01,0,"15","AC007529.2"
"AC010967.1",0,3.20234886590199,0.072,0.016,0,"15","AC010967.1"
"EBF21",0,2.03852934588564,0.084,0.029,0,"15","EBF2"
"SLC2A14",0,3.23003508849201,0.066,0.011,0,"15","SLC2A14"
"CXorf40A",0,3.76802461607155,0.068,0.014,0,"15","CXorf40A"
"LSR",0,2.37897427866379,0.076,0.022,0,"15","LSR"
"ZNF385D-AS2",0,2.91534560568294,0.062,0.008,0,"15","ZNF385D-AS2"
"SOD3",0,2.21746701847196,0.074,0.021,0,"15","SOD3"
"CPB1",0,3.81238024924026,0.057,0.005,0,"15","CPB1"
"RETSAT",0,2.2683479600657,0.088,0.036,0,"15","RETSAT"
"MIA1",0,4.23509703160691,0.06,0.008,0,"15","MIA"
"CYP11B2",0,6.7783995530762,0.053,0.001,0,"15","CYP11B2"
"CACNA1H",0,2.94845145297649,0.066,0.015,0,"15","CACNA1H"
"THNSL2",0,2.04896175598424,0.07,0.021,0,"15","THNSL2"
"CXorf40B",0,3.34086476217099,0.066,0.017,0,"15","CXorf40B"
"C1QTNF1-AS1",0,3.81988854447014,0.054,0.005,0,"15","C1QTNF1-AS1"
"LINC00299",0,2.75198054096009,0.055,0.006,0,"15","LINC00299"
"AC007786.1",0,5.20866248302985,0.051,0.002,0,"15","AC007786.1"
"SLC6A9",0,2.73063363003128,0.067,0.019,0,"15","SLC6A9"
"SYT12",0,2.97183132176949,0.057,0.009,0,"15","SYT12"
"MT1F",0,2.81046762635501,0.059,0.011,0,"15","MT1F"
"PCOLCE2",0,3.74039478085726,0.062,0.014,0,"15","PCOLCE2"
"STPG4",0,2.08888815980698,0.071,0.023,0,"15","STPG4"
"PLIN5",0,3.33190370030213,0.06,0.013,0,"15","PLIN5"
"FXYD11",0,2.32233599789439,0.067,0.02,0,"15","FXYD1"
"MRAP",0,2.7931976249517,0.062,0.016,0,"15","MRAP"
"FABP71",0,3.82618147671486,0.049,0.003,0,"15","FABP7"
"CMTM51",0,2.8737425627426,0.051,0.005,0,"15","CMTM5"
"ZNF185",0,2.74910050397005,0.058,0.013,0,"15","ZNF185"
"PLEKHB11",0,2.47544816537985,0.062,0.017,0,"15","PLEKHB1"
"AL139023.1",0,2.55014875274863,0.057,0.013,0,"15","AL139023.1"
"SPART-AS1",0,3.09462932144773,0.06,0.016,0,"15","SPART-AS1"
"AL121721.1",0,2.71442145796934,0.055,0.011,0,"15","AL121721.1"
"KCNG3",0,2.46920057017038,0.056,0.013,0,"15","KCNG3"
"SERPINA51",0,2.81005330221393,0.061,0.018,0,"15","SERPINA5"
"NKAIN41",0,2.01303049494704,0.054,0.011,0,"15","NKAIN4"
"AC018616.1",0,3.71481364866139,0.052,0.009,0,"15","AC018616.1"
"AL138799.4",0,2.71285014621557,0.055,0.012,0,"15","AL138799.4"
"ATP1B3-AS1",0,3.19134627485374,0.05,0.008,0,"15","ATP1B3-AS1"
"IL20RA",0,3.8418992688427,0.047,0.005,0,"15","IL20RA"
"INHA",0,3.15285614164844,0.054,0.012,0,"15","INHA"
"KCNJ5",0,3.15149560642739,0.049,0.008,0,"15","KCNJ5"
"AC022784.6",0,2.39617355180146,0.052,0.011,0,"15","AC022784.6"
"RBP4",0,3.95042038546597,0.045,0.005,0,"15","RBP4"
"AC010320.2",0,2.8447269586462,0.053,0.013,0,"15","AC010320.2"
"CELA2B",0,2.30515962711588,0.058,0.019,0,"15","CELA2B"
"GJC3",0,2.93032458905466,0.048,0.009,0,"15","GJC3"
"NPAS4",0,2.79586533948345,0.052,0.013,0,"15","NPAS4"
"LAMP51",0,2.07662602770064,0.056,0.017,0,"15","LAMP5"
"PAQR5",0,3.12685141149456,0.047,0.008,0,"15","PAQR5"
"AOC31",0,2.9195202868439,0.05,0.012,0,"15","AOC3"
"PHKA1-AS1",0,3.07136783395537,0.048,0.01,0,"15","PHKA1-AS1"
"VDR1",0,2.26565369845738,0.05,0.013,0,"15","VDR"
"RASAL1",0,4.31500132114982,0.041,0.004,0,"15","RASAL1"
"NPFFR2",0,2.71559640941986,0.048,0.011,0,"15","NPFFR2"
"TRARG1",0,4.40756572804327,0.041,0.004,0,"15","TRARG1"
"LAMC31",0,2.34888676133166,0.048,0.012,0,"15","LAMC3"
"NPR31",0,2.35821611718075,0.045,0.009,0,"15","NPR3"
"ENTPD22",0,2.11050670825854,0.044,0.008,0,"15","ENTPD2"
"CTXND11",0,2.47248360798014,0.043,0.007,0,"15","CTXND1"
"CIDEC",0,4.86290951034598,0.038,0.002,0,"15","CIDEC"
"AP000924.11",0,3.79897788530445,0.039,0.003,0,"15","AP000924.1"
"SATB2",0,2.07170025350032,0.047,0.012,0,"15","SATB2"
"SYDE21",0,2.47424102529152,0.043,0.008,0,"15","SYDE2"
"FAM181B1",0,2.0017380378289,0.04,0.006,0,"15","FAM181B"
"GSTA1",0,4.23693297167891,0.035,0.001,0,"15","GSTA1"
"AC087463.4",0,2.36636359722545,0.04,0.006,0,"15","AC087463.4"
"MT3",0,3.45953537009976,0.037,0.003,0,"15","MT3"
"ENPP3",0,2.64581465895594,0.043,0.01,0,"15","ENPP3"
"PFKFB1",0,3.94704340444006,0.038,0.006,0,"15","PFKFB1"
"ALDH1L1",0,4.39872361262404,0.034,0.003,0,"15","ALDH1L1"
"DMKN1",0,3.63627674072049,0.034,0.003,0,"15","DMKN"
"CYP17A1-AS1",0,4.62671762412012,0.033,0.002,0,"15","CYP17A1-AS1"
"AL691515.2",0,6.92394603012333,0.031,0,0,"15","AL691515.2"
"AL590999.11",0,2.17939071956797,0.04,0.009,0,"15","AL590999.1"
"LINC01485",0,4.44558231296916,0.032,0.002,0,"15","LINC01485"
"IGF2BP2-AS11",0,2.62323702835816,0.038,0.008,0,"15","IGF2BP2-AS1"
"SULT2A1",0,3.4552129499781,0.033,0.004,0,"15","SULT2A1"
"AL358394.11",0,2.43456915620004,0.033,0.004,0,"15","AL358394.1"
"AZGP1",0,4.4734042121175,0.031,0.002,0,"15","AZGP1"
"HPD",0,2.95049639533018,0.037,0.008,0,"15","HPD"
"KLK4",0,3.56259729518366,0.031,0.002,0,"15","KLK4"
"KRT17",0,2.30288560540619,0.035,0.007,0,"15","KRT17"
"AC091806.1",0,4.63051820967365,0.029,0.001,0,"15","AC091806.1"
"GRTP1",0,2.45165526058312,0.036,0.008,0,"15","GRTP1"
"PCK1",0,5.02121957819987,0.029,0.002,0,"15","PCK1"
"AL031283.2",0,3.35681511030596,0.031,0.004,0,"15","AL031283.2"
"AC090844.2",0,4.50789018257549,0.031,0.004,0,"15","AC090844.2"
"NPY1R1",0,2.89886825273296,0.036,0.009,0,"15","NPY1R"
"AL121820.21",0,2.5497767024471,0.028,0.002,0,"15","AL121820.2"
"APOC2",0,3.11902612258546,0.028,0.002,0,"15","APOC2"
"AL590426.2",0,5.14621844200844,0.027,0.001,0,"15","AL590426.2"
"C6orf1411",0,2.33658165677272,0.029,0.004,0,"15","C6orf141"
"GCKR",0,3.40569965536762,0.03,0.005,0,"15","GCKR"
"LVRN",0,4.07835490686832,0.03,0.006,0,"15","LVRN"
"AC090826.1",0,4.55125348577205,0.026,0.002,0,"15","AC090826.1"
"CLDN111",0,2.62283861369018,0.027,0.004,0,"15","CLDN11"
"OSGIN1",0,3.37329552769556,0.027,0.004,0,"15","OSGIN1"
"AC139491.71",0,2.89237153472235,0.028,0.005,0,"15","AC139491.7"
"HEPACAM1",0,2.17268859454238,0.029,0.006,0,"15","HEPACAM"
"AC120042.31",0,3.53270585071944,0.024,0.002,0,"15","AC120042.3"
"AC089983.1",0,2.92269444554001,0.027,0.005,0,"15","AC089983.1"
"LINC01951",0,3.47721940247392,0.024,0.002,0,"15","LINC01951"
"ZNF295-AS1",0,3.46168660112811,0.024,0.003,0,"15","ZNF295-AS1"
"FAM69C1",0,2.17426759102192,0.025,0.004,0,"15","FAM69C"
"HOXA-AS31",0,3.03472933842592,0.022,0.003,0,"15","HOXA-AS3"
"LGALS12",0,5.34333561019264,0.02,0.001,0,"15","LGALS12"
"CPA2",0,3.63969380759036,0.021,0.003,0,"15","CPA2"
"LEMD1-AS1",0,3.60282251668662,0.021,0.003,0,"15","LEMD1-AS1"
"DPP10-AS1",0,4.12513487033791,0.02,0.002,0,"15","DPP10-AS1"
"LY6D",0,4.12089627350985,0.019,0.001,0,"15","LY6D"
"NPAP1",0,2.30128360828364,0.02,0.003,0,"15","NPAP1"
"SLC7A10",0,4.01819127943622,0.02,0.003,0,"15","SLC7A10"
"LINC02082",0,4.85462546770968,0.02,0.003,0,"15","LINC02082"
"TTR",0,2.78124873546328,0.018,0.001,0,"15","TTR"
"SYPL21",0,2.76316272135076,0.018,0.002,0,"15","SYPL2"
"AADAC",0,4.4596086954967,0.017,0.001,0,"15","AADAC"
"RLBP1",0,2.52921409345875,0.018,0.002,0,"15","RLBP1"
"AC008556.1",0,2.49784780446818,0.016,0.001,0,"15","AC008556.1"
"CLRN1",0,4.27981182100435,0.015,0.001,0,"15","CLRN1"
"AL359815.1",0,4.2400432412576,0.014,0.001,0,"15","AL359815.1"
"AL031727.2",0,4.66476394895906,0.014,0.001,0,"15","AL031727.2"
"LINC01230",0,7.2197391625494,0.013,0,0,"15","LINC01230"
"TYRP1",0,2.30674444332105,0.015,0.002,0,"15","TYRP1"
"AQP2",0,3.19987047358339,0.013,0.001,0,"15","AQP2"
"LINC00602",0,4.32363535718192,0.013,0.001,0,"15","LINC00602"
"ADRB1",0,4.11163451833459,0.013,0.001,0,"15","ADRB1"
"AC026461.3",0,4.10599927550212,0.012,0.001,0,"15","AC026461.3"
"HOXB8",0,3.79388353418605,0.012,0.001,0,"15","HOXB8"
"AC011747.2",0,4.16144893450057,0.012,0.001,0,"15","AC011747.2"
"LINC00523",0,4.6412311911134,0.012,0.001,0,"15","LINC00523"
"ADIPOQ-AS1",0,5.4894298969343,0.01,0,0,"15","ADIPOQ-AS1"
"AC012065.1",0,5.71221270346578,0.01,0,0,"15","AC012065.1"
"HOXA2",0,3.70859931785835,0.01,0.001,0,"15","HOXA2"
"KCNA1",0,3.1883340781372,0.01,0.001,0,"15","KCNA1"
"KCNA4",6.25871454222073e-304,3.28392050161444,0.023,0.004,2.04259407799916e-299,"15","KCNA4"
"LINC01446",5.0385150784118e-300,3.02350272996959,0.017,0.002,1.64436978099048e-295,"15","LINC01446"
"PTX31",3.61424201224862e-298,2.42139700185566,0.046,0.013,1.17954402311746e-293,"15","PTX3"
"NKAIN1",1.19912183344197e-295,2.49701417579166,0.201,0.127,3.9134540156212e-291,"15","NKAIN1"
"AC106729.1",2.5973516148745e-293,2.01796991270396,0.08,0.032,8.47671673030442e-289,"15","AC106729.1"
"MYPN",3.38683190128949e-293,2.95465042152891,0.027,0.006,1.10532645930484e-288,"15","MYPN"
"HOXA7",4.5454889290313e-290,2.55621098077991,0.023,0.004,1.48346576687865e-285,"15","HOXA7"
"LMO3",6.61586010099689e-286,2.80781030786315,0.042,0.012,2.15915210256134e-281,"15","LMO3"
"AL359915.1",8.41710487269347e-285,2.42002586743136,0.026,0.005,2.74700634625224e-280,"15","AL359915.1"
"ZNF571",4.06588617721194e-283,2.43780551002083,0.156,0.087,1.32694261279489e-278,"15","ZNF571"
"SAA11",6.83547009344563e-281,3.03736886697539,0.016,0.002,2.23082401969692e-276,"15","SAA1"
"MOCS1",1.55768842031958e-280,2.71429063365425,0.054,0.018,5.08367192855498e-276,"15","MOCS1"
"AC090124.1",2.26365833541155e-278,3.2061691268716,0.028,0.006,7.38767534344912e-274,"15","AC090124.1"
"MOB4",2.94761952485022e-275,2.08825852920929,0.16,0.091,9.61985108130117e-271,"15","MOB4"
"AL356476.1",8.44673614193479e-275,2.23706212895039,0.024,0.005,2.75667680728184e-270,"15","AL356476.1"
"ASS11",5.99605845744286e-273,2.45700828454684,0.055,0.018,1.95687363817105e-268,"15","ASS1"
"AC084024.3",1.12494448056909e-272,2.98866738193703,0.026,0.006,3.67136880678528e-268,"15","AC084024.3"
"PLPP22",4.26276745842054e-271,2.10894155645547,0.038,0.01,1.39119678773013e-266,"15","PLPP2"
"IFT172",2.33071034825476e-270,2.05938341855383,0.199,0.122,7.60650629256424e-266,"15","IFT172"
"LMAN1L",3.36757126720003e-265,3.93190932126922,0.012,0.001,1.0990405587634e-260,"15","LMAN1L"
"AC087164.1",4.01339007720636e-265,2.3351710651006,0.041,0.012,1.30980998559707e-260,"15","AC087164.1"
"AC005392.3",6.15974908957652e-263,2.90477402000391,0.011,0.001,2.01029571287419e-258,"15","AC005392.3"
"AL450311.1",1.83508448095671e-262,4.1161428497059,0.01,0.001,5.98898171205031e-258,"15","AL450311.1"
"THRSP",3.93249489694818e-260,3.43967762953001,0.018,0.003,1.28340903456801e-255,"15","THRSP"
"FERMT1",9.02889687294284e-258,2.77242677342517,0.029,0.007,2.94667078345363e-253,"15","FERMT1"
"AC010735.2",1.61982646606366e-256,2.52428696613988,0.032,0.008,5.28646565464536e-252,"15","AC010735.2"
"PIFO",2.04092725354374e-256,2.66460803218585,0.012,0.001,6.66077018466534e-252,"15","PIFO"
"MAOB",2.94635464924992e-256,2.29313133336077,0.082,0.035,9.61572303329205e-252,"15","MAOB"
"ZC3H12A",6.64328819274586e-255,2.21336533520595,0.042,0.013,2.16810353458454e-250,"15","ZC3H12A"
"TRHDE",4.70091382114348e-250,2.31575319832673,0.083,0.036,1.53419023466839e-245,"15","TRHDE"
"AC008840.1",6.63523379757834e-249,3.724570457649,0.026,0.006,2.16547490217767e-244,"15","AC008840.1"
"KCNIP2",2.61511769850103e-247,3.07332971549385,0.061,0.023,8.53469812082796e-243,"15","KCNIP2"
"AP005059.1",3.53370184470192e-238,2.31596015288733,0.048,0.016,1.15325893403692e-233,"15","AP005059.1"
"AC010343.3",1.22366284769169e-236,2.20729773332239,0.056,0.021,3.99354606972661e-232,"15","AC010343.3"
"CIDEB",1.93900275107335e-231,2.54978149587773,0.034,0.01,6.32812937840297e-227,"15","CIDEB"
"SLC2A4",6.95914273754092e-229,3.18003904724785,0.015,0.002,2.27118582382385e-224,"15","SLC2A4"
"AC087463.1",2.47948833757833e-226,2.4212018473377,0.015,0.002,8.09205813852064e-222,"15","AC087463.1"
"CFAP74",2.74975413421325e-223,2.90530664409209,0.026,0.006,8.97409759241835e-219,"15","CFAP74"
"NWD2",1.4411584044131e-216,2.81257147725681,0.045,0.016,4.7033645686426e-212,"15","NWD2"
"AC004784.1",2.98500913873463e-216,2.10620985294543,0.031,0.009,9.74187582517434e-212,"15","AC004784.1"
"AGTR1",1.22304223316069e-215,2.02574953708133,0.046,0.016,3.99152063214324e-211,"15","AGTR1"
"AP003498.1",2.01480132840366e-208,3.51535493053358,0.012,0.002,6.57550561537818e-204,"15","AP003498.1"
"MTMR11",1.67853562791103e-207,2.21331506259528,0.047,0.017,5.47806887525044e-203,"15","MTMR11"
"AMHR2",3.08737106919594e-207,2.97025474957491,0.022,0.005,1.00759442214279e-202,"15","AMHR2"
"LINC01271",2.70745652245043e-206,3.10948824313655,0.01,0.001,8.83605510666923e-202,"15","LINC01271"
"VIT1",3.69125580922699e-206,2.41694872437027,0.056,0.022,1.20467824589932e-201,"15","VIT"
"AP005436.1",5.3677980294936e-206,2.9846006464618,0.011,0.001,1.75183456490553e-201,"15","AP005436.1"
"SLC25A19",1.54114217742794e-203,2.44617567606747,0.075,0.034,5.02967161025381e-199,"15","SLC25A19"
"MKX1",6.59756630595965e-202,3.06010519309779,0.017,0.003,2.15318173961299e-197,"15","MKX"
"SLC37A2",1.52723320991498e-200,2.23424588977909,0.036,0.012,4.98427830387854e-196,"15","SLC37A2"
"AC025154.2",1.67061050599546e-200,2.8737500029989,0.01,0.001,5.45220444736678e-196,"15","AC025154.2"
"SLC6A201",2.60243308058107e-196,3.22092970078735,0.012,0.002,8.49330060178437e-192,"15","SLC6A20"
"SLC26A1",1.27789114935809e-194,3.54903797902941,0.013,0.002,4.17052555504506e-190,"15","SLC26A1"
"AC025470.21",3.06217502647895e-193,2.79085562065188,0.025,0.006,9.9937144164167e-189,"15","AC025470.2"
"LMX1B",1.15511498614442e-191,2.36464408851116,0.033,0.01,3.76983326878094e-187,"15","LMX1B"
"IL1RL21",2.70134902851253e-190,2.17870362213865,0.026,0.007,8.8161226894535e-186,"15","IL1RL2"
"ZDHHC19",1.62053709714324e-184,2.38788240081903,0.034,0.011,5.28878487023667e-180,"15","ZDHHC19"
"PCDHGC3",4.46654915772666e-184,2.30430563218368,0.018,0.004,1.45770298311567e-179,"15","PCDHGC3"
"GABRE1",1.15972780685736e-183,2.13876303747313,0.043,0.015,3.78488767045969e-179,"15","GABRE"
"AP005436.2",8.80321549109405e-182,2.90764070430268,0.011,0.002,2.87301740767345e-177,"15","AP005436.2"
"HOXA31",4.95795309632573e-179,2.12901539264392,0.025,0.007,1.61807757251686e-174,"15","HOXA3"
"ZNRF3-AS1",8.32401972701162e-179,2.13075230032015,0.045,0.017,2.71662707810751e-174,"15","ZNRF3-AS1"
"SLC5A8",4.00701610387511e-178,3.10084348669155,0.014,0.003,1.30772977566068e-173,"15","SLC5A8"
"TESC",2.04877963399061e-177,2.04898646964061,0.097,0.053,6.68639721349177e-173,"15","TESC"
"FGF101",2.65984801169586e-177,2.14436781810505,0.04,0.014,8.68067997097062e-173,"15","FGF10"
"CRYAB1",5.98769080255452e-177,2.33527434520987,0.079,0.039,1.95414277032169e-172,"15","CRYAB"
"QPCTL",5.52447742711201e-172,2.03020043841871,0.056,0.024,1.80296845311228e-167,"15","QPCTL"
"HRASLS5",1.13969649706514e-168,3.51342800950291,0.01,0.001,3.71951348782179e-164,"15","HRASLS5"
"ANKRD20A8P",6.0305766786567e-168,3.40864214254022,0.043,0.016,1.9681390048464e-163,"15","ANKRD20A8P"
"LINC006071",2.2312544875213e-163,2.00990771587786,0.04,0.015,7.28192214547453e-159,"15","LINC00607"
"CASC20",1.71498082937143e-162,2.05640702056838,0.016,0.003,5.59701143473659e-158,"15","CASC20"
"LINC00298",5.44738286814481e-162,2.31315915930138,0.014,0.003,1.77780787284774e-157,"15","LINC00298"
"AL355581.1",2.10222479941222e-159,2.17912436643084,0.022,0.006,6.86082085536173e-155,"15","AL355581.1"
"MME1",4.41527305455097e-159,2.08703300746191,0.041,0.016,1.44096851408326e-154,"15","MME"
"STOX1",2.55162532588344e-158,2.21183400215167,0.049,0.02,8.32748441355319e-154,"15","STOX1"
"AXDND1",1.69660087234025e-155,2.30067489812155,0.041,0.016,5.53702660696964e-151,"15","AXDND1"
"IL23R",7.6304651821123e-155,2.11767112976039,0.016,0.004,2.49027861683417e-150,"15","IL23R"
"ZNF616",3.21249130134192e-152,2.02935512005287,0.066,0.032,1.04842866110595e-147,"15","ZNF616"
"AL109935.1",1.34760036800454e-147,2.40312297067885,0.022,0.006,4.39802856101963e-143,"15","AL109935.1"
"SPATA9",1.55356216811666e-147,2.8643300709257,0.031,0.011,5.07020549186554e-143,"15","SPATA9"
"C14orf180",4.57665682327402e-141,3.54472898170087,0.013,0.003,1.49363772084371e-136,"15","C14orf180"
"AL354794.1",9.6090376817656e-141,2.13865573563573,0.01,0.002,3.13600553782102e-136,"15","AL354794.1"
"FAH",1.92342820185128e-139,2.1395880023809,0.042,0.018,6.27730027956184e-135,"15","FAH"
"LINC02008",2.9354750699338e-139,2.06653490534201,0.027,0.009,9.58021643823597e-135,"15","LINC02008"
"PLEK2",3.22209415593053e-139,2.7435882716173,0.014,0.003,1.05156264872949e-134,"15","PLEK2"
"LINC02237",1.59937345284016e-138,2.06296228221351,0.031,0.011,5.21971520068915e-134,"15","LINC02237"
"ZNF503-AS2",6.60882972486779e-133,2.50463770016422,0.017,0.005,2.15685766900785e-128,"15","ZNF503-AS2"
"ADGRD2",9.77585573705643e-133,3.11914436467064,0.012,0.002,3.19044827834574e-128,"15","ADGRD2"
"HSPB7",1.03314893186729e-131,2.61143472808356,0.019,0.005,3.37178485404207e-127,"15","HSPB7"
"S100B1",2.48666445263765e-125,3.34552623735823,0.076,0.042,8.11547810762824e-121,"15","S100B"
"AC011452.1",1.19139165625671e-122,2.04744505639856,0.021,0.006,3.8882258093594e-118,"15","AC011452.1"
"TMEM52",7.03442203892501e-121,3.08157160192967,0.018,0.005,2.29575397662357e-116,"15","TMEM52"
"KCNIP2-AS1",4.0595434954784e-119,2.16280376442872,0.064,0.034,1.32487261518433e-114,"15","KCNIP2-AS1"
"AL024508.2",6.35766164411053e-119,2.5671912237533,0.022,0.007,2.07488645417191e-114,"15","AL024508.2"
"LINC01484",7.7656876134073e-117,2.06863550031246,0.023,0.008,2.53440980951161e-112,"15","LINC01484"
"OPLAH",7.65045054782846e-116,2.87103683982485,0.012,0.003,2.4968010407893e-111,"15","OPLAH"
"LYPD3",2.38754833531874e-115,2.24013798210553,0.016,0.004,7.79200274714624e-111,"15","LYPD3"
"RGPD4",8.07794496367933e-115,2.62960012225831,0.012,0.003,2.63631811834639e-110,"15","RGPD4"
"KRT80",1.31897126538064e-110,2.19838682272323,0.01,0.002,4.30459462169626e-106,"15","KRT80"
"AL356479.1",1.86125534690906e-109,2.43597852836329,0.071,0.04,6.0743929501724e-105,"15","AL356479.1"
"TEMN3-AS1",6.92557075767078e-109,2.17302542961519,0.022,0.007,2.26022927247344e-104,"15","TEMN3-AS1"
"FILNC1",1.05627535353389e-106,3.05005487618498,0.013,0.003,3.4472602437932e-102,"15","FILNC1"
"RPL26",0,2.70676690544057,0.771,0.143,0,"16","RPL26"
"RPL18A",0,3.07460257525638,0.782,0.154,0,"16","RPL18A"
"RPL39",0,2.71173141328359,0.779,0.156,0,"16","RPL39"
"RPL9",0,2.8945628045441,0.773,0.168,0,"16","RPL9"
"RPS3A",0,2.79596158242573,0.804,0.201,0,"16","RPS3A"
"RPS15A",0,2.85343484639327,0.804,0.206,0,"16","RPS15A"
"RPS13",0,2.5161095354813,0.804,0.211,0,"16","RPS13"
"RPL32",0,2.67660579137404,0.834,0.242,0,"16","RPL32"
"RPS27",0,2.69620829549603,0.825,0.237,0,"16","RPS27"
"RPS12",0,2.62580284764587,0.815,0.228,0,"16","RPS12"
"RPL12",0,2.58069578953632,0.779,0.194,0,"16","RPL12"
"RPL36",0,2.4943787441274,0.82,0.235,0,"16","RPL36"
"RPL35A",0,2.6030228147621,0.828,0.25,0,"16","RPL35A"
"RPS28",0,2.3957154910267,0.801,0.224,0,"16","RPS28"
"RPL29",0,2.7078693957364,0.823,0.247,0,"16","RPL29"
"RPS26",0,2.45121568258365,0.751,0.176,0,"16","RPS26"
"TPT1",0,2.0756652142715,0.841,0.266,0,"16","TPT1"
"OAZ1",0,2.36235711221941,0.708,0.133,0,"16","OAZ1"
"RPS25",0,2.56604633990149,0.797,0.224,0,"16","RPS25"
"RPL34",0,2.53116477727898,0.821,0.252,0,"16","RPL34"
"RPS6",0,2.60675590324737,0.833,0.267,0,"16","RPS6"
"RPL21",0,2.69667936736819,0.813,0.247,0,"16","RPL21"
"RPS18",0,2.67666057712848,0.829,0.265,0,"16","RPS18"
"RPS14",0,2.65526960946026,0.826,0.264,0,"16","RPS14"
"RPS29",0,2.63249668296284,0.795,0.234,0,"16","RPS29"
"RPL18",0,2.69539878774116,0.806,0.245,0,"16","RPL18"
"RPS5",0,2.82435805938407,0.79,0.23,0,"16","RPS5"
"RPL24",0,2.6510166915335,0.79,0.231,0,"16","RPL24"
"RPL35",0,2.46193655642815,0.803,0.244,0,"16","RPL35"
"RPLP1",0,2.49604660313816,0.839,0.28,0,"16","RPLP1"
"RPS23",0,2.45737475749713,0.838,0.28,0,"16","RPS23"
"RPS4X",0,2.64612462497732,0.829,0.273,0,"16","RPS4X"
"RPL23A",0,2.89653502548435,0.83,0.275,0,"16","RPL23A"
"RPS16",0,2.72458865740737,0.806,0.253,0,"16","RPS16"
"RPS7",0,2.7004282737392,0.828,0.278,0,"16","RPS7"
"RPL7A",0,2.58574670504309,0.8,0.253,0,"16","RPL7A"
"RPL28",0,2.63373930207701,0.809,0.264,0,"16","RPL28"
"RPS21",0,2.58539392959787,0.739,0.194,0,"16","RPS21"
"RPS8",0,2.64373095550746,0.84,0.296,0,"16","RPS8"
"RPL30",0,2.42224807772651,0.833,0.289,0,"16","RPL30"
"UBA52",0,2.48326189753549,0.763,0.22,0,"16","UBA52"
"FAU",0,2.13142630535329,0.816,0.273,0,"16","FAU"
"RPL27A",0,2.53448727234031,0.815,0.273,0,"16","RPL27A"
"RPL27",0,2.75976483752411,0.788,0.247,0,"16","RPL27"
"RPS24",0,2.66402884190813,0.83,0.29,0,"16","RPS24"
"RPS19",0,2.7757419098891,0.849,0.309,0,"16","RPS19"
"RPS3",0,2.64889314608547,0.848,0.309,0,"16","RPS3"
"RPS15",0,2.59572975775899,0.836,0.297,0,"16","RPS15"
"RPL8",0,2.422054489726,0.832,0.294,0,"16","RPL8"
"RPS9",0,2.32349406104274,0.84,0.302,0,"16","RPS9"
"RPL19",0,2.66410873944017,0.836,0.299,0,"16","RPL19"
"RPLP2",0,2.4003602714149,0.832,0.301,0,"16","RPLP2"
"RPL41",0,2.38082828476377,0.874,0.343,0,"16","RPL41"
"RPL15",0,2.62103793362017,0.854,0.324,0,"16","RPL15"
"NACA",0,2.50769657091252,0.798,0.27,0,"16","NACA"
"PTMA",0,2.84823605989885,0.863,0.336,0,"16","PTMA"
"RPS2",0,2.64037759657996,0.861,0.334,0,"16","RPS2"
"RPL10A",0,2.52034172446047,0.81,0.285,0,"16","RPL10A"
"RPS27A",0,2.54942036035752,0.845,0.32,0,"16","RPS27A"
"EEF1A1",0,2.53065307873767,0.867,0.345,0,"16","EEF1A1"
"RPL22",0,2.45284539069329,0.752,0.232,0,"16","RPL22"
"RPL3",0,2.46685380023947,0.839,0.319,0,"16","RPL3"
"RPL6",0,2.81276917220524,0.809,0.291,0,"16","RPL6"
"RPL38",0,2.57153072538166,0.776,0.258,0,"16","RPL38"
"RPL13",0,2.53917067278397,0.856,0.339,0,"16","RPL13"
"BTF3",0,2.58898711962912,0.742,0.227,0,"16","BTF3"
"RPL13A",0,2.75456414853759,0.793,0.278,0,"16","RPL13A"
"RPL14",0,2.46972074913739,0.812,0.3,0,"16","RPL14"
"RPS11",0,2.57735510909536,0.766,0.256,0,"16","RPS11"
"RPSA",0,2.81293070115068,0.793,0.284,0,"16","RPSA"
"H3F3A",0,2.39148766246021,0.725,0.217,0,"16","H3F3A"
"RACK1",0,2.61024888363426,0.811,0.303,0,"16","RACK1"
"PFDN5",0,2.04028616651676,0.739,0.232,0,"16","PFDN5"
"RPL10",0,2.47468729413096,0.862,0.358,0,"16","RPL10"
"RPL37",0,2.49002077990369,0.785,0.282,0,"16","RPL37"
"RPL11",0,2.26016074115746,0.852,0.352,0,"16","RPL11"
"COX7C",0,2.34808083200033,0.721,0.222,0,"16","COX7C"
"RPS10",0,2.57195115332022,0.619,0.121,0,"16","RPS10"
"GAPDH",0,2.46939227665097,0.79,0.293,0,"16","GAPDH"
"NPM1",0,3.12622231549136,0.72,0.224,0,"16","NPM1"
"RPL5",0,2.64547983524326,0.813,0.317,0,"16","RPL5"
"RPL37A",0,2.7293823006301,0.818,0.323,0,"16","RPL37A"
"RPL7",0,2.7380189593738,0.763,0.272,0,"16","RPL7"
"EEF1B2",0,2.36339610333587,0.709,0.219,0,"16","EEF1B2"
"EIF1",0,2.08621478665589,0.868,0.383,0,"16","EIF1"
"RPL4",0,2.61225917144666,0.745,0.262,0,"16","RPL4"
"RPLP0",0,2.49583623960519,0.774,0.296,0,"16","RPLP0"
"SUMO2",0,2.70689839228025,0.66,0.192,0,"16","SUMO2"
"COX4I1",0,2.01281908283027,0.701,0.237,0,"16","COX4I1"
"CALM2",0,2.45195632584538,0.603,0.141,0,"16","CALM2"
"PFN1",0,2.19880120676067,0.626,0.164,0,"16","PFN1"
"HSPE1",0,2.92963662527544,0.571,0.111,0,"16","HSPE1"
"RPS20",0,2.50317706278033,0.661,0.203,0,"16","RPS20"
"BTG1",0,2.15575973679647,0.798,0.342,0,"16","BTG1"
"RPL23",0,2.64007812885641,0.722,0.266,0,"16","RPL23"
"HSPA8",0,2.32417747877957,0.694,0.239,0,"16","HSPA8"
"RPL36AL",0,2.28773795683716,0.642,0.19,0,"16","RPL36AL"
"COX6A1",0,2.34740196314073,0.572,0.12,0,"16","COX6A1"
"TMA7",0,2.21348846052754,0.654,0.203,0,"16","TMA7"
"OST4",0,2.18077517310399,0.605,0.165,0,"16","OST4"
"NDUFS5",0,2.29994506657425,0.624,0.185,0,"16","NDUFS5"
"CHCHD2",0,2.05277813617459,0.702,0.264,0,"16","CHCHD2"
"ATP5MG",0,2.24251014842086,0.659,0.222,0,"16","ATP5MG"
"SLC25A6",0,2.40443533157865,0.678,0.242,0,"16","SLC25A6"
"NOP53",0,2.67619237048325,0.562,0.127,0,"16","NOP53"
"YBX1",0,2.33850803131786,0.701,0.271,0,"16","YBX1"
"HNRNPA1",0,2.64604742182972,0.711,0.282,0,"16","HNRNPA1"
"UBL5",0,2.0791675917679,0.583,0.155,0,"16","UBL5"
"RPL31",0,2.49667989649953,0.723,0.296,0,"16","RPL31"
"PPIA",0,2.18216763973376,0.694,0.267,0,"16","PPIA"
"RPL36A",0,2.42360470806419,0.526,0.101,0,"16","RPL36A"
"EEF1D",0,2.12316552293322,0.666,0.243,0,"16","EEF1D"
"HINT1",0,2.05212402726723,0.682,0.26,0,"16","HINT1"
"RAN",0,2.50165381425513,0.609,0.187,0,"16","RAN"
"COMMD6",0,2.2307053675841,0.617,0.195,0,"16","COMMD6"
"COX7A2",0,2.10219297638532,0.632,0.211,0,"16","COX7A2"
"ATP5MC2",0,2.20784227513431,0.683,0.263,0,"16","ATP5MC2"
"ACTG1",0,2.10883426639324,0.819,0.399,0,"16","ACTG1"
"NDUFA4",0,2.09112874406126,0.627,0.209,0,"16","NDUFA4"
"SOD1",0,2.10185014386148,0.605,0.19,0,"16","SOD1"
"ATP5PO",0,2.68756083713081,0.515,0.102,0,"16","ATP5PO"
"PRDX2",0,2.38167153266968,0.507,0.096,0,"16","PRDX2"
"ATP5F1B",0,2.41164428728319,0.597,0.191,0,"16","ATP5F1B"
"LDHB",0,2.69017367053934,0.604,0.199,0,"16","LDHB"
"PSMA7",0,2.01171848022611,0.62,0.219,0,"16","PSMA7"
"NCL",0,2.34211936178755,0.603,0.202,0,"16","NCL"
"EIF3K",0,2.12081916745989,0.602,0.203,0,"16","EIF3K"
"SNRPD2",0,2.72982930362427,0.528,0.131,0,"16","SNRPD2"
"COX6B1",0,2.15058566671142,0.555,0.161,0,"16","COX6B1"
"C12orf57",0,2.10366320187755,0.552,0.159,0,"16","C12orf57"
"HIST1H4C1",0,2.00436845752419,0.519,0.128,0,"16","HIST1H4C"
"UQCR11",0,2.26462696316841,0.503,0.112,0,"16","UQCR11"
"VAMP2",0,2.36467382696828,0.491,0.103,0,"16","VAMP2"
"ATP5MF",0,2.15179259315671,0.494,0.107,0,"16","ATP5MF"
"EEF2",0,2.00144178405085,0.717,0.331,0,"16","EEF2"
"H1FX",0,2.31556993750274,0.538,0.153,0,"16","H1FX"
"SEC61G",0,2.34536937226486,0.533,0.148,0,"16","SEC61G"
"ATP5ME",0,2.07756471977823,0.539,0.157,0,"16","ATP5ME"
"TPI1",0,2.13816505427387,0.575,0.195,0,"16","TPI1"
"SF3B6",0,2.35499542453053,0.524,0.147,0,"16","SF3B6"
"H2AFZ1",0,2.05402582501704,0.569,0.195,0,"16","H2AFZ"
"HNRNPA0",0,2.10431977647909,0.566,0.192,0,"16","HNRNPA0"
"NDUFC2",0,2.43246707733954,0.473,0.101,0,"16","NDUFC2"
"SSR4",0,2.27814531517376,0.51,0.139,0,"16","SSR4"
"PSMB6",0,2.130549668688,0.503,0.137,0,"16","PSMB6"
"FABP5",0,2.37733639993736,0.488,0.124,0,"16","FABP5"
"MARCKSL1",0,2.38667967756738,0.569,0.207,0,"16","MARCKSL1"
"CYCS",0,2.02315332409305,0.527,0.172,0,"16","CYCS"
"TRMT112",0,2.32080901349103,0.498,0.143,0,"16","TRMT112"
"EIF3G",0,2.32997457388541,0.49,0.135,0,"16","EIF3G"
"WDR83OS",0,2.40504217512026,0.448,0.097,0,"16","WDR83OS"
"RPS17",0,2.55613008841883,0.445,0.095,0,"16","RPS17"
"HMGB21",0,2.31827891389236,0.459,0.111,0,"16","HMGB2"
"NDUFB8",0,2.32213996912111,0.447,0.099,0,"16","NDUFB8"
"SNRPG",0,2.19075240848711,0.495,0.149,0,"16","SNRPG"
"TXN",0,2.0372220789384,0.51,0.164,0,"16","TXN"
"EIF3F",0,2.03135962600763,0.542,0.197,0,"16","EIF3F"
"PA2G4",0,2.42746012445267,0.468,0.123,0,"16","PA2G4"
"NEDD8",0,2.24417750564744,0.45,0.105,0,"16","NEDD8"
"SMDT1",0,2.0571508379598,0.49,0.148,0,"16","SMDT1"
"SF3B5",0,2.48782437248853,0.457,0.116,0,"16","SF3B5"
"SNRPB2",0,2.23888243948223,0.483,0.142,0,"16","SNRPB2"
"HIGD2A",0,2.68059396166516,0.425,0.086,0,"16","HIGD2A"
"COPE",0,2.04284182196844,0.473,0.134,0,"16","COPE"
"VDAC2",0,2.08633364360802,0.511,0.173,0,"16","VDAC2"
"EIF3I",0,2.28207764718466,0.471,0.133,0,"16","EIF3I"
"LINC00682",0,3.06350339697349,0.485,0.147,0,"16","LINC00682"
"NDUFA11",0,2.47437621705172,0.428,0.09,0,"16","NDUFA11"
"RBP1",0,2.01479598670272,0.486,0.151,0,"16","RBP1"
"SNRPB",0,2.366870158008,0.471,0.136,0,"16","SNRPB"
"LSM7",0,2.22805796780891,0.493,0.158,0,"16","LSM7"
"SCAND1",0,2.13444642701454,0.459,0.13,0,"16","SCAND1"
"PSMB3",0,2.24442276432438,0.465,0.137,0,"16","PSMB3"
"KRT10",0,2.018096561019,0.474,0.147,0,"16","KRT10"
"EPB41L4A-AS1",0,2.17189616118417,0.451,0.127,0,"16","EPB41L4A-AS1"
"C19orf53",0,2.16132134528676,0.453,0.13,0,"16","C19orf53"
"CSNK2B",0,2.65103516467356,0.405,0.083,0,"16","CSNK2B"
"LDHA",0,2.32446940697376,0.494,0.172,0,"16","LDHA"
"MIF",0,2.64495460933113,0.409,0.087,0,"16","MIF"
"RSL24D1",0,2.20499084234219,0.458,0.138,0,"16","RSL24D1"
"CCT7",0,2.25438164732075,0.468,0.15,0,"16","CCT7"
"MDH2",0,2.23330238385654,0.458,0.141,0,"16","MDH2"
"SNRPE",0,2.25246595959704,0.464,0.148,0,"16","SNRPE"
"PHB2",0,2.15607203049373,0.459,0.143,0,"16","PHB2"
"NME11",0,3.41473302302447,0.394,0.078,0,"16","NME1"
"NOP10",0,2.12270111868269,0.437,0.122,0,"16","NOP10"
"SNRPF",0,2.37905244730587,0.458,0.145,0,"16","SNRPF"
"ILF2",0,2.00841108611098,0.46,0.148,0,"16","ILF2"
"FXYD6",0,2.51125368928738,0.379,0.067,0,"16","FXYD6"
"STMN1",0,2.02468699890233,0.565,0.254,0,"16","STMN1"
"EIF5A",0,2.08132354537126,0.453,0.145,0,"16","EIF5A"
"RPL17",0,2.64559731458133,0.368,0.06,0,"16","RPL17"
"COX5A",0,2.03911799094656,0.445,0.138,0,"16","COX5A"
"C1QBP",0,2.01012079804793,0.448,0.144,0,"16","C1QBP"
"RANBP1",0,2.04119277986328,0.456,0.152,0,"16","RANBP1"
"MDK",0,2.36072950088774,0.505,0.201,0,"16","MDK"
"MRPL51",0,2.0979554737117,0.433,0.129,0,"16","MRPL51"
"POLR2J3-ENSG00000285437",0,2.68140872064001,0.371,0.068,0,"16","POLR2J3-ENSG00000285437"
"RAB5C",0,2.57034161466266,0.38,0.078,0,"16","RAB5C"
"PRMT1",0,2.12597501352418,0.436,0.134,0,"16","PRMT1"
"RSL1D1",0,2.25723274273324,0.431,0.13,0,"16","RSL1D1"
"PSMA2",0,2.77010912272869,0.365,0.066,0,"16","PSMA2"
"SLC25A5",0,2.14455442387866,0.421,0.123,0,"16","SLC25A5"
"SMIM26",0,2.63917984052481,0.376,0.078,0,"16","SMIM26"
"PRELID1",0,2.07951447273861,0.432,0.135,0,"16","PRELID1"
"CCT8",0,2.07274119218003,0.453,0.158,0,"16","CCT8"
"CNPY2",0,2.65863582613,0.364,0.07,0,"16","CNPY2"
"APEX1",0,2.22580921595337,0.421,0.127,0,"16","APEX1"
"NDUFA13",0,2.19952693543402,0.383,0.09,0,"16","NDUFA13"
"PET100",0,2.48698156144267,0.373,0.082,0,"16","PET100"
"NDUFA3",0,2.2430076476737,0.384,0.095,0,"16","NDUFA3"
"TOMM22",0,2.17327882838249,0.399,0.11,0,"16","TOMM22"
"H1F0",0,2.57276428394844,0.393,0.105,0,"16","H1F0"
"RPL22L1",0,2.73264906920341,0.371,0.086,0,"16","RPL22L1"
"SUPT4H1",0,2.11584607179842,0.402,0.117,0,"16","SUPT4H1"
"TMEM14B",0,2.39794423284156,0.364,0.081,0,"16","TMEM14B"
"BLOC1S1",0,2.23081507635968,0.368,0.085,0,"16","BLOC1S1"
"HMGA1",0,2.48180789087959,0.372,0.093,0,"16","HMGA1"
"TRAPPC1",0,2.32185647579998,0.375,0.096,0,"16","TRAPPC1"
"NHP2",0,2.2923238883839,0.402,0.124,0,"16","NHP2"
"UXT",0,2.31690721033259,0.375,0.097,0,"16","UXT"
"PSMA4",0,2.0929120708529,0.413,0.136,0,"16","PSMA4"
"ROMO1",0,2.16812536491105,0.376,0.1,0,"16","ROMO1"
"CXCR4",0,2.49437476031653,0.362,0.087,0,"16","CXCR4"
"ODC1",0,2.48451631529557,0.394,0.121,0,"16","ODC1"
"PFDN4",0,2.08559087345152,0.378,0.106,0,"16","PFDN4"
"OCIAD2",0,2.00811479152709,0.408,0.136,0,"16","OCIAD2"
"GAL",0,2.15207061083082,0.373,0.102,0,"16","GAL"
"CCND1",0,2.18036469195958,0.542,0.272,0,"16","CCND1"
"IK",0,2.07460605578707,0.379,0.11,0,"16","IK"
"SELENOH",0,2.07779554440436,0.355,0.086,0,"16","SELENOH"
"LIMD2",0,3.07385811132685,0.319,0.05,0,"16","LIMD2"
"SNRPD1",0,2.18293374097467,0.426,0.157,0,"16","SNRPD1"
"EIF6",0,2.53781950283325,0.346,0.077,0,"16","EIF6"
"ATP5MC1",0,2.16273130389527,0.411,0.143,0,"16","ATP5MC1"
"LSM3",0,2.06322550515286,0.375,0.108,0,"16","LSM3"
"POLR2I",0,2.1206645637824,0.355,0.088,0,"16","POLR2I"
"FBL",0,2.60536607489937,0.337,0.07,0,"16","FBL"
"PSME1",0,2.23351353787303,0.374,0.108,0,"16","PSME1"
"SH3BGRL3",0,2.29137905014602,0.391,0.126,0,"16","SH3BGRL3"
"APRT",0,2.34170282106554,0.363,0.099,0,"16","APRT"
"COA3",0,2.25546920301423,0.35,0.088,0,"16","COA3"
"KDELR2",0,2.57592484295475,0.327,0.068,0,"16","KDELR2"
"TMSB15A1",0,2.63284959223514,0.307,0.048,0,"16","TMSB15A"
"SRSF1",0,2.19311366548721,0.348,0.09,0,"16","SRSF1"
"FKBP4",0,2.01399053655263,0.367,0.113,0,"16","FKBP4"
"IMPDH2",0,2.44567124043671,0.314,0.063,0,"16","IMPDH2"
"COMMD3",0,2.86159889356139,0.306,0.055,0,"16","COMMD3"
"UBE2S1",0,2.3069754690633,0.36,0.11,0,"16","UBE2S"
"ARPC1A",0,2.01508082621502,0.319,0.073,0,"16","ARPC1A"
"PHB",0,2.16201985592705,0.393,0.148,0,"16","PHB"
"ARL6IP11",0,2.32414666960727,0.318,0.073,0,"16","ARL6IP1"
"GCSH",0,2.68948446362067,0.298,0.056,0,"16","GCSH"
"MRPL12",0,2.94728324038881,0.296,0.056,0,"16","MRPL12"
"NDUFAF3",0,2.19335158856087,0.321,0.083,0,"16","NDUFAF3"
"PPP2CA",0,2.6824916707729,0.294,0.059,0,"16","PPP2CA"
"NIFK",0,2.1201324256105,0.318,0.084,0,"16","NIFK"
"SNRNP27",0,2.32431230875298,0.302,0.069,0,"16","SNRNP27"
"PFN2",0,2.53882281801691,0.291,0.06,0,"16","PFN2"
"C12orf10",0,2.11127557290031,0.312,0.082,0,"16","C12orf10"
"HIST3H2A",0,2.2124932339102,0.304,0.076,0,"16","HIST3H2A"
"POLR2G",0,2.28060871448425,0.299,0.072,0,"16","POLR2G"
"FMC1",0,2.52653766325334,0.281,0.056,0,"16","FMC1"
"STOML2",0,2.03645946592116,0.319,0.094,0,"16","STOML2"
"CITED2",0,2.12648360217483,0.307,0.085,0,"16","CITED2"
"CKS1B1",0,2.2833754571903,0.28,0.06,0,"16","CKS1B"
"TAF9",0,2.57008484723874,0.275,0.055,0,"16","TAF9"
"MRPL21",0,2.05390161470991,0.299,0.079,0,"16","MRPL21"
"TIA1",0,2.96690173946626,0.261,0.042,0,"16","TIA1"
"NAA10",0,2.69307790185333,0.275,0.057,0,"16","NAA10"
"SMIM7",0,2.60340165455579,0.274,0.057,0,"16","SMIM7"
"NDUFA9",0,2.81734929521391,0.265,0.049,0,"16","NDUFA9"
"TBCC",0,2.55314370756621,0.273,0.059,0,"16","TBCC"
"MRPL10",0,2.46676033578676,0.285,0.071,0,"16","MRPL10"
"DCXR",0,2.12087312326006,0.295,0.084,0,"16","DCXR"
"COX14",0,2.26279199786995,0.282,0.073,0,"16","COX14"
"EEF1E1",0,2.95913993555929,0.246,0.04,0,"16","EEF1E1"
"DNAJB1",0,2.07564666785345,0.335,0.13,0,"16","DNAJB1"
"RNF181",0,2.13435256863637,0.282,0.077,0,"16","RNF181"
"ARPC4",0,2.47349472556222,0.256,0.054,0,"16","ARPC4"
"MPST",0,2.36270587317571,0.261,0.059,0,"16","MPST"
"PSME2",0,2.22397499449783,0.294,0.094,0,"16","PSME2"
"PDCL3",0,2.84931805686094,0.247,0.048,0,"16","PDCL3"
"TMEM971",0,2.71400109788935,0.245,0.046,0,"16","TMEM97"
"SMARCE1",0,2.6944589612416,0.249,0.05,0,"16","SMARCE1"
"CHMP1B",0,2.31739386630156,0.246,0.047,0,"16","CHMP1B"
"EBNA1BP2",0,2.14176352611147,0.267,0.069,0,"16","EBNA1BP2"
"PFDN6",0,2.04095162704827,0.261,0.063,0,"16","PFDN6"
"ZNF830",0,2.22383603436655,0.255,0.057,0,"16","ZNF830"
"TRMT10C",0,2.04170732350552,0.263,0.066,0,"16","TRMT10C"
"IER3IP1",0,2.57689909957699,0.246,0.05,0,"16","IER3IP1"
"CHURC1",0,2.09334182012248,0.263,0.068,0,"16","CHURC1"
"PQBP1",0,2.02209503722779,0.261,0.068,0,"16","PQBP1"
"PMAIP1",0,2.44541741809864,0.249,0.056,0,"16","PMAIP1"
"BABAM1",0,2.46475957052045,0.245,0.052,0,"16","BABAM1"
"LINC01116",0,2.11382335040117,0.255,0.063,0,"16","LINC01116"
"IMP3",0,2.12484680407597,0.263,0.071,0,"16","IMP3"
"MRPL9",0,2.0317176740169,0.259,0.068,0,"16","MRPL9"
"PTRHD1",0,2.32849909630828,0.248,0.058,0,"16","PTRHD1"
"CTDNEP1",0,2.53635438532352,0.249,0.059,0,"16","CTDNEP1"
"DNTTIP2",0,2.06382437765361,0.27,0.081,0,"16","DNTTIP2"
"ASCL11",0,3.79147847908594,0.212,0.023,0,"16","ASCL1"
"CKS21",0,2.26188923620296,0.235,0.047,0,"16","CKS2"
"MRPL54",0,2.05156813610846,0.27,0.082,0,"16","MRPL54"
"FIP1L1",0,3.0046783004668,0.223,0.036,0,"16","FIP1L1"
"CLPP",0,2.06916072298295,0.265,0.079,0,"16","CLPP"
"JAGN1",0,2.06110917039471,0.249,0.064,0,"16","JAGN1"
"NME4",0,2.0065062305799,0.256,0.071,0,"16","NME4"
"DCTPP1",0,2.42118590800701,0.237,0.052,0,"16","DCTPP1"
"ZNF580",0,2.52388694735907,0.232,0.047,0,"16","ZNF580"
"CHCHD5",0,2.16063479169634,0.246,0.063,0,"16","CHCHD5"
"TRIAP1",0,2.52560432477435,0.225,0.043,0,"16","TRIAP1"
"RBM42",0,2.11325056624343,0.243,0.061,0,"16","RBM42"
"MRPL44",0,2.05598568843124,0.242,0.061,0,"16","MRPL44"
"COMMD7",0,2.55055826887959,0.236,0.056,0,"16","COMMD7"
"MYCN",0,2.03718752770815,0.243,0.064,0,"16","MYCN"
"PRELID3B",0,2.18786414493022,0.238,0.059,0,"16","PRELID3B"
"KRTCAP2",0,2.00090707776909,0.242,0.064,0,"16","KRTCAP2"
"TBX2-AS1",0,2.61471758890271,0.214,0.037,0,"16","TBX2-AS1"
"C19orf481",0,2.16428168931711,0.219,0.043,0,"16","C19orf48"
"NXT1",0,2.30635311019391,0.226,0.051,0,"16","NXT1"
"THYN1",0,2.06957078962204,0.235,0.06,0,"16","THYN1"
"DUSP4",0,2.61056464015858,0.23,0.057,0,"16","DUSP4"
"RAMMET",0,2.60647572994875,0.219,0.046,0,"16","RAMMET"
"FAM215B",0,2.99662987868575,0.204,0.032,0,"16","FAM215B"
"GOSR2",0,2.76370152546285,0.209,0.038,0,"16","GOSR2"
"APOPT1",0,2.65126391027356,0.215,0.045,0,"16","APOPT1"
"TSNAX",0,2.77877704623379,0.207,0.038,0,"16","TSNAX"
"MRPL36",0,2.02977269163564,0.237,0.068,0,"16","MRPL36"
"LDOC1",0,2.31269528539682,0.216,0.047,0,"16","LDOC1"
"PYCR1",0,2.02603980925926,0.22,0.053,0,"16","PYCR1"
"MRPS2",0,2.17046402693272,0.215,0.051,0,"16","MRPS2"
"KCNG1",0,2.20834178469384,0.208,0.044,0,"16","KCNG1"
"CFAP298",0,2.55262379000496,0.207,0.043,0,"16","CFAP298"
"SATB1",0,3.07444834552798,0.191,0.029,0,"16","SATB1"
"NUDT11",0,2.07076643201813,0.215,0.053,0,"16","NUDT1"
"POLE3",0,2.13437280239985,0.216,0.055,0,"16","POLE3"
"PSMA3-AS1",0,2.63372901626635,0.201,0.04,0,"16","PSMA3-AS1"
"TMEM256",0,2.35825272247767,0.21,0.051,0,"16","TMEM256"
"CHMP4A",0,2.66389643482017,0.206,0.049,0,"16","CHMP4A"
"PMF1",0,2.57687940787264,0.203,0.047,0,"16","PMF1"
"TMX2",0,2.28560925273142,0.202,0.046,0,"16","TMX2"
"C22orf39",0,2.33778792945516,0.203,0.047,0,"16","C22orf39"
"TARDBP",0,2.62174121335959,0.193,0.037,0,"16","TARDBP"
"IL32",0,3.26627702658787,0.195,0.039,0,"16","IL32"
"MRPS12",0,2.34362443991366,0.205,0.05,0,"16","MRPS12"
"NSMCE3",0,3.02624843836516,0.197,0.043,0,"16","NSMCE3"
"BLOC1S4",0,2.13818240244668,0.201,0.05,0,"16","BLOC1S4"
"HAND1",0,2.3331605517474,0.209,0.058,0,"16","HAND1"
"EMG1",0,3.02540126019918,0.178,0.027,0,"16","EMG1"
"PSENEN",0,2.3702208195665,0.194,0.045,0,"16","PSENEN"
"ZNF581",0,3.33925749977141,0.168,0.019,0,"16","ZNF581"
"ABRACL",0,2.07026183887074,0.198,0.05,0,"16","ABRACL"
"BLOC1S6",0,2.10796545279512,0.2,0.054,0,"16","BLOC1S6"
"NOB1",0,2.08914091041804,0.19,0.044,0,"16","NOB1"
"CRYZL1",0,2.66581649117284,0.18,0.035,0,"16","CRYZL1"
"SPTSSA",0,2.33170746803387,0.184,0.04,0,"16","SPTSSA"
"ZNF37A",0,2.85316374781249,0.175,0.032,0,"16","ZNF37A"
"MFAP41",0,3.08069430764645,0.164,0.022,0,"16","MFAP4"
"PARL",0,2.47976933912427,0.182,0.042,0,"16","PARL"
"RNASEH1",0,2.10318792127393,0.185,0.046,0,"16","RNASEH1"
"ERV3-1",0,3.0255454419655,0.16,0.021,0,"16","ERV3-1"
"CCL5",0,3.82851587444027,0.164,0.025,0,"16","CCL5"
"ADSL",0,3.16038618455093,0.158,0.021,0,"16","ADSL"
"CD52",0,2.77833819383236,0.174,0.037,0,"16","CD52"
"TCTEX1D2",0,2.50587805891598,0.168,0.033,0,"16","TCTEX1D2"
"DUSP2",0,3.23965053633649,0.169,0.036,0,"16","DUSP2"
"BORCS7",0,2.10038837273177,0.19,0.057,0,"16","BORCS7"
"XAB2",0,2.19254844886583,0.167,0.034,0,"16","XAB2"
"YDJC",0,2.0614484258705,0.171,0.039,0,"16","YDJC"
"REPIN1",0,2.86140851903405,0.158,0.027,0,"16","REPIN1"
"PXMP21",0,2.16494569395374,0.165,0.034,0,"16","PXMP2"
"TMEM170A",0,2.7711070768987,0.163,0.033,0,"16","TMEM170A"
"BEND5",0,2.7257203231206,0.158,0.029,0,"16","BEND5"
"RBM7",0,2.70292540717571,0.158,0.029,0,"16","RBM7"
"NME2",0,3.28917563181939,0.145,0.016,0,"16","NME2"
"RBFA",0,2.61220887052134,0.16,0.031,0,"16","RBFA"
"DLL3",0,2.38880209706587,0.157,0.028,0,"16","DLL3"
"UBE2F",0,2.41387000159788,0.164,0.036,0,"16","UBE2F"
"CD3D",0,3.23194474095764,0.149,0.021,0,"16","CD3D"
"CORO1A",0,2.60472039561003,0.177,0.049,0,"16","CORO1A"
"NUP62",0,2.65386206740632,0.159,0.031,0,"16","NUP62"
"MEX3B",0,2.11822464082969,0.161,0.034,0,"16","MEX3B"
"AKT1S1",0,2.7708160439345,0.149,0.024,0,"16","AKT1S1"
"HCG18",0,2.47850666016568,0.156,0.032,0,"16","HCG18"
"SHMT2",0,2.09541483799019,0.164,0.04,0,"16","SHMT2"
"ISG20",0,3.00822900756593,0.17,0.047,0,"16","ISG20"
"HMGB31",0,2.16845604646643,0.152,0.029,0,"16","HMGB3"
"ARHGDIB",0,2.47304273747289,0.192,0.069,0,"16","ARHGDIB"
"RRP9",0,2.35948153841238,0.145,0.023,0,"16","RRP9"
"TOMM5",0,2.69924722205034,0.152,0.03,0,"16","TOMM5"
"EXOSC3",0,2.91197782158649,0.147,0.025,0,"16","EXOSC3"
"TRAPPC2B",0,2.72249433512536,0.153,0.031,0,"16","TRAPPC2B"
"FNIP1",0,2.47913462608172,0.159,0.038,0,"16","FNIP1"
"PTTG11",0,2.44543731227495,0.144,0.023,0,"16","PTTG1"
"SURF2",0,2.04441605095141,0.174,0.053,0,"16","SURF2"
"HCST",0,2.805249738951,0.156,0.036,0,"16","HCST"
"SDHAF2",0,2.45306815683623,0.154,0.036,0,"16","SDHAF2"
"SDHD",0,2.04732789333045,0.165,0.048,0,"16","SDHD"
"NPM3",0,2.38368014842461,0.143,0.026,0,"16","NPM3"
"PIGS",0,2.74400792657411,0.143,0.026,0,"16","PIGS"
"THAP9-AS1",0,2.79002327099955,0.14,0.024,0,"16","THAP9-AS1"
"MRPS17",0,3.14037464564228,0.133,0.017,0,"16","MRPS17"
"HIGD1A",0,2.08474331340786,0.158,0.042,0,"16","HIGD1A"
"ZNF655",0,2.53447884939733,0.153,0.037,0,"16","ZNF655"
"SYNJ2BP",0,2.44727745966731,0.148,0.032,0,"16","SYNJ2BP"
"CD7",0,3.30335367275654,0.135,0.02,0,"16","CD7"
"TRBC2",0,3.23162302120837,0.135,0.021,0,"16","TRBC2"
"GZMK",0,3.73174052739917,0.127,0.013,0,"16","GZMK"
"NOC4L",0,2.22687106648878,0.148,0.034,0,"16","NOC4L"
"LYAR",0,2.27680353833025,0.161,0.048,0,"16","LYAR"
"CKLF",0,2.30053218514237,0.156,0.043,0,"16","CKLF"
"CST7",0,3.83392585047662,0.128,0.015,0,"16","CST7"
"CMBL",0,2.03197307387467,0.147,0.034,0,"16","CMBL"
"THAP5",0,2.53318875501513,0.148,0.035,0,"16","THAP5"
"RBM14",0,2.9620076583305,0.133,0.021,0,"16","RBM14"
"PCLAF1",0,2.4439493845936,0.125,0.013,0,"16","PCLAF"
"SLC39A3",0,2.41221095546236,0.143,0.032,0,"16","SLC39A3"
"MAD2L11",0,2.06919623338814,0.134,0.024,0,"16","MAD2L1"
"MRPL30",0,3.07454336873158,0.128,0.018,0,"16","MRPL30"
"NKG7",0,3.98874071562451,0.123,0.013,0,"16","NKG7"
"ZNF511",0,2.45828559804753,0.146,0.036,0,"16","ZNF511"
"GYPC",0,2.1451216989123,0.171,0.063,0,"16","GYPC"
"LTV1",0,2.25888354524707,0.137,0.03,0,"16","LTV1"
"TRAC",0,2.78839286470836,0.133,0.026,0,"16","TRAC"
"PPAN",0,3.34071215308695,0.119,0.014,0,"16","PPAN"
"PIGBOS1",0,2.70435319531892,0.131,0.028,0,"16","PIGBOS1"
"AC060780.1",0,2.40278382110743,0.131,0.028,0,"16","AC060780.1"
"THAP11",0,2.18894101667877,0.139,0.037,0,"16","THAP11"
"HOXC9",0,3.01549972206772,0.122,0.021,0,"16","HOXC9"
"GABARAP",0,2.14076531433335,0.142,0.041,0,"16","GABARAP"
"RRS1",0,3.07494237939502,0.115,0.015,0,"16","RRS1"
"GTSF11",0,3.32775306479419,0.109,0.009,0,"16","GTSF1"
"NPW1",0,3.0693760343436,0.112,0.012,0,"16","NPW"
"PELO",0,2.49412813451014,0.129,0.03,0,"16","PELO"
"TMED7",0,2.24941742359859,0.129,0.031,0,"16","TMED7"
"RARRES3",0,3.10191958426824,0.133,0.035,0,"16","RARRES3"
"AP002387.2",0,2.13857835756474,0.136,0.038,0,"16","AP002387.2"
"VPS33A",0,2.6578589026975,0.124,0.026,0,"16","VPS33A"
"DDX19B",0,2.75849263992739,0.122,0.024,0,"16","DDX19B"
"TP53I13",0,2.33779537656677,0.127,0.029,0,"16","TP53I13"
"CD3E",0,2.87944389162224,0.117,0.02,0,"16","CD3E"
"PRRT2",0,2.27435792967243,0.131,0.034,0,"16","PRRT2"
"LENG1",0,2.10857836177423,0.128,0.032,0,"16","LENG1"
"ZHX1",0,2.46212404267866,0.124,0.029,0,"16","ZHX1"
"CHERP",0,2.91711417933311,0.113,0.018,0,"16","CHERP"
"ABCF2-ENSG00000033050",0,2.77934274189918,0.114,0.02,0,"16","ABCF2-ENSG00000033050"
"CD69",0,2.40121134705184,0.133,0.039,0,"16","CD69"
"GGPS1",0,2.51094825997298,0.121,0.028,0,"16","GGPS1"
"ZNF664",0,2.51981877973076,0.117,0.024,0,"16","ZNF664"
"TMEM251",0,2.33035558913173,0.121,0.028,0,"16","TMEM251"
"ANKRD39",0,2.85705937531123,0.117,0.025,0,"16","ANKRD39"
"DSCR8",0,2.97252016391537,0.099,0.007,0,"16","DSCR8"
"STARD10",0,2.17498003110609,0.119,0.028,0,"16","STARD10"
"MTAP",0,2.49746927223234,0.109,0.019,0,"16","MTAP"
"ZNF605",0,3.07745945150363,0.106,0.016,0,"16","ZNF605"
"INO80C",0,2.68581657292789,0.109,0.019,0,"16","INO80C"
"TWF2",0,2.17144397351035,0.128,0.039,0,"16","TWF2"
"LINC01089",0,2.65816603927996,0.11,0.021,0,"16","LINC01089"
"PSMD9",0,2.54398631216224,0.113,0.024,0,"16","PSMD9"
"NDUFA7",0,2.45481773712399,0.111,0.022,0,"16","NDUFA7"
"CHML",0,2.75468141258346,0.104,0.016,0,"16","CHML"
"TRBC1",0,2.99479997481752,0.103,0.015,0,"16","TRBC1"
"RAB33A",0,2.33511660487497,0.109,0.022,0,"16","RAB33A"
"SSSCA1",0,2.02466587775969,0.128,0.041,0,"16","SSSCA1"
"HSD11B1L",0,2.21518527712999,0.112,0.025,0,"16","HSD11B1L"
"UNC119",0,2.50063242490225,0.111,0.025,0,"16","UNC119"
"UBE2W",0,2.32753449225676,0.115,0.03,0,"16","UBE2W"
"MAGEA11",0,2.76834456072841,0.095,0.01,0,"16","MAGEA11"
"STX16",0,2.11111264748846,0.12,0.035,0,"16","STX16"
"KTI12",0,3.01285190336884,0.099,0.015,0,"16","KTI12"
"RBMXL1",0,2.92327169082814,0.1,0.016,0,"16","RBMXL1"
"PEX19",0,2.12806864797336,0.11,0.026,0,"16","PEX19"
"AARSD1",0,3.10329193246143,0.096,0.012,0,"16","AARSD1"
"HOXD91",0,2.28426843324333,0.107,0.023,0,"16","HOXD9"
"CDT11",0,2.01210860304824,0.102,0.018,0,"16","CDT1"
"FKBP11",0,3.10118666105506,0.1,0.017,0,"16","FKBP11"
"CU638689.51",0,3.83890965242304,0.089,0.006,0,"16","CU638689.5"
"CD2",0,2.28186010099152,0.108,0.026,0,"16","CD2"
"GEMIN7",0,2.9123157635949,0.097,0.015,0,"16","GEMIN7"
"ISY1",0,2.64273541134339,0.105,0.023,0,"16","ISY1"
"GZMA",0,3.24953733669161,0.092,0.011,0,"16","GZMA"
"RASA4",0,2.58858024528654,0.1,0.02,0,"16","RASA4"
"DDX39B",0,2.6476287329143,0.103,0.024,0,"16","DDX39B"
"CCL4",0,2.41316330500301,0.101,0.023,0,"16","CCL4"
"PYCR2",0,2.25798697740905,0.106,0.028,0,"16","PYCR2"
"FAM50B",0,2.04443484163401,0.107,0.029,0,"16","FAM50B"
"LINC01551",0,4.26509588171621,0.081,0.003,0,"16","LINC01551"
"HOXD11",0,3.12428526852606,0.085,0.007,0,"16","HOXD11"
"RHNO11",0,2.71976505147387,0.095,0.018,0,"16","RHNO1"
"PET117",0,2.40830376583789,0.098,0.021,0,"16","PET117"
"ANKRD13B",0,2.80244143727969,0.09,0.014,0,"16","ANKRD13B"
"ZNF559",0,3.01175504081064,0.089,0.013,0,"16","ZNF559"
"HOXC6",0,2.85376271354647,0.097,0.022,0,"16","HOXC6"
"ZNF576",0,2.81923336426981,0.093,0.018,0,"16","ZNF576"
"SOCS1",0,2.53971284095232,0.096,0.022,0,"16","SOCS1"
"SYS1",0,2.38611461070872,0.1,0.026,0,"16","SYS1"
"RAC2",0,2.65205853329232,0.101,0.028,0,"16","RAC2"
"TLX3",0,4.02671469746348,0.079,0.006,0,"16","TLX3"
"RBM12",0,2.88697537514596,0.09,0.017,0,"16","RBM12"
"SLC5A3",0,2.36384313159381,0.095,0.023,0,"16","SLC5A3"
"GZMM",0,3.41296303852111,0.084,0.012,0,"16","GZMM"
"PINX1-ENSG00000254093",0,2.78029020080135,0.087,0.015,0,"16","PINX1-ENSG00000254093"
"TIMM10B",0,2.39384928091561,0.096,0.025,0,"16","TIMM10B"
"TMEM42",0,2.68217330543791,0.087,0.016,0,"16","TMEM42"
"FEN11",0,2.55647529295995,0.086,0.015,0,"16","FEN1"
"ST20",0,2.61058461768135,0.088,0.017,0,"16","ST20"
"ZSCAN26",0,2.89317710635985,0.085,0.015,0,"16","ZSCAN26"
"KRBOX11",0,3.48296371947666,0.076,0.006,0,"16","KRBOX1"
"MED17",0,2.47594049096315,0.086,0.016,0,"16","MED17"
"MED7",0,2.35329336812181,0.093,0.024,0,"16","MED7"
"LINC00526",0,2.88194365075136,0.081,0.013,0,"16","LINC00526"
"SH2D2A",0,3.15381085353114,0.089,0.021,0,"16","SH2D2A"
"PPP3R1",0,2.44423345710933,0.089,0.022,0,"16","PPP3R1"
"PHOSPHO2",0,2.74398668351941,0.081,0.014,0,"16","PHOSPHO2"
"RNF113A",0,2.20143992598925,0.092,0.025,0,"16","RNF113A"
"CTSW",0,3.46207007719287,0.076,0.009,0,"16","CTSW"
"ZBED1",0,2.64171784276271,0.087,0.02,0,"16","ZBED1"
"CYB561D2",0,2.64558376909759,0.083,0.018,0,"16","CYB561D2"
"C11orf54",0,2.64792255022761,0.08,0.015,0,"16","C11orf54"
"PIGM",0,2.66529009050114,0.077,0.013,0,"16","PIGM"
"RPP21",0,2.30814147462058,0.078,0.014,0,"16","RPP21"
"PEG3",0,2.7696314552503,0.077,0.013,0,"16","PEG3"
"TEX261",0,2.60850954590983,0.08,0.017,0,"16","TEX261"
"FAM122A",0,2.68266410738927,0.081,0.018,0,"16","FAM122A"
"FRAT2",0,2.25553419402759,0.087,0.024,0,"16","FRAT2"
"TGIF2",0,3.06971773633613,0.071,0.008,0,"16","TGIF2"
"TMEM189",0,2.04266111400623,0.086,0.023,0,"16","TMEM189"
"FADD",0,2.34953022310206,0.084,0.022,0,"16","FADD"
"GZMH",0,4.08809675384561,0.067,0.005,0,"16","GZMH"
"AC090152.1",0,2.1491770722542,0.082,0.02,0,"16","AC090152.1"
"SLC35E1",0,2.81653649461633,0.082,0.02,0,"16","SLC35E1"
"FASTKD5",0,3.18510083999798,0.072,0.01,0,"16","FASTKD5"
"ZNF781",0,3.09366736086505,0.07,0.009,0,"16","ZNF781"
"CRYGD1",0,3.89800534758344,0.065,0.004,0,"16","CRYGD"
"RAD51D",0,2.5908372495625,0.077,0.016,0,"16","RAD51D"
"ALOX5AP",0,2.72519521107205,0.086,0.025,0,"16","ALOX5AP"
"PRF1",0,3.45016339849426,0.068,0.008,0,"16","PRF1"
"IL2RG",0,3.27479369460506,0.073,0.013,0,"16","IL2RG"
"LINC02440",0,2.43040806193419,0.071,0.011,0,"16","LINC02440"
"ZNF544",0,3.16165508917067,0.072,0.012,0,"16","ZNF544"
"DNAL4",0,2.39276334297608,0.076,0.016,0,"16","DNAL4"
"PSMA6",0,2.70555372073473,0.073,0.014,0,"16","PSMA6"
"FXN",0,2.73461014177514,0.07,0.012,0,"16","FXN"
"DDX28",0,2.29748910465353,0.07,0.012,0,"16","DDX28"
"RASL11B",0,2.12242342242841,0.068,0.01,0,"16","RASL11B"
"GPR171",0,2.6947800138101,0.074,0.016,0,"16","GPR171"
"TUT1",0,2.79843206480905,0.066,0.009,0,"16","TUT1"
"RTL10",0,3.11940396796256,0.066,0.009,0,"16","RTL10"
"NMU1",0,2.17665950724789,0.066,0.009,0,"16","NMU"
"C1orf50",0,2.46629625105991,0.072,0.015,0,"16","C1orf50"
"CD3G",0,2.1895814346903,0.076,0.019,0,"16","CD3G"
"PCDHA10",0,2.8254055451313,0.067,0.011,0,"16","PCDHA10"
"EEF1G",0,2.35751651242307,0.067,0.011,0,"16","EEF1G"
"U2AF1L4",0,2.57023941690285,0.075,0.019,0,"16","U2AF1L4"
"FDX2",0,2.61348884118616,0.068,0.013,0,"16","FDX2"
"BIVM",0,2.93188010387993,0.065,0.01,0,"16","BIVM"
"FOXG11",0,4.41563369776127,0.057,0.002,0,"16","FOXG1"
"HAGLROS",0,2.26987258933113,0.069,0.016,0,"16","HAGLROS"
"METTL1",0,2.46454371959734,0.063,0.011,0,"16","METTL1"
"ZNF626",0,2.49979603532378,0.064,0.012,0,"16","ZNF626"
"ASPDH",0,2.03505056215749,0.064,0.012,0,"16","ASPDH"
"SHISA21",0,2.87790201718345,0.059,0.007,0,"16","SHISA2"
"NOL12",0,2.25586158539393,0.066,0.015,0,"16","NOL12"
"CD8B",0,2.87629622914449,0.065,0.014,0,"16","CD8B"
"MAGEA4",0,3.68404222171824,0.056,0.005,0,"16","MAGEA4"
"EEF1AKMT4",0,3.28448928404514,0.056,0.006,0,"16","EEF1AKMT4"
"FKBPL",0,2.14937785598458,0.064,0.014,0,"16","FKBPL"
"HSPA14",0,3.1576880937157,0.059,0.009,0,"16","HSPA14"
"METTL18",0,2.22872373007073,0.063,0.014,0,"16","METTL18"
"BLOC1S5",0,2.66309321548188,0.063,0.015,0,"16","BLOC1S5"
"DNAJC14",0,2.28595357349828,0.062,0.014,0,"16","DNAJC14"
"KDM4A",0,2.82306746184757,0.057,0.01,0,"16","KDM4A"
"SLC33A1",0,2.38278058606876,0.057,0.011,0,"16","SLC33A1"
"HAUS3",0,3.09543942470027,0.056,0.011,0,"16","HAUS3"
"ZC3H10",0,3.12495300442306,0.052,0.007,0,"16","ZC3H10"
"AC092279.1",0,2.67657707928288,0.054,0.009,0,"16","AC092279.1"
"ZNF551",0,3.25775405652553,0.049,0.005,0,"16","ZNF551"
"HOXC8",0,2.99855221160553,0.056,0.012,0,"16","HOXC8"
"LIPT1",0,3.25626581570113,0.05,0.008,0,"16","LIPT1"
"SHLD3",0,3.40394624029706,0.047,0.005,0,"16","SHLD3"
"AL590399.1",0,2.12989335417466,0.049,0.007,0,"16","AL590399.1"
"ZNF660",0,3.13995753154898,0.047,0.006,0,"16","ZNF660"
"HPDL1",0,3.72380390876817,0.044,0.003,0,"16","HPDL"
"CCL211",0,2.65761659156496,0.047,0.007,0,"16","CCL21"
"RASL10B1",0,3.75281699150324,0.043,0.003,0,"16","RASL10B"
"ZNF174",0,2.9365266878879,0.046,0.007,0,"16","ZNF174"
"ZNF222",0,3.25613433899623,0.046,0.007,0,"16","ZNF222"
"AC016394.1",0,3.04216703333701,0.044,0.006,0,"16","AC016394.1"
"GZMB",0,3.8393940580213,0.041,0.005,0,"16","GZMB"
"HBQ11",0,2.62132280973552,0.041,0.005,0,"16","HBQ1"
"AC068473.5",0,3.02982591422669,0.041,0.005,0,"16","AC068473.5"
"ZNF571-AS1",0,2.83433967438035,0.042,0.006,0,"16","ZNF571-AS1"
"ZNF419",0,3.1979667233627,0.041,0.005,0,"16","ZNF419"
"HOXD13",0,2.1781401342085,0.041,0.005,0,"16","HOXD13"
"INO80B",0,2.70933066986494,0.043,0.007,0,"16","INO80B"
"ZNF585A",0,3.09408662557716,0.043,0.007,0,"16","ZNF585A"
"SCLY",0,2.97089685019894,0.041,0.006,0,"16","SCLY"
"ZNF8",0,3.08957154537539,0.04,0.005,0,"16","ZNF8"
"RLN2",0,3.00301124264532,0.038,0.003,0,"16","RLN2"
"ZNF670",0,3.31513706446327,0.039,0.005,0,"16","ZNF670"
"CLIC3",0,3.74584391603391,0.039,0.006,0,"16","CLIC3"
"DTD2",0,2.86908371457001,0.038,0.006,0,"16","DTD2"
"ATP2A1-AS11",0,2.13553416252688,0.038,0.006,0,"16","ATP2A1-AS1"
"ZBED3-AS1",0,3.05650933195443,0.032,0.004,0,"16","ZBED3-AS1"
"COG8-ENSG00000272617",0,3.01967896425965,0.031,0.004,0,"16","COG8-ENSG00000272617"
"XCL2",0,3.69167630602794,0.029,0.003,0,"16","XCL2"
"ZNF6951",0,4.03941415833281,0.027,0.002,0,"16","ZNF695"
"AC004597.1",0,2.30164415689916,0.027,0.002,0,"16","AC004597.1"
"TNNI3",0,2.79856141171884,0.027,0.002,0,"16","TNNI3"
"NPY2R",0,3.54956027737086,0.025,0.002,0,"16","NPY2R"
"PCDHA9",0,3.39259224770212,0.026,0.003,0,"16","PCDHA9"
"ZNF443",0,3.47633671405922,0.024,0.002,0,"16","ZNF443"
"EN1",0,2.87294668689893,0.023,0.002,0,"16","EN1"
"MARS2",0,3.57177395201623,0.021,0.002,0,"16","MARS2"
"AL645608.3",0,3.80953083785406,0.018,0.001,0,"16","AL645608.3"
"AC105389.1",0,3.86558205732199,0.018,0.001,0,"16","AC105389.1"
"ZNF280A",0,3.03844463156767,0.018,0.001,0,"16","ZNF280A"
"PPP1R2C",0,4.61286889765021,0.014,0.001,0,"16","PPP1R2C"
"ICAM3",5.58341542595788e-302,2.51015228164963,0.076,0.02,1.82220345841561e-297,"16","ICAM3"
"LINC01816",6.10814818968994e-301,2.56076511345124,0.036,0.006,1.99345524318721e-296,"16","LINC01816"
"PKHD1L11",1.17974283681953e-299,4.13536667568676,0.035,0.005,3.8502087222442e-295,"16","PKHD1L1"
"MPV17L",1.22284114058915e-298,3.0510433554945,0.028,0.004,3.99086434642675e-294,"16","MPV17L"
"MRPL53",5.92366423408459e-297,2.30157186354684,0.047,0.009,1.93324705943585e-292,"16","MRPL53"
"IFT80",1.0000630572577e-295,2.63870970389828,0.056,0.012,3.26380579366623e-291,"16","IFT80"
"PTGR2",3.25793738287184e-294,2.39075009319016,0.046,0.009,1.06326044427405e-289,"16","PTGR2"
"SH2D1A",1.48528095718976e-293,3.39939241832329,0.029,0.004,4.84736293188452e-289,"16","SH2D1A"
"SLC38A5",3.52479940107178e-289,2.17557736639965,0.029,0.004,1.15035353253379e-284,"16","SLC38A5"
"LINC01871",4.96769256091001e-289,2.78555224168807,0.039,0.007,1.62125614417859e-284,"16","LINC01871"
"ELAC1",7.99273912197145e-289,2.40343085982184,0.056,0.013,2.6085103398466e-284,"16","ELAC1"
"CD8A",1.20661171288186e-287,2.71119652751159,0.114,0.04,3.93789798616124e-283,"16","CD8A"
"AC091133.21",4.13091033045459e-287,3.38721616946289,0.014,0.001,1.34816389544716e-282,"16","AC091133.2"
"RBM34",5.43566448490052e-287,2.85116294626587,0.041,0.007,1.77398346129213e-282,"16","RBM34"
"TRIM591",2.29363693292417e-286,2.14511691152149,0.045,0.009,7.48551349429132e-282,"16","TRIM59"
"SLC35A3",3.62264742893729e-285,2.59062104801586,0.061,0.014,1.18228721490797e-280,"16","SLC35A3"
"MMRN11",5.39361207525875e-282,3.07815843556969,0.055,0.012,1.76025923688145e-277,"16","MMRN1"
"EFNA4",3.32093078011751e-279,3.26592695595818,0.026,0.003,1.08381896939915e-274,"16","EFNA4"
"ATXN1L",5.32119590321555e-277,2.62254782658847,0.054,0.012,1.73662549497343e-272,"16","ATXN1L"
"ZBED6CL",2.7815282169314e-275,3.18753703387188,0.022,0.002,9.07779548877732e-271,"16","ZBED6CL"
"IRX31",4.10578382256594e-274,2.0299996056049,0.041,0.008,1.33996360833262e-269,"16","IRX3"
"GSC",9.55369092843657e-272,2.57590132435859,0.021,0.002,3.11794257140456e-267,"16","GSC"
"ZNF548",1.55568804368478e-271,2.8786980401219,0.038,0.007,5.07714349936965e-267,"16","ZNF548"
"ZNF625",2.61808311557508e-271,3.11351180296852,0.029,0.004,8.54437605599083e-267,"16","ZNF625"
"AC019069.1",1.7218376107979e-266,2.20697790499774,0.022,0.003,5.61938922660002e-262,"16","AC019069.1"
"ZNF764",2.09370604517394e-265,2.79887691080047,0.037,0.006,6.83301904902968e-261,"16","ZNF764"
"AC012055.1",1.41589492487669e-264,3.33955363786793,0.018,0.002,4.62091467682757e-260,"16","AC012055.1"
"RBM27",3.03418284557762e-259,2.58003240705257,0.05,0.011,9.90235913482712e-255,"16","RBM27"
"C8orf44",1.91640882389631e-258,2.56400155263206,0.045,0.009,6.25439183766799e-254,"16","C8orf44"
"MATR3-ENSG00000015479",8.206329112077e-256,2.67955741799669,0.052,0.012,2.67821756901745e-251,"16","MATR3-ENSG00000015479"
"NGRN",8.61389833539355e-256,2.21214890471853,0.061,0.016,2.81123186073904e-251,"16","NGRN"
"ZNF747",2.38805287387468e-255,2.62771805955299,0.043,0.009,7.7936493591774e-251,"16","ZNF747"
"DNAJC25",2.23643927223373e-245,2.50988603258602,0.047,0.011,7.29884320886198e-241,"16","DNAJC25"
"PAQR8",5.11079976521734e-242,2.00830409433511,0.065,0.018,1.66796061137633e-237,"16","PAQR8"
"ZFP91",2.36953870235831e-241,2.10526423912701,0.074,0.022,7.73322650901659e-237,"16","ZFP91"
"IFNG",9.43929526237923e-241,3.27017593409191,0.021,0.003,3.08060840183009e-236,"16","IFNG"
"ZNF713",1.90918141871595e-240,3.01231312369973,0.029,0.005,6.23080447812137e-236,"16","ZNF713"
"KCTD7",6.46638261028963e-240,2.60770512639554,0.047,0.011,2.11036862869412e-235,"16","KCTD7"
"PTPRD-AS1",5.37295589969647e-239,2.26873226481582,0.049,0.011,1.75351788742494e-234,"16","PTPRD-AS1"
"ZNF286A",6.11941418662431e-238,2.81769228645635,0.039,0.008,1.99713201394671e-233,"16","ZNF286A"
"C2orf15",9.94383476242119e-238,3.02217153640731,0.022,0.003,3.24526991306378e-233,"16","C2orf15"
"CALB1",3.09987317213266e-237,2.61664610553863,0.041,0.008,1.01167460845721e-232,"16","CALB1"
"EEF1AKMT3",1.03880802831405e-236,2.57383411934501,0.026,0.004,3.39025388120573e-232,"16","EEF1AKMT3"
"KC877982.11",1.60459147361742e-236,2.55285868687433,0.016,0.002,5.2367447332978e-232,"16","KC877982.1"
"AC010931.2",1.72584329281269e-230,2.01269491304791,0.027,0.004,5.6324621704235e-226,"16","AC010931.2"
"MRPS24",2.19847321118191e-229,2.79874296553252,0.025,0.004,7.17493717201327e-225,"16","MRPS24"
"PPT2",2.13112092329312e-225,2.35568175823286,0.047,0.011,6.95512624525944e-221,"16","PPT2"
"ZBTB8B",2.64619674244844e-225,2.879800194903,0.027,0.004,8.63612768865473e-221,"16","ZBTB8B"
"GMFG",3.10250988824748e-222,2.08397512455548,0.135,0.06,1.01253512712845e-217,"16","GMFG"
"VPS33B",5.09259296829279e-222,2.73698946254484,0.034,0.006,1.66201864113204e-217,"16","VPS33B"
"CXCR6",3.08839047065115e-221,2.95228583609101,0.028,0.005,1.00792711400171e-216,"16","CXCR6"
"PSMB10",2.53388717369799e-217,2.21221301432911,0.056,0.015,8.26959418008076e-213,"16","PSMB10"
"PPP1R37",2.33496269486117e-215,2.46581256051559,0.051,0.013,7.62038425094893e-211,"16","PPP1R37"
"HIST1H4J",3.62395239992234e-214,2.39164194746593,0.032,0.006,1.18271310523865e-209,"16","HIST1H4J"
"PRR34-AS1",1.37946644581452e-212,2.07524655234927,0.048,0.012,4.50202669256028e-208,"16","PRR34-AS1"
"SGK494",1.40870459113098e-212,2.61515296369657,0.03,0.005,4.59744830361508e-208,"16","SGK494"
"ZNF17",1.41971373250864e-210,3.06211527981097,0.023,0.003,4.63337773741519e-206,"16","ZNF17"
"ZNF662",2.48714884269455e-209,3.05433690732787,0.022,0.003,8.11705896301794e-205,"16","ZNF662"
"NAA80",1.50467889240883e-205,2.54432780038884,0.035,0.007,4.91067003326544e-201,"16","NAA80"
"S1PR2",1.86895336717484e-205,2.37008251808339,0.032,0.006,6.09951620911181e-201,"16","S1PR2"
"RNF103",4.35468947152409e-205,2.39252436744367,0.06,0.018,1.4211964559266e-200,"16","RNF103"
"TNFRSF18",2.76984379676547e-202,3.55595857971914,0.027,0.005,9.03966221512379e-198,"16","TNFRSF18"
"NPHP3",3.14204488534485e-200,2.21155658101882,0.054,0.015,1.02543776878115e-195,"16","NPHP3"
"P2RX5",3.66002835125584e-199,2.99142813445873,0.022,0.003,1.19448685271586e-194,"16","P2RX5"
"RBM38",8.47977635633008e-197,2.12953808973717,0.077,0.026,2.76745981165189e-192,"16","RBM38"
"C17orf49",9.92610154303102e-197,2.34456240993796,0.035,0.007,3.2394824995836e-192,"16","C17orf49"
"S1PR4",4.85804878000137e-195,2.6226209938972,0.045,0.011,1.58547279984125e-190,"16","S1PR4"
"ZNF816",1.47855562134269e-193,3.01006872418911,0.017,0.002,4.82541412581402e-189,"16","ZNF816"
"RHOV",2.07226834127892e-192,2.60668163675437,0.012,0.001,6.7630549585979e-188,"16","RHOV"
"TMEM56",2.85491414005376e-189,2.13820408071822,0.033,0.007,9.31729778747944e-185,"16","TMEM56"
"PCDHGA10",1.37662967996665e-188,2.93007041613979,0.028,0.005,4.49276862353915e-184,"16","PCDHGA10"
"ZNF506",1.97873719167615e-188,2.15913519182381,0.066,0.021,6.45780669875429e-184,"16","ZNF506"
"AP002360.3",5.92536723920092e-188,3.38316979419693,0.013,0.001,1.93380285218561e-183,"16","AP002360.3"
"BAK1",7.92258907351021e-188,2.05094793136929,0.059,0.018,2.58561617003079e-183,"16","BAK1"
"OMA1",3.43913975343955e-186,2.34051500493445,0.041,0.01,1.12239764993253e-181,"16","OMA1"
"CXCR3",4.17592571363372e-185,2.64066828472038,0.025,0.004,1.3628551159015e-180,"16","CXCR3"
"ANKHD1",4.65081060455903e-182,2.40712299484895,0.038,0.009,1.51783854890388e-177,"16","ANKHD1"
"LAG3",6.26357548587239e-182,3.0039430238201,0.039,0.009,2.04418049556931e-177,"16","LAG3"
"TUBA4A",1.01827689139607e-181,2.75044775875706,0.097,0.04,3.32324846276023e-177,"16","TUBA4A"
"RDH5",1.80790486314394e-180,2.67024469341126,0.025,0.004,5.90027831135657e-176,"16","RDH5"
"AP000251.11",5.00531040065302e-180,2.02134620639131,0.023,0.004,1.63353310235712e-175,"16","AP000251.1"
"TRGC2",2.57225248462861e-175,2.45873617003158,0.04,0.01,8.39480320883393e-171,"16","TRGC2"
"MED26",3.95296540641357e-175,2.87593374770465,0.029,0.006,1.29008979003713e-170,"16","MED26"
"MATK",7.72976171883426e-174,2.80698482919715,0.041,0.011,2.52268503455875e-169,"16","MATK"
"EEF1AKMT2",3.218683957657e-173,2.00491876032911,0.068,0.023,1.05044969642094e-168,"16","EEF1AKMT2"
"RBAK",6.52435170555547e-173,2.72729923926173,0.032,0.007,2.12928742262508e-168,"16","RBAK"
"KLRC2",9.7279669896537e-172,3.56491536600184,0.019,0.003,3.17481930674338e-167,"16","KLRC2"
"UBE2V1",2.10412444833874e-170,2.39025204351679,0.045,0.012,6.8670205495983e-166,"16","UBE2V1"
"CTXN2",2.30939467071929e-170,2.8694847977945,0.034,0.008,7.53694044735947e-166,"16","CTXN2"
"EID3",6.57572920277958e-170,2.73665572852635,0.039,0.01,2.14605498261914e-165,"16","EID3"
"CU638689.41",6.07485498259237e-169,2.69703366731066,0.018,0.003,1.98258967211885e-164,"16","CU638689.4"
"FLCN",1.52310630900837e-166,2.15193628144641,0.055,0.017,4.97080975007973e-162,"16","FLCN"
"HIST1H3H1",6.21229943349683e-165,2.32511891697374,0.019,0.003,2.02744604311603e-160,"16","HIST1H3H"
"DEPDC5",2.05779959992104e-163,2.40015934974206,0.038,0.009,6.71583477430231e-159,"16","DEPDC5"
"SIX3-AS1",3.32292941970481e-162,2.72662791927877,0.025,0.005,1.08447124541486e-157,"16","SIX3-AS1"
"CCDC169",6.47837028222148e-162,2.84514079499434,0.016,0.002,2.1142809253058e-157,"16","CCDC169"
"TATDN2",6.86704333863297e-162,2.61774981990094,0.034,0.008,2.24112826399626e-157,"16","TATDN2"
"TAS2R4",2.83499767684249e-161,3.087233448088,0.014,0.002,9.25229841814314e-157,"16","TAS2R4"
"ZNF772",5.78683530255578e-160,2.78506174027123,0.018,0.003,1.8885915693421e-155,"16","ZNF772"
"ZNF285",9.34875387272556e-160,3.74453142441491,0.012,0.001,3.05105931390272e-155,"16","ZNF285"
"LINC00239",1.48583287791836e-158,3.90270575267872,0.012,0.001,4.84916418037435e-154,"16","LINC00239"
"DKK1",4.12970336935943e-158,3.55441281586304,0.022,0.004,1.34776999162414e-153,"16","DKK1"
"AC107886.1",3.84106872375635e-154,2.09905155557021,0.017,0.002,1.25357118868512e-149,"16","AC107886.1"
"SLC25A51",5.33914147199592e-154,2.61082565612165,0.031,0.007,1.74248221080059e-149,"16","SLC25A51"
"SND1-IT1",3.12157412897978e-152,2.5245151619579,0.031,0.007,1.01875693273384e-147,"16","SND1-IT1"
"EBLN2",7.12759088919967e-151,2.90029474333411,0.021,0.004,2.32616056259921e-146,"16","EBLN2"
"GNLY",1.13994614594791e-148,2.88133842043376,0.029,0.007,3.72032824191561e-144,"16","GNLY"
"CYB5RL",6.11278976359167e-147,2.7853318396498,0.025,0.005,1.99497006724578e-142,"16","CYB5RL"
"PDCD1",2.61952727238258e-146,3.01750641170332,0.02,0.004,8.54908920614778e-142,"16","PDCD1"
"ZNF700",8.75698504179456e-145,2.63641804128561,0.021,0.004,2.85792963824007e-140,"16","ZNF700"
"ZNF799",4.55125154730554e-144,2.85740683632211,0.018,0.003,1.48534645497864e-139,"16","ZNF799"
"AC005838.2",6.83080319717798e-144,2.61767160639197,0.031,0.008,2.22930093143101e-139,"16","AC005838.2"
"MINDY4",9.86542046453649e-142,2.49497657553675,0.022,0.004,3.21967862280613e-137,"16","MINDY4"
"CD27",1.29996577175772e-140,2.26380639590419,0.055,0.019,4.24256829270848e-136,"16","CD27"
"BLOC1S3",3.07606890514236e-140,2.56610301761254,0.02,0.004,1.00390584788226e-135,"16","BLOC1S3"
"ZNF468",2.88487214347602e-139,2.78468239926284,0.02,0.004,9.41506872744832e-135,"16","ZNF468"
"AL031708.1",1.69341013697198e-136,3.02325869276278,0.015,0.002,5.52661332302176e-132,"16","AL031708.1"
"TRDC",1.40097875130265e-134,2.71013656186295,0.019,0.003,4.57223425275132e-130,"16","TRDC"
"BOLA2-SMG1P6",1.4500755792465e-133,2.78976649953893,0.016,0.002,4.73246666042888e-129,"16","BOLA2-SMG1P6"
"METRNL",1.6586757065773e-133,2.27611310361694,0.12,0.061,5.41325403598567e-129,"16","METRNL"
"HOXD4",7.07846153595182e-133,2.90650895686677,0.013,0.002,2.31012670687324e-128,"16","HOXD4"
"BX005019.1",2.6094814415081e-132,3.0058435704585,0.018,0.003,8.51630363250585e-128,"16","BX005019.1"
"SENP3",8.57696484054563e-132,2.4261667166517,0.03,0.007,2.79917824536047e-127,"16","SENP3"
"SCHIP1",1.6496054887845e-129,2.40123168342896,0.022,0.005,5.38365247319709e-125,"16","SCHIP1"
"CENPS",1.60887133575394e-128,2.34976669014489,0.032,0.008,5.25071249136655e-124,"16","CENPS"
"APOBEC3G",2.24282059688767e-128,2.34384442529334,0.07,0.028,7.3196693000026e-124,"16","APOBEC3G"
"MRPL38",4.41011359023051e-128,2.08218814809612,0.024,0.005,1.43928467130763e-123,"16","MRPL38"
"TTC4",1.84216822328855e-127,2.38958851216388,0.029,0.007,6.01210021352452e-123,"16","TTC4"
"PAGR1",2.85199372067528e-126,2.71799872307548,0.019,0.004,9.30776670679583e-122,"16","PAGR1"
"CU634019.61",2.97140877868145e-126,2.84370288047011,0.013,0.002,9.69748969010479e-122,"16","CU634019.6"
"CLDND2",1.18430067756104e-124,2.32782004593141,0.02,0.004,3.86508369128821e-120,"16","CLDND2"
"AC073896.3",1.26572164367917e-122,2.7074756299699,0.013,0.002,4.13080915631135e-118,"16","AC073896.3"
"AC243960.1",1.90023247469656e-122,3.29296792546096,0.019,0.004,6.20159870441968e-118,"16","AC243960.1"
"FDXACB1",2.44445741696097e-122,2.87490610887796,0.016,0.003,7.97773122599382e-118,"16","FDXACB1"
"TBX11",1.20591050835064e-121,3.24911974241827,0.029,0.007,3.93560953505314e-117,"16","TBX1"
"AC025283.2",2.80694184197213e-121,3.0664197189127,0.012,0.002,9.16073539546024e-117,"16","AC025283.2"
"PTGES3L",6.53545969359332e-121,2.46776887551092,0.018,0.003,2.13291262560112e-116,"16","PTGES3L"
"PCDHGB6",6.52437437275398e-119,2.66639054263558,0.019,0.004,2.12929482029199e-114,"16","PCDHGB6"
"FPGT",8.75148300926132e-118,2.44072375070938,0.029,0.007,2.85613399490253e-113,"16","FPGT"
"CCDC144A",1.10763786412229e-117,2.3292488897656,0.035,0.01,3.6148869333495e-113,"16","CCDC144A"
"BOLA2B",4.57784845648446e-117,2.30351979666501,0.025,0.006,1.49402662225827e-112,"16","BOLA2B"
"PCDHGA6",2.03183274973386e-115,2.94579704211518,0.018,0.003,6.63108936203143e-111,"16","PCDHGA6"
"ZNF709",2.2578685942484e-114,3.09621035393135,0.011,0.001,7.36877994418907e-110,"16","ZNF709"
"POLR2J3",6.54513112902247e-114,2.56028245683295,0.018,0.004,2.13606899526777e-109,"16","POLR2J3"
"ZNF653",3.54093138108987e-113,2.67380531609793,0.02,0.004,1.15561836553249e-108,"16","ZNF653"
"PDPN1",4.75299164048769e-113,3.01764229779004,0.036,0.011,1.55118635178956e-108,"16","PDPN"
"SLA2",1.51504783955697e-112,2.31093684221786,0.047,0.017,4.94451012917811e-108,"16","SLA2"
"MDP1",5.41936529566673e-111,2.05007095403457,0.036,0.011,1.76866405789379e-106,"16","MDP1"
"CTLA4",4.56177322921402e-110,2.46216027133897,0.025,0.006,1.48878031108629e-105,"16","CTLA4"
"AC015813.1",3.72099775178999e-109,2.37992256408708,0.02,0.004,1.21438482627418e-104,"16","AC015813.1"
"ZNF223",4.85465766524154e-109,2.66945723510213,0.015,0.003,1.58436607562823e-104,"16","ZNF223"
"LIN37",7.98217168144737e-109,2.84615541466333,0.013,0.002,2.60506154995716e-104,"16","LIN37"
"GBP5",7.03355246168737e-108,2.30645245440838,0.032,0.009,2.29547018139629e-103,"16","GBP5"
"ARHGEF35",2.88973756612096e-105,2.22831964867294,0.019,0.004,9.43094752079235e-101,"16","ARHGEF35"
"RPL191",0,2.34891964773901,0.802,0.284,0,"17","RPL19"
"RPL151",0,2.26342208915676,0.819,0.309,0,"17","RPL15"
"RPL131",0,2.26289423399976,0.828,0.324,0,"17","RPL13"
"RPS231",0,2.26103504020076,0.765,0.266,0,"17","RPS23"
"RPL81",0,2.2169739240569,0.776,0.281,0,"17","RPL8"
"RPS151",0,2.2563403312695,0.775,0.283,0,"17","RPS15"
"RPL291",0,2.38925072358004,0.724,0.234,0,"17","RPL29"
"RPL321",0,2.41219669962187,0.718,0.229,0,"17","RPL32"
"RPL411",0,2.08711655822193,0.816,0.329,0,"17","RPL41"
"RPL381",0,2.54325750165806,0.731,0.245,0,"17","RPL38"
"EEF1A11",0,2.25376265856455,0.816,0.331,0,"17","EEF1A1"
"RPS191",0,2.31427244350612,0.78,0.296,0,"17","RPS19"
"RPS81",0,2.3704559535098,0.765,0.283,0,"17","RPS8"
"RPS27A1",0,2.23132488693336,0.788,0.306,0,"17","RPS27A"
"RPL27A1",0,2.49866454029986,0.736,0.26,0,"17","RPL27A"
"RPL71",0,2.68922304500523,0.733,0.258,0,"17","RPL7"
"RPS31",0,2.22738277590929,0.77,0.296,0,"17","RPS3"
"RPS4X1",0,2.2561784712873,0.734,0.261,0,"17","RPS4X"
"RPS111",0,2.5166695504572,0.714,0.243,0,"17","RPS11"
"RPL101",0,2.09994008573856,0.814,0.345,0,"17","RPL10"
"RPL35A1",0,2.30577226612415,0.706,0.238,0,"17","RPL35A"
"RPL13A1",0,2.68171208772576,0.733,0.265,0,"17","RPL13A"
"RPLP11",0,2.01615432162373,0.731,0.268,0,"17","RPLP1"
"RPL361",0,2.21575413152777,0.685,0.224,0,"17","RPL36"
"RPS22",0,2.37171839114153,0.783,0.322,0,"17","RPS2"
"RPS241",0,2.30220509766079,0.738,0.278,0,"17","RPS24"
"RPL271",0,2.54324191553125,0.695,0.235,0,"17","RPL27"
"RPS141",0,2.32840154963601,0.711,0.253,0,"17","RPS14"
"RPL61",0,2.45080212315875,0.737,0.279,0,"17","RPL6"
"RPL37A1",0,2.47384002829309,0.767,0.31,0,"17","RPL37A"
"RPS61",0,2.49343381241202,0.711,0.255,0,"17","RPS6"
"RPL341",0,2.31039306512175,0.695,0.24,0,"17","RPL34"
"RPL141",0,2.27486899197424,0.741,0.287,0,"17","RPL14"
"RPS91",0,2.05005424938756,0.744,0.29,0,"17","RPS9"
"RPL301",0,2.14640464081617,0.731,0.277,0,"17","RPL30"
"RPS181",0,2.29143387340307,0.705,0.254,0,"17","RPS18"
"RPS161",0,2.41059795763731,0.687,0.241,0,"17","RPS16"
"RPL351",0,2.24652829284981,0.677,0.233,0,"17","RPL35"
"RPL111",0,2.13866222619169,0.782,0.34,0,"17","RPL11"
"RPS121",0,2.25961869352841,0.656,0.217,0,"17","RPS12"
"RPL33",0,2.14110220129893,0.747,0.308,0,"17","RPL3"
"RPL23A1",0,2.48705527374645,0.702,0.264,0,"17","RPL23A"
"RPS51",0,2.43841690155324,0.657,0.22,0,"17","RPS5"
"RPLP01",0,2.41600134735554,0.716,0.284,0,"17","RPLP0"
"UBA521",0,2.32655373923286,0.636,0.21,0,"17","UBA52"
"RPL7A1",0,2.03625744027585,0.667,0.242,0,"17","RPL7A"
"RPL42",0,2.54511227887365,0.675,0.25,0,"17","RPL4"
"RPL231",0,2.55449998579951,0.674,0.254,0,"17","RPL23"
"RPLP21",0,2.41474774533885,0.71,0.291,0,"17","RPLP2"
"RPL10A1",0,2.33185579911751,0.692,0.275,0,"17","RPL10A"
"RPS271",0,2.09789018687198,0.643,0.228,0,"17","RPS27"
"RPS71",0,2.20427931666089,0.681,0.268,0,"17","RPS7"
"EEF21",0,2.31406275932837,0.731,0.318,0,"17","EEF2"
"RPS201",0,2.7626590770195,0.602,0.192,0,"17","RPS20"
"RPS131",0,2.20167125980182,0.605,0.203,0,"17","RPS13"
"RACK11",0,2.23734025424031,0.694,0.293,0,"17","RACK1"
"RPL181",0,2.13742662931537,0.635,0.236,0,"17","RPL18"
"RPSA1",0,2.3544584144283,0.667,0.275,0,"17","RPSA"
"RPL211",0,2.3810262994329,0.619,0.239,0,"17","RPL21"
"NACA1",0,2.06190346265514,0.639,0.261,0,"17","NACA"
"RPL51",0,2.18184477826136,0.682,0.308,0,"17","RPL5"
"RPS251",0,2.14471425697624,0.585,0.217,0,"17","RPS25"
"RPS15A1",0,2.21242980039139,0.567,0.199,0,"17","RPS15A"
"RPS291",0,2.08732732454397,0.582,0.227,0,"17","RPS29"
"UQCRB",0,2.07503358010298,0.549,0.204,0,"17","UQCRB"
"EEF1B21",0,2.18491538682234,0.555,0.211,0,"17","EEF1B2"
"BTF31",0,2.09083307129648,0.56,0.221,0,"17","BTF3"
"SLC25A61",0,2.17166851936122,0.573,0.234,0,"17","SLC25A6"
"RPL371",0,2.04863545009778,0.61,0.275,0,"17","RPL37"
"YBX11",0,2.04871676560144,0.596,0.263,0,"17","YBX1"
"COX7C1",0,2.00142506609006,0.543,0.215,0,"17","COX7C"
"RPS3A1",0,2.31041829367063,0.519,0.197,0,"17","RPS3A"
"HNRNPA11",0,2.04658634272069,0.593,0.275,0,"17","HNRNPA1"
"RPL311",0,2.51801086083508,0.606,0.289,0,"17","RPL31"
"APOO",0,3.1530625102719,0.467,0.158,0,"17","APOO"
"RPL221",0,2.08357152059543,0.52,0.227,0,"17","RPL22"
"RPL121",0,2.06185234237845,0.478,0.19,0,"17","RPL12"
"LDHB1",0,2.09977200584675,0.473,0.193,0,"17","LDHB"
"RPL391",0,2.12117946698994,0.405,0.155,0,"17","RPL39"
"BAIAP2L1",0,3.1286235308345,0.362,0.112,0,"17","BAIAP2L1"
"RPS171",0,2.71467066628538,0.336,0.09,0,"17","RPS17"
"TXNRD1",0,2.45279740592474,0.509,0.266,0,"17","TXNRD1"
"RPL18A1",0,2.30484578136617,0.39,0.154,0,"17","RPL18A"
"SNRPD21",0,2.16152096618845,0.357,0.127,0,"17","SNRPD2"
"OOEP",0,3.46909552329668,0.299,0.071,0,"17","OOEP"
"RPL91",0,2.24171729068961,0.387,0.168,0,"17","RPL9"
"RPL261",0,2.1660618412667,0.361,0.144,0,"17","RPL26"
"NOP531",0,2.0176771052532,0.328,0.125,0,"17","NOP53"
"RPS101",0,2.21776394803379,0.321,0.12,0,"17","RPS10"
"PLEKHA7",0,2.47970326073964,0.354,0.158,0,"17","PLEKHA7"
"RPL36A1",0,2.31915924705401,0.285,0.1,0,"17","RPL36A"
"TOMM221",0,2.03938056535238,0.287,0.106,0,"17","TOMM22"
"MAMDC2",0,2.07524548551806,0.309,0.149,0,"17","MAMDC2"
"ZNF90",0,2.69354932226242,0.21,0.068,0,"17","ZNF90"
"RPL171",0,2.39764578754761,0.196,0.059,0,"17","RPL17"
"TMSB15A2",0,2.21057114680181,0.168,0.047,0,"17","TMSB15A"
"NME12",0,2.01216979325498,0.196,0.078,0,"17","NME1"
"PTRHD11",0,2.07901423381241,0.165,0.056,0,"17","PTRHD1"
"AC011468.3",0,3.27340192979308,0.108,0.019,0,"17","AC011468.3"
"AC024230.1",0,2.54793829284192,0.126,0.043,0,"17","AC024230.1"
"HNRNPA1P48",0,2.00917621786866,0.115,0.037,0,"17","HNRNPA1P48"
"AL136454.1",0,2.72154681025845,0.091,0.027,0,"17","AL136454.1"
"NACA2",0,3.04098675824036,0.078,0.018,0,"17","NACA2"
"ZNF5811",0,2.06164142838502,0.072,0.019,0,"17","ZNF581"
"NME21",0,2.11264740857906,0.061,0.016,0,"17","NME2"
"HBB",0,2.55642072803608,0.057,0.015,0,"17","HBB"
"EEF1G1",0,2.40324069065144,0.049,0.01,0,"17","EEF1G"
"HBA2",0,2.91244774066523,0.048,0.011,0,"17","HBA2"
"NPW2",0,2.33949924658895,0.047,0.012,0,"17","NPW"
"CRYGD2",0,2.84064025332967,0.027,0.004,0,"17","CRYGD"
"CU638689.52",0,2.00014528880275,0.03,0.007,0,"17","CU638689.5"
"HBA1",0,2.95008212222128,0.027,0.006,0,"17","HBA1"
"PAGE5",2.90537909373359e-281,2.10082540108997,0.043,0.014,9.48199521030893e-277,"17","PAGE5"
"RASL10B2",3.20082418178648e-280,2.21106117386391,0.018,0.003,1.04462097996784e-275,"17","RASL10B"
"ARL14EPL",2.03734067798516e-275,2.72568240189735,0.028,0.007,6.64906503667237e-271,"17","ARL14EPL"
"HBQ12",1.0001930464175e-270,2.03071812792988,0.021,0.005,3.26423002628816e-266,"17","HBQ1"
"FOXG12",1.80066356570986e-270,2.10829308834786,0.016,0.003,5.87664561305071e-266,"17","FOXG1"
"AC099786.3",2.8991352729691e-234,2.28626656062985,0.024,0.006,9.46161787686196e-230,"17","AC099786.3"
"AL138686.1",6.99869971870175e-234,2.18184952195649,0.055,0.023,2.2840956401955e-229,"17","AL138686.1"
"RLN21",1.76522547521184e-211,2.01784518831831,0.015,0.003,5.76098986090136e-207,"17","RLN2"
"CTAG2",1.23858593551014e-199,2.16941329517716,0.033,0.011,4.04224905913089e-195,"17","CTAG2"
"KISS1",2.32883213605525e-194,2.15147231519593,0.023,0.007,7.60037655922992e-190,"17","KISS1"
"UQCRHL",2.44852812294817e-178,2.03453395251007,0.044,0.018,7.99101638205364e-174,"17","UQCRHL"
"AC004556.1",1.10951325967878e-177,2.13687463197831,0.013,0.002,3.62100747428767e-173,"17","AC004556.1"
"AC099786.1",1.15267244617244e-132,2.0874612728519,0.016,0.004,3.76186179532839e-128,"17","AC099786.1"
"AC010528.1",2.45838903592307e-110,2.15676931050038,0.023,0.009,8.02319845763853e-106,"17","AC010528.1"
"HLA-DRA",0,5.09497226024663,0.86,0.085,0,"18","HLA-DRA"
"SRGN",0,3.90184349420719,0.89,0.115,0,"18","SRGN"
"LYZ",0,7.25851768242516,0.789,0.017,0,"18","LYZ"
"CD74",0,4.28874632729124,0.877,0.133,0,"18","CD74"
"CTSS",0,4.95754686307996,0.795,0.067,0,"18","CTSS"
"LAPTM5",0,4.06601522484448,0.783,0.065,0,"18","LAPTM5"
"HLA-DRB1",0,4.84194478441674,0.794,0.077,0,"18","HLA-DRB1"
"SAT11",0,3.25292686585752,0.904,0.192,0,"18","SAT1"
"HLA-DPA1",0,5.17559610037456,0.749,0.061,0,"18","HLA-DPA1"
"TYROBP",0,5.63994427521961,0.707,0.022,0,"18","TYROBP"
"PTPRC",0,2.24150517867001,0.774,0.098,0,"18","PTPRC"
"HLA-DPB1",0,4.97451080420597,0.736,0.064,0,"18","HLA-DPB1"
"HLA-B",0,2.54986128957487,0.868,0.226,0,"18","HLA-B"
"HLA-DQB1",0,4.67824330298486,0.686,0.045,0,"18","HLA-DQB1"
"ITGB2",0,4.7933965426347,0.662,0.03,0,"18","ITGB2"
"CD68",0,5.56531350878833,0.637,0.023,0,"18","CD68"
"FCER1G",0,5.70502936215314,0.631,0.018,0,"18","FCER1G"
"CD14",0,5.16911755059993,0.633,0.026,0,"18","CD14"
"FGL2",0,4.20690281976138,0.636,0.035,0,"18","FGL2"
"PLAUR",0,4.72875323697685,0.636,0.04,0,"18","PLAUR"
"GRN",0,4.33649100373047,0.736,0.144,0,"18","GRN"
"HLA-DQA1",0,4.71502593312065,0.629,0.038,0,"18","HLA-DQA1"
"MS4A6A",0,4.09796987846893,0.618,0.029,0,"18","MS4A6A"
"CPVL",0,3.40164853343405,0.671,0.084,0,"18","CPVL"
"NPC2",0,4.46208483813833,0.666,0.08,0,"18","NPC2"
"CYBA",0,4.11649915230853,0.67,0.085,0,"18","CYBA"
"CTSZ",0,4.36860022427989,0.643,0.059,0,"18","CTSZ"
"FTL",0,4.86203556209955,0.869,0.288,0,"18","FTL"
"HLA-E2",0,2.0840265185526,0.745,0.169,0,"18","HLA-E"
"CD53",0,3.19066162868117,0.622,0.052,0,"18","CD53"
"FTH1",0,3.63951703034173,0.887,0.319,0,"18","FTH1"
"CLEC7A",0,4.25218716633001,0.591,0.024,0,"18","CLEC7A"
"AC020656.1",0,6.87734278818355,0.579,0.012,0,"18","AC020656.1"
"TBXAS1",0,3.42287031637614,0.629,0.063,0,"18","TBXAS1"
"SAMSN1",0,3.60011267124128,0.626,0.06,0,"18","SAMSN1"
"CST3",0,3.88479024552122,0.755,0.19,0,"18","CST3"
"CTSB",0,3.59571313080422,0.768,0.205,0,"18","CTSB"
"AIF1",0,5.9041481533598,0.573,0.013,0,"18","AIF1"
"TNFRSF1B",0,3.41324844257658,0.623,0.066,0,"18","TNFRSF1B"
"TYMP",0,4.08501662977724,0.627,0.073,0,"18","TYMP"
"AOAH",0,2.66099923879299,0.626,0.076,0,"18","AOAH"
"C1QA",0,5.1612231254091,0.574,0.024,0,"18","C1QA"
"CTSH",0,4.32947631843618,0.594,0.05,0,"18","CTSH"
"S100A111",0,4.57793284951373,0.604,0.064,0,"18","S100A11"
"FCGRT",0,3.7583476191043,0.627,0.09,0,"18","FCGRT"
"LST1",0,5.37483370905527,0.552,0.016,0,"18","LST1"
"HLA-DMB",0,4.33822332223535,0.565,0.029,0,"18","HLA-DMB"
"HLA-DRB5",0,4.55491614615647,0.574,0.044,0,"18","HLA-DRB5"
"COTL1",0,3.37949079676336,0.609,0.081,0,"18","COTL1"
"CD86",0,3.97678256975163,0.551,0.024,0,"18","CD86"
"HLA-C",0,2.16777123876468,0.737,0.211,0,"18","HLA-C"
"LYN",0,3.35635309537719,0.601,0.075,0,"18","LYN"
"CSF1R",0,4.24730193090242,0.546,0.024,0,"18","CSF1R"
"HLA-A",0,2.06779813460424,0.807,0.286,0,"18","HLA-A"
"C1QB",0,5.22774959916684,0.539,0.023,0,"18","C1QB"
"CEBPB",0,3.46209894940143,0.592,0.077,0,"18","CEBPB"
"FCGR2A",0,4.00975257223545,0.538,0.026,0,"18","FCGR2A"
"ITGAX",0,4.15234698120732,0.526,0.022,0,"18","ITGAX"
"PSAP",0,3.34167633034346,0.875,0.374,0,"18","PSAP"
"CTSC",0,3.30630461539689,0.577,0.078,0,"18","CTSC"
"B2M",0,2.59734710116438,0.938,0.442,0,"18","B2M"
"CEBPD",0,2.79493190629143,0.591,0.097,0,"18","CEBPD"
"SERPINA1",0,6.80154888493123,0.5,0.007,0,"18","SERPINA1"
"C5AR1",0,4.21505974842487,0.527,0.034,0,"18","C5AR1"
"GPR183",0,3.86880070224568,0.529,0.037,0,"18","GPR183"
"NAMPT",0,3.23595836225165,0.713,0.221,0,"18","NAMPT"
"SPI1",0,4.80896480717411,0.513,0.021,0,"18","SPI1"
"RBM471",0,2.3043348677351,0.556,0.074,0,"18","RBM47"
"TGFBI",0,2.86114618919203,0.541,0.059,0,"18","TGFBI"
"FYB1",0,2.47714448354402,0.545,0.064,0,"18","FYB1"
"VAMP8",0,4.46511255818573,0.511,0.031,0,"18","VAMP8"
"C1QC",0,5.20343056161442,0.498,0.019,0,"18","C1QC"
"SLC11A1",0,5.63273278062471,0.492,0.015,0,"18","SLC11A1"
"CSF2RA",0,3.67189545225538,0.499,0.028,0,"18","CSF2RA"
"PLSCR1",0,2.22454333174591,0.584,0.116,0,"18","PLSCR1"
"LCP1",0,2.84899431985012,0.546,0.079,0,"18","LCP1"
"THEMIS2",0,3.73947933123775,0.493,0.028,0,"18","THEMIS2"
"GLUL",0,3.04784712179523,0.631,0.166,0,"18","GLUL"
"APOE1",0,4.0698159242431,0.541,0.077,0,"18","APOE"
"CXCL16",0,4.81221246298627,0.482,0.02,0,"18","CXCL16"
"MGAT1",0,2.87014447762832,0.566,0.106,0,"18","MGAT1"
"RPS92",0,2.1093938826332,0.76,0.301,0,"18","RPS9"
"ASAH1",0,3.05065709438373,0.686,0.231,0,"18","ASAH1"
"ARHGDIB1",0,2.73578142229753,0.516,0.061,0,"18","ARHGDIB"
"DUSP1",0,2.00816175683726,0.701,0.247,0,"18","DUSP1"
"HCLS1",0,3.01995634336695,0.494,0.044,0,"18","HCLS1"
"VSIR",0,3.52749123916124,0.493,0.044,0,"18","VSIR"
"BST22",0,2.57465785889296,0.519,0.07,0,"18","BST2"
"LITAF",0,2.44364850806376,0.596,0.148,0,"18","LITAF"
"LY86",0,3.88397877106507,0.466,0.021,0,"18","LY86"
"MYO1F",0,3.38344303334849,0.497,0.052,0,"18","MYO1F"
"RGS1",0,3.00153475076121,0.492,0.048,0,"18","RGS1"
"CD4",0,3.64552315360726,0.476,0.032,0,"18","CD4"
"MS4A4A",0,4.08540607722686,0.461,0.02,0,"18","MS4A4A"
"TMSB4X",0,2.69574652427619,0.837,0.396,0,"18","TMSB4X"
"SH3BGRL",0,2.20575028998771,0.569,0.131,0,"18","SH3BGRL"
"CMTM6",0,2.67596919424366,0.552,0.115,0,"18","CMTM6"
"C1orf162",0,4.9060294452331,0.458,0.021,0,"18","C1orf162"
"SDCBP",0,2.42893501033768,0.629,0.192,0,"18","SDCBP"
"CD37",0,2.96595732225163,0.475,0.038,0,"18","CD37"
"MSR1",0,2.91609651640465,0.478,0.043,0,"18","MSR1"
"METRNL1",0,3.47272910100819,0.487,0.052,0,"18","METRNL"
"KYNU",0,4.3061016806027,0.464,0.03,0,"18","KYNU"
"HLA-DMA",0,4.81778908306002,0.466,0.033,0,"18","HLA-DMA"
"HCST1",0,3.62929984531902,0.461,0.028,0,"18","HCST"
"APOC1",0,5.68209473068849,0.459,0.026,0,"18","APOC1"
"ARPC1B",0,2.75582287056661,0.536,0.106,0,"18","ARPC1B"
"CSF3R",0,5.20043879358801,0.445,0.015,0,"18","CSF3R"
"DOCK8",0,2.26286410524431,0.525,0.096,0,"18","DOCK8"
"MPEG1",0,4.36617367505322,0.447,0.018,0,"18","MPEG1"
"RGS10",0,3.41026564601706,0.49,0.061,0,"18","RGS10"
"CD83",0,3.23172855095771,0.48,0.053,0,"18","CD83"
"RAB20",0,2.58220722526841,0.474,0.05,0,"18","RAB20"
"TPT11",0,2.4995470000083,0.69,0.267,0,"18","TPT1"
"MNDA",0,5.62196358075534,0.431,0.009,0,"18","MNDA"
"SGK1",0,2.59864536201664,0.557,0.138,0,"18","SGK1"
"MS4A7",0,4.72099878122244,0.428,0.009,0,"18","MS4A7"
"IFNGR1",0,2.39505682219764,0.567,0.15,0,"18","IFNGR1"
"DOCK2",0,2.47049482550966,0.509,0.093,0,"18","DOCK2"
"TPP1",0,2.99761703009199,0.507,0.093,0,"18","TPP1"
"C3AR1",0,4.65417351143898,0.428,0.014,0,"18","C3AR1"
"TSPO",0,3.95174374336709,0.474,0.06,0,"18","TSPO"
"RILPL2",0,3.23607322646862,0.467,0.055,0,"18","RILPL2"
"TNFSF13B",0,3.1810077641246,0.467,0.055,0,"18","TNFSF13B"
"SLA",0,3.1883497685195,0.454,0.043,0,"18","SLA"
"RAB31",0,2.50764731429498,0.527,0.117,0,"18","RAB31"
"IL18",0,2.72656170654972,0.455,0.046,0,"18","IL18"
"GNAI2",0,2.34878914884008,0.581,0.174,0,"18","GNAI2"
"GMFG1",0,2.92386780408218,0.458,0.052,0,"18","GMFG"
"PYCARD",0,4.72512332782707,0.421,0.019,0,"18","PYCARD"
"RNASET2",0,4.43143608417543,0.44,0.039,0,"18","RNASET2"
"MAFB",0,3.56957694294656,0.447,0.046,0,"18","MAFB"
"SH3BGRL31",0,3.35798924037579,0.521,0.122,0,"18","SH3BGRL3"
"IGSF6",0,4.36235486317058,0.433,0.035,0,"18","IGSF6"
"OLR1",0,5.31537855572356,0.408,0.01,0,"18","OLR1"
"EMP3",0,3.33194760271592,0.447,0.05,0,"18","EMP3"
"HCK",0,4.4574618105824,0.416,0.019,0,"18","HCK"
"CFD1",0,3.51283237272111,0.422,0.025,0,"18","CFD"
"GLIPR1",0,3.09883662482357,0.443,0.047,0,"18","GLIPR1"
"CAPG",0,5.49520441291766,0.413,0.017,0,"18","CAPG"
"EMILIN2",0,4.00970998853839,0.423,0.027,0,"18","EMILIN2"
"ARRB2",0,2.74011565750459,0.494,0.099,0,"18","ARRB2"
"PPT1",0,2.74290684666193,0.532,0.138,0,"18","PPT1"
"SLC2A32",0,2.15074884331991,0.548,0.156,0,"18","SLC2A3"
"CREG1",0,3.40333905713641,0.457,0.067,0,"18","CREG1"
"ACTB",0,2.38364169221586,0.774,0.384,0,"18","ACTB"
"FPR1",0,3.99344352277522,0.408,0.018,0,"18","FPR1"
"FXYD5",0,2.80166859126171,0.445,0.056,0,"18","FXYD5"
"HAVCR2",0,2.80740322130451,0.457,0.069,0,"18","HAVCR2"
"EFHD2",0,3.32317899288648,0.445,0.059,0,"18","EFHD2"
"CSTB",0,3.96732038073501,0.51,0.124,0,"18","CSTB"
"PILRA",0,2.95881917064784,0.467,0.082,0,"18","PILRA"
"LY96",0,3.67498591681254,0.415,0.03,0,"18","LY96"
"PLEK",0,4.25123218754544,0.4,0.016,0,"18","PLEK"
"CD63",0,2.75536722750058,0.607,0.223,0,"18","CD63"
"PFN11",0,2.43913721233204,0.547,0.163,0,"18","PFN1"
"ADA2",0,3.53617938296288,0.427,0.044,0,"18","ADA2"
"CD163",0,3.43155025491739,0.402,0.02,0,"18","CD163"
"S100A101",0,2.75192477238241,0.451,0.07,0,"18","S100A10"
"CD300A",0,4.18918075108104,0.396,0.015,0,"18","CD300A"
"NCF2",0,5.04383034502678,0.393,0.013,0,"18","NCF2"
"NCKAP1L",0,3.0311400488613,0.411,0.031,0,"18","NCKAP1L"
"LGALS1",0,3.05868388326321,0.472,0.092,0,"18","LGALS1"
"S100A4",0,3.48369341884964,0.434,0.056,0,"18","S100A4"
"CD48",0,3.099561360918,0.404,0.027,0,"18","CD48"
"ACSL1",0,3.479190145939,0.482,0.105,0,"18","ACSL1"
"JAML",0,4.1086557115167,0.395,0.018,0,"18","JAML"
"MYL12A",0,2.05180193740087,0.5,0.123,0,"18","MYL12A"
"S100A9",0,7.22324574854229,0.381,0.005,0,"18","S100A9"
"CD84",0,3.47274076446119,0.399,0.025,0,"18","CD84"
"CYBB",0,5.43745007306627,0.383,0.009,0,"18","CYBB"
"SERPINB1",0,3.16161122181394,0.447,0.074,0,"18","SERPINB1"
"LILRB4",0,4.49882674916456,0.386,0.013,0,"18","LILRB4"
"LAIR1",0,3.80016664936386,0.392,0.021,0,"18","LAIR1"
"CLIC1",0,2.59503063677565,0.521,0.151,0,"18","CLIC1"
"APBB1IP",0,2.30956142105183,0.426,0.056,0,"18","APBB1IP"
"LGALS92",0,3.86366105367731,0.394,0.024,0,"18","LGALS9"
"ANXA5",0,2.24249373600972,0.526,0.157,0,"18","ANXA5"
"GADD45B",0,2.28406498975803,0.438,0.07,0,"18","GADD45B"
"RGS2",0,3.0385169975578,0.46,0.093,0,"18","RGS2"
"IRAK31",0,2.66615595153441,0.469,0.102,0,"18","IRAK3"
"CNPY3",0,2.73322499108782,0.465,0.1,0,"18","CNPY3"
"SMAP2",0,2.09828416803647,0.525,0.161,0,"18","SMAP2"
"GPSM3",0,3.27021958529843,0.391,0.027,0,"18","GPSM3"
"GPNMB",0,4.07527045284198,0.43,0.066,0,"18","GPNMB"
"GK",0,3.39872890512742,0.438,0.074,0,"18","GK"
"PLBD1",0,4.28378181835576,0.387,0.023,0,"18","PLBD1"
"CTSA",0,3.37338590132978,0.452,0.088,0,"18","CTSA"
"LGALS3",0,3.83969472371271,0.425,0.062,0,"18","LGALS3"
"FPR3",0,3.6861080217376,0.382,0.02,0,"18","FPR3"
"PLIN2",0,3.36559622739722,0.418,0.057,0,"18","PLIN2"
"HERPUD1",0,2.29655081312678,0.539,0.179,0,"18","HERPUD1"
"RNASE6",0,5.10884037060328,0.369,0.01,0,"18","RNASE6"
"SERF2",0,2.2496347151868,0.62,0.261,0,"18","SERF2"
"SLC7A7",0,4.12662981493557,0.377,0.02,0,"18","SLC7A7"
"FCGR3A",0,5.46853483312503,0.366,0.01,0,"18","FCGR3A"
"CTSD",0,5.11825461550574,0.426,0.07,0,"18","CTSD"
"ARPC5",0,2.23711321345849,0.54,0.185,0,"18","ARPC5"
"FAM49A",0,2.53809846109119,0.469,0.114,0,"18","FAM49A"
"SYK",0,3.02652942670578,0.387,0.034,0,"18","SYK"
"EPSTI1",0,2.02395365198655,0.426,0.073,0,"18","EPSTI1"
"TLR2",0,4.14590919830153,0.372,0.02,0,"18","TLR2"
"BLVRB",0,3.28425590709362,0.418,0.066,0,"18","BLVRB"
"NABP1",0,2.37439234223868,0.409,0.058,0,"18","NABP1"
"NFKBIA",0,2.00740702363205,0.486,0.135,0,"18","NFKBIA"
"GSTO1",0,3.27335656654819,0.443,0.093,0,"18","GSTO1"
"VSIG4",0,5.17190049242011,0.357,0.009,0,"18","VSIG4"
"OAZ11",0,2.72496044701423,0.484,0.136,0,"18","OAZ1"
"ATP6AP2",0,2.2628510205004,0.531,0.185,0,"18","ATP6AP2"
"ATP6V0E1",0,2.06428695350492,0.585,0.239,0,"18","ATP6V0E1"
"LGMN",0,3.10069191183816,0.428,0.082,0,"18","LGMN"
"SLC25A52",0,2.63922617047729,0.464,0.12,0,"18","SLC25A5"
"ITM2B",0,2.11125636786063,0.734,0.391,0,"18","ITM2B"
"TKT",0,3.01868257759697,0.472,0.13,0,"18","TKT"
"MRC1",0,2.85795566972933,0.375,0.033,0,"18","MRC1"
"STK17B",0,2.18311690341095,0.44,0.099,0,"18","STK17B"
"CTSL",0,3.07298159559917,0.474,0.133,0,"18","CTSL"
"ARPC3",0,2.39629865733018,0.597,0.257,0,"18","ARPC3"
"EVI2B",0,3.85040604456381,0.356,0.016,0,"18","EVI2B"
"RHOG",0,3.16680531528462,0.39,0.051,0,"18","RHOG"
"GPX4",0,2.47535744127392,0.513,0.174,0,"18","GPX4"
"IL10RA",0,3.02668762285868,0.367,0.029,0,"18","IL10RA"
"M6PR",0,2.24859949424349,0.468,0.131,0,"18","M6PR"
"UNC93B1",0,3.70693773619926,0.359,0.022,0,"18","UNC93B1"
"TIMP11",0,2.45396025391971,0.427,0.092,0,"18","TIMP1"
"GSTP1",0,2.03595443768576,0.488,0.155,0,"18","GSTP1"
"GNG5",0,2.3321140164048,0.463,0.131,0,"18","GNG5"
"LCP2",0,2.77003335026136,0.375,0.043,0,"18","LCP2"
"SIRPA",0,3.19456466866379,0.377,0.049,0,"18","SIRPA"
"HNMT",0,2.9085465859134,0.358,0.031,0,"18","HNMT"
"FERMT3",0,3.09021395570681,0.36,0.033,0,"18","FERMT3"
"FCN1",0,8.56954073952134,0.328,0.002,0,"18","FCN1"
"MFSD1",0,2.04091696274394,0.454,0.13,0,"18","MFSD1"
"CLEC2B",0,2.23327512917663,0.371,0.047,0,"18","CLEC2B"
"ACP5",0,5.54606635792544,0.337,0.013,0,"18","ACP5"
"UCP2",0,3.16804118890528,0.359,0.036,0,"18","UCP2"
"MAP3K8",0,2.33734583181192,0.393,0.07,0,"18","MAP3K8"
"IFI30",0,5.89616953936382,0.328,0.006,0,"18","IFI30"
"SLC16A3",0,2.25260993261646,0.442,0.121,0,"18","SLC16A3"
"NPL",0,2.28157680905695,0.383,0.063,0,"18","NPL"
"RNF144B1",0,3.05317832457461,0.361,0.042,0,"18","RNF144B"
"HMOX1",0,3.93627152677784,0.338,0.019,0,"18","HMOX1"
"CSTA",0,6.17147884041211,0.323,0.005,0,"18","CSTA"
"HEXB",0,2.33031921747254,0.421,0.104,0,"18","HEXB"
"PLA2G7",0,3.68430188258731,0.336,0.02,0,"18","PLA2G7"
"CORO1A1",0,2.47114871772142,0.36,0.044,0,"18","CORO1A"
"FOLR2",0,4.41960964748759,0.326,0.012,0,"18","FOLR2"
"PTPN6",0,3.26235018348917,0.34,0.027,0,"18","PTPN6"
"SYNGR2",0,2.62471830462437,0.392,0.079,0,"18","SYNGR2"
"DBI",0,2.66353895478888,0.427,0.115,0,"18","DBI"
"CYTIP",0,2.19721384171009,0.355,0.043,0,"18","CYTIP"
"LSP11",0,2.75816882711994,0.349,0.038,0,"18","LSP1"
"WAS",0,3.52328814191471,0.331,0.021,0,"18","WAS"
"DPP7",0,2.21841857888623,0.425,0.115,0,"18","DPP7"
"GM2A",0,4.07238583305536,0.337,0.028,0,"18","GM2A"
"LAP31",0,2.46500956343776,0.39,0.082,0,"18","LAP3"
"IER3",0,2.72728400263012,0.379,0.071,0,"18","IER3"
"MOB1A",0,2.10428529151064,0.409,0.101,0,"18","MOB1A"
"TFEC",0,2.95086480677944,0.33,0.023,0,"18","TFEC"
"NINJ1",0,3.09386758528973,0.369,0.062,0,"18","NINJ1"
"CCL3",0,4.29970579703657,0.323,0.016,0,"18","CCL3"
"ATP6V1F",0,2.52595932980133,0.438,0.132,0,"18","ATP6V1F"
"ALOX5",0,3.56156297281588,0.331,0.027,0,"18","ALOX5"
"RIN3",0,2.2715772078861,0.376,0.072,0,"18","RIN3"
"AP2S1",0,2.4717631692201,0.436,0.132,0,"18","AP2S1"
"MPP1",0,3.11699398384179,0.355,0.052,0,"18","MPP1"
"PRDX1",0,2.50168743857708,0.466,0.164,0,"18","PRDX1"
"SLCO2B1",0,2.20595797854314,0.349,0.047,0,"18","SLCO2B1"
"PREX1",0,2.26485070584531,0.362,0.06,0,"18","PREX1"
"LILRB3",0,5.07236038502915,0.31,0.009,0,"18","LILRB3"
"HEXA",0,3.67304753355988,0.347,0.047,0,"18","HEXA"
"TFRC",0,2.66444767243628,0.427,0.128,0,"18","TFRC"
"FUCA1",0,4.07959001747692,0.344,0.047,0,"18","FUCA1"
"LY6E",0,2.20631582582899,0.376,0.079,0,"18","LY6E"
"SLC15A31",0,3.12637174815671,0.324,0.028,0,"18","SLC15A3"
"KLF42",0,2.60106401757941,0.343,0.048,0,"18","KLF4"
"BCL2A1",0,4.99556252936178,0.304,0.009,0,"18","BCL2A1"
"OSCAR",0,5.68935271232606,0.3,0.005,0,"18","OSCAR"
"ADGRE2",0,4.35201101714138,0.309,0.015,0,"18","ADGRE2"
"FMNL1",0,2.34575966533058,0.386,0.093,0,"18","FMNL1"
"NOP101",0,2.42725615979919,0.412,0.12,0,"18","NOP10"
"BID",0,2.39955377416449,0.379,0.088,0,"18","BID"
"KCTD121",0,2.34771387470764,0.344,0.053,0,"18","KCTD12"
"NAGK",0,2.07000509406666,0.421,0.132,0,"18","NAGK"
"SSR3",0,2.08390504019214,0.404,0.116,0,"18","SSR3"
"ALDH2",0,2.41000894816531,0.42,0.132,0,"18","ALDH2"
"RAB32",0,3.04426483335516,0.326,0.039,0,"18","RAB32"
"FGR",0,5.19600424229258,0.296,0.009,0,"18","FGR"
"TREM2",0,5.64483524269377,0.293,0.007,0,"18","TREM2"
"TALDO1",0,2.37002847847605,0.413,0.127,0,"18","TALDO1"
"CASP1",0,3.95808942482206,0.301,0.015,0,"18","CASP1"
"BLOC1S11",0,2.5185854423587,0.369,0.084,0,"18","BLOC1S1"
"PARVG",0,2.87923079347539,0.309,0.024,0,"18","PARVG"
"BRI3",0,2.25192514768662,0.548,0.265,0,"18","BRI3"
"CIB1",0,2.18666302741743,0.357,0.074,0,"18","CIB1"
"FGD4",0,2.45938135905349,0.446,0.164,0,"18","FGD4"
"ALOX5AP1",0,3.69162887551688,0.301,0.019,0,"18","ALOX5AP"
"FBP1",0,4.48472189526999,0.309,0.028,0,"18","FBP1"
"TMBIM4",0,2.34825444810852,0.358,0.078,0,"18","TMBIM4"
"SOD2",0,3.6530689684222,0.322,0.043,0,"18","SOD2"
"ISG151",0,2.38271319193489,0.358,0.079,0,"18","ISG15"
"LIPA",0,2.56352137159875,0.47,0.191,0,"18","LIPA"
"PSME21",0,2.34959390432145,0.369,0.091,0,"18","PSME2"
"IFI61",0,2.03236878208452,0.417,0.139,0,"18","IFI6"
"PTAFR",0,4.04316025920413,0.294,0.016,0,"18","PTAFR"
"TREM1",0,6.32383585505666,0.281,0.004,0,"18","TREM1"
"TCIRG1",0,3.34571247732903,0.3,0.023,0,"18","TCIRG1"
"TNFRSF14",0,2.18761968866897,0.322,0.046,0,"18","TNFRSF14"
"RNF149",0,2.09661134232489,0.564,0.288,0,"18","RNF149"
"IL13RA1",0,2.1041181895484,0.356,0.08,0,"18","IL13RA1"
"ITGAM",0,4.22782894493981,0.29,0.014,0,"18","ITGAM"
"TMEM176A",0,2.13005397432066,0.357,0.083,0,"18","TMEM176A"
"CD302",0,3.25063713481943,0.304,0.031,0,"18","CD302"
"CKLF1",0,3.52318772403382,0.311,0.038,0,"18","CKLF"
"SDS",0,3.90382712252406,0.29,0.017,0,"18","SDS"
"HIGD2A1",0,2.21130020916034,0.357,0.085,0,"18","HIGD2A"
"STX11",0,3.60928730693081,0.289,0.017,0,"18","STX11"
"PRR13",0,2.39754994388672,0.345,0.073,0,"18","PRR13"
"RNH1",0,2.07691860795226,0.421,0.15,0,"18","RNH1"
"ADAP2",0,2.29890398021002,0.315,0.044,0,"18","ADAP2"
"DNASE2",0,3.76551307387112,0.303,0.032,0,"18","DNASE2"
"CARD162",0,3.40995887913355,0.291,0.02,0,"18","CARD16"
"NCF4",0,3.99655087361348,0.283,0.012,0,"18","NCF4"
"GLIPR2",0,2.61359774775685,0.329,0.06,0,"18","GLIPR2"
"AKR1A1",0,2.10889598257155,0.398,0.13,0,"18","AKR1A1"
"SLC31A2",0,3.76224319659639,0.29,0.022,0,"18","SLC31A2"
"LRPAP1",0,2.4861569420021,0.398,0.131,0,"18","LRPAP1"
"PSMB8",0,2.11120385130704,0.326,0.059,0,"18","PSMB8"
"PIK3AP1",0,3.04192722624952,0.297,0.03,0,"18","PIK3AP1"
"STAB1",0,3.17374965974576,0.294,0.029,0,"18","STAB1"
"CCR1",0,4.98957035103727,0.271,0.008,0,"18","CCR1"
"ATOX1",0,2.48236383617664,0.396,0.133,0,"18","ATOX1"
"DOK21",0,3.71636784358439,0.274,0.011,0,"18","DOK2"
"FCGR1A",0,5.62579240383567,0.267,0.005,0,"18","FCGR1A"
"LILRB2",0,4.95536766639191,0.269,0.007,0,"18","LILRB2"
"SCAMP2",0,2.04374181929447,0.34,0.08,0,"18","SCAMP2"
"PIK3R5",0,2.81285337662209,0.297,0.037,0,"18","PIK3R5"
"STXBP2",0,4.7056990485677,0.268,0.009,0,"18","STXBP2"
"ARPC41",0,2.76650357611744,0.31,0.052,0,"18","ARPC4"
"HBEGF1",0,2.78353555794638,0.301,0.044,0,"18","HBEGF"
"LAT2",0,2.43627389242985,0.311,0.054,0,"18","LAT2"
"TRIM38",0,2.03172652607836,0.304,0.05,0,"18","TRIM38"
"CORO1B",0,2.42071327537932,0.319,0.065,0,"18","CORO1B"
"SLC43A2",0,2.28145331509721,0.388,0.134,0,"18","SLC43A2"
"DAB2",0,3.53654006708794,0.274,0.021,0,"18","DAB2"
"VASP",0,2.23736952529778,0.317,0.064,0,"18","VASP"
"RAB5C1",0,2.14281634778162,0.328,0.077,0,"18","RAB5C"
"CYP27A1",0,2.88454413629937,0.303,0.053,0,"18","CYP27A1"
"HLA-DQA2",0,4.86357189833274,0.258,0.009,0,"18","HLA-DQA2"
"LAMTOR2",0,2.03337581230756,0.35,0.101,0,"18","LAMTOR2"
"RAP2B",0,2.98693221506423,0.277,0.029,0,"18","RAP2B"
"TWF21",0,3.27553056276477,0.283,0.035,0,"18","TWF2"
"ABRACL1",0,2.50060940737865,0.294,0.047,0,"18","ABRACL"
"GLA",0,2.85254653546735,0.284,0.037,0,"18","GLA"
"ADAM28",0,2.13776458022474,0.287,0.042,0,"18","ADAM28"
"GAA",0,2.01871738896238,0.357,0.113,0,"18","GAA"
"LRRC25",0,5.25301899191707,0.247,0.005,0,"18","LRRC25"
"CIITA",0,2.30130118439093,0.291,0.051,0,"18","CIITA"
"CLEC12A",0,4.61064896375492,0.25,0.011,0,"18","CLEC12A"
"GCA",0,2.77071024738701,0.294,0.056,0,"18","GCA"
"MINOS1",0,2.07528263429561,0.313,0.077,0,"18","MINOS1"
"CHMP1B1",0,3.17298432206405,0.279,0.045,0,"18","CHMP1B"
"SDSL",0,3.64200609758375,0.253,0.019,0,"18","SDSL"
"TNFAIP2",0,2.63251086740419,0.265,0.031,0,"18","TNFAIP2"
"STX4",0,2.23780410990752,0.296,0.062,0,"18","STX4"
"ABI31",0,3.25947790074477,0.251,0.017,0,"18","ABI3"
"OTULINL",0,2.59438809427426,0.278,0.045,0,"18","OTULINL"
"NAGA",0,3.16900070883159,0.266,0.033,0,"18","NAGA"
"TAF10",0,2.01166350661917,0.311,0.078,0,"18","TAF10"
"LRRK2",0,3.44681130580305,0.273,0.041,0,"18","LRRK2"
"TNFSF12",0,3.59407493654004,0.252,0.02,0,"18","TNFSF12"
"RGS19",0,3.07548840588963,0.257,0.025,0,"18","RGS19"
"AGTRAP",0,3.18927777332919,0.259,0.028,0,"18","AGTRAP"
"PPIF",0,3.13432371822205,0.271,0.042,0,"18","PPIF"
"THBS11",0,2.17178738356657,0.306,0.077,0,"18","THBS1"
"SPINT2",0,2.30637724962992,0.281,0.054,0,"18","SPINT2"
"RAC21",0,2.11695812562489,0.25,0.024,0,"18","RAC2"
"CD300LF",0,4.16171748116907,0.239,0.013,0,"18","CD300LF"
"HLA-DOA",0,3.65004643356748,0.24,0.015,0,"18","HLA-DOA"
"KDELR21",0,2.04701982048626,0.292,0.067,0,"18","KDELR2"
"SQOR",0,2.95834760214067,0.244,0.02,0,"18","SQOR"
"PTK2B",0,2.55543808900634,0.299,0.076,0,"18","PTK2B"
"SIPA1L1",0,2.08639890768752,0.494,0.271,0,"18","SIPA1L1"
"NAAA",0,2.35223751358249,0.277,0.055,0,"18","NAAA"
"SELENOP",0,3.23130341878632,0.295,0.073,0,"18","SELENOP"
"TSPAN4",0,2.0103524507241,0.307,0.085,0,"18","TSPAN4"
"CLEC4E",0,5.48101592638996,0.225,0.004,0,"18","CLEC4E"
"AREG1",0,4.41688021559471,0.232,0.012,0,"18","AREG"
"FGD2",0,3.21494088430374,0.238,0.018,0,"18","FGD2"
"KLHL6",0,2.31838447258284,0.249,0.03,0,"18","KLHL6"
"GIMAP42",0,2.13204211903038,0.248,0.029,0,"18","GIMAP4"
"ZNF385A1",0,3.62566357143869,0.235,0.016,0,"18","ZNF385A"
"ADGRE5",0,2.43348200345323,0.262,0.044,0,"18","ADGRE5"
"RIPK2",0,2.34525816034717,0.279,0.062,0,"18","RIPK2"
"VCAN1",0,3.36276540046828,0.355,0.138,0,"18","VCAN"
"ARHGAP30",0,2.51129264686483,0.248,0.032,0,"18","ARHGAP30"
"MIR181A1HG",0,2.18695118535161,0.307,0.091,0,"18","MIR181A1HG"
"PLTP",0,2.98135752942253,0.264,0.049,0,"18","PLTP"
"NCF1",0,3.09204133770137,0.235,0.02,0,"18","NCF1"
"FUOM",0,3.6576074458312,0.232,0.018,0,"18","FUOM"
"IRF8",0,2.53096833751559,0.239,0.025,0,"18","IRF8"
"SH3TC11",0,2.46320788390829,0.253,0.04,0,"18","SH3TC1"
"S100A8",0,6.32176166063239,0.214,0.002,0,"18","S100A8"
"CD72",0,2.84795334338624,0.232,0.021,0,"18","CD72"
"RAB8A",0,2.08954893117902,0.275,0.064,0,"18","RAB8A"
"IL6R",0,2.57333783850246,0.249,0.038,0,"18","IL6R"
"AC004687.1",0,2.19469725865651,0.235,0.024,0,"18","AC004687.1"
"SDHD1",0,2.62412008105204,0.255,0.045,0,"18","SDHD"
"OAS1",0,2.37451007528632,0.242,0.032,0,"18","OAS1"
"RHBDF2",0,2.26102874528386,0.251,0.042,0,"18","RHBDF2"
"FCGR2B",0,4.69839770048913,0.218,0.009,0,"18","FCGR2B"
"CD33",0,4.968650536164,0.213,0.005,0,"18","CD33"
"RGS18",0,4.51951009047057,0.213,0.006,0,"18","RGS18"
"NFKBID",0,2.52480932290946,0.244,0.037,0,"18","NFKBID"
"IER5",0,2.38257744861254,0.258,0.053,0,"18","IER5"
"GRASP2",0,2.03798622856052,0.261,0.057,0,"18","GRASP"
"NOTCH21",0,2.2211497495652,0.257,0.053,0,"18","NOTCH2"
"CLEC10A",0,5.94040606646419,0.207,0.003,0,"18","CLEC10A"
"SPP1",0,5.22214157453101,0.25,0.047,0,"18","SPP1"
"IL1B",0,6.03127221021118,0.207,0.004,0,"18","IL1B"
"TGIF1",0,2.0438891211283,0.244,0.041,0,"18","TGIF1"
"IL17RA",0,2.63799987821712,0.245,0.042,0,"18","IL17RA"
"ATP8B4",0,2.29055783762009,0.25,0.048,0,"18","ATP8B4"
"PLIN3",0,2.29146361776676,0.236,0.034,0,"18","PLIN3"
"ATP2B1-AS1",0,2.83594182163463,0.245,0.044,0,"18","ATP2B1-AS1"
"C31",0,2.63956637055086,0.226,0.025,0,"18","C3"
"CR1",0,3.09685433957331,0.22,0.019,0,"18","CR1"
"GNA15",0,4.03695110430955,0.21,0.009,0,"18","GNA15"
"GPR34",0,2.80588663561751,0.227,0.027,0,"18","GPR34"
"FES1",0,2.66318682960028,0.235,0.035,0,"18","FES"
"MITF",0,2.38255527366773,0.249,0.05,0,"18","MITF"
"CYTH4",0,3.1714448612048,0.213,0.015,0,"18","CYTH4"
"NEU1",0,2.01878795278174,0.264,0.067,0,"18","NEU1"
"BIN2",0,2.06787043283045,0.224,0.028,0,"18","BIN2"
"ODF3B",0,2.7615693311477,0.22,0.024,0,"18","ODF3B"
"SLAMF8",0,4.94504321429656,0.2,0.005,0,"18","SLAMF8"
"BTK",0,3.41947527403498,0.206,0.011,0,"18","BTK"
"SMCO4",0,2.61375144266932,0.225,0.031,0,"18","SMCO4"
"RASSF2",0,2.07638612603581,0.242,0.048,0,"18","RASSF2"
"SLC40A1",0,2.67410823575544,0.243,0.05,0,"18","SLC40A1"
"GPR65",0,2.91810272689499,0.206,0.013,0,"18","GPR65"
"SIGLEC1",0,3.46828962429948,0.205,0.013,0,"18","SIGLEC1"
"TAGAP",0,2.14203727374118,0.222,0.031,0,"18","TAGAP"
"HACD4",0,2.75457292627514,0.216,0.025,0,"18","HACD4"
"CHMP4A1",0,2.06919706258963,0.236,0.047,0,"18","CHMP4A"
"SMIM25",0,6.59139291377691,0.191,0.002,0,"18","SMIM25"
"CXCL8",0,4.72932233174743,0.196,0.008,0,"18","CXCL8"
"ARHGAP4",0,2.13001715570248,0.22,0.032,0,"18","ARHGAP4"
"CCL41",0,2.84334254774526,0.208,0.02,0,"18","CCL4"
"MAF",0,2.16223248708661,0.221,0.034,0,"18","MAF"
"PSTPIP2",0,2.9845241809047,0.212,0.026,0,"18","PSTPIP2"
"PYGL1",0,2.40215621549621,0.218,0.033,0,"18","PYGL"
"CCL3L1",0,4.71570140046086,0.192,0.007,0,"18","CCL3L1"
"LILRB1",0,4.11112528901137,0.192,0.008,0,"18","LILRB1"
"PTGER4",0,2.0821322560774,0.221,0.039,0,"18","PTGER4"
"ARAP1",0,2.09963692512993,0.247,0.065,0,"18","ARAP1"
"EVI2A",0,2.66351886818589,0.199,0.018,0,"18","EVI2A"
"MAPKAPK3",0,2.88602707401376,0.205,0.024,0,"18","MAPKAPK3"
"AGPAT21",0,2.12447165824152,0.203,0.023,0,"18","AGPAT2"
"NLRP3",0,4.21184874254468,0.193,0.013,0,"18","NLRP3"
"SIGLEC9",0,4.57952261801346,0.185,0.005,0,"18","SIGLEC9"
"NFAM1",0,3.49764890161687,0.196,0.016,0,"18","NFAM1"
"CLEC4A",0,3.30326405167088,0.191,0.014,0,"18","CLEC4A"
"GPAT31",0,3.58782455717396,0.193,0.016,0,"18","GPAT3"
"IRF7",0,2.20221589502019,0.212,0.036,0,"18","IRF7"
"MARCO",0,6.00205279790255,0.178,0.003,0,"18","MARCO"
"RNPEPL1",0,2.02566559557082,0.214,0.039,0,"18","RNPEPL1"
"NAPRT",0,2.43165367166712,0.207,0.032,0,"18","NAPRT"
"CYB561A3",0,2.24536028509252,0.227,0.053,0,"18","CYB561A3"
"CXorf21",0,3.86442483666606,0.181,0.007,0,"18","CXorf21"
"LYL11",0,3.40983073500304,0.187,0.013,0,"18","LYL1"
"F13A1",0,2.94222820884538,0.196,0.023,0,"18","F13A1"
"OTUD1",0,2.96618964836564,0.205,0.032,0,"18","OTUD1"
"TMEM2561",0,2.1013855511288,0.222,0.049,0,"18","TMEM256"
"RPS6KA1",0,2.801151253282,0.197,0.025,0,"18","RPS6KA1"
"ACP2",0,2.30713446790479,0.231,0.06,0,"18","ACP2"
"PLD4",0,4.83614779201879,0.176,0.005,0,"18","PLD4"
"PRAM1",0,4.30676965698627,0.183,0.012,0,"18","PRAM1"
"TLR1",0,3.17863165289273,0.188,0.017,0,"18","TLR1"
"JDP2",0,2.0312809030864,0.225,0.055,0,"18","JDP2"
"SIGLEC10",0,4.36069338469251,0.176,0.006,0,"18","SIGLEC10"
"DOK3",0,3.14319575507382,0.191,0.022,0,"18","DOK3"
"CCRL2",0,4.29421978570418,0.175,0.006,0,"18","CCRL2"
"FABP51",0,2.11109000052619,0.295,0.126,0,"18","FABP5"
"AQP9",0,5.24457731408128,0.176,0.007,0,"18","AQP9"
"PLAU",0,2.48561924221293,0.187,0.019,0,"18","PLAU"
"RASSF5",0,2.37321569556205,0.193,0.026,0,"18","RASSF5"
"CD300E",0,6.11658918266694,0.171,0.004,0,"18","CD300E"
"SHKBP1",0,2.40020068040811,0.207,0.042,0,"18","SHKBP1"
"SMPDL3A",0,2.23721904005817,0.198,0.034,0,"18","SMPDL3A"
"AVPI11",0,2.03286675523602,0.194,0.03,0,"18","AVPI1"
"MXD1",0,2.32694021180956,0.295,0.131,0,"18","MXD1"
"CCL4L2",0,3.98560002960961,0.172,0.01,0,"18","CCL4L2"
"BST1",0,3.67265853565221,0.175,0.014,0,"18","BST1"
"PARL1",0,2.35265058167101,0.201,0.041,0,"18","PARL"
"LMO22",0,2.32835298746462,0.184,0.024,0,"18","LMO2"
"CLN8",0,2.58960245409166,0.186,0.027,0,"18","CLN8"
"IL4I1",0,4.26937985561033,0.166,0.007,0,"18","IL4I1"
"PRDM12",0,2.1606054975747,0.185,0.027,0,"18","PRDM1"
"WDFY4",0,2.22456040109257,0.185,0.027,0,"18","WDFY4"
"HRH2",0,3.63935917386292,0.174,0.016,0,"18","HRH2"
"CHST15",0,2.25953936157688,0.223,0.066,0,"18","CHST15"
"ARHGAP45",0,2.36665816859505,0.177,0.02,0,"18","ARHGAP45"
"OTOA",0,3.40252356649428,0.17,0.015,0,"18","OTOA"
"NMI",0,2.01062049015617,0.183,0.029,0,"18","NMI"
"CD82",0,2.18520225462595,0.182,0.028,0,"18","CD82"
"VAV1",0,2.39858168556435,0.184,0.03,0,"18","VAV1"
"HOMER3",0,3.41911323795644,0.17,0.017,0,"18","HOMER3"
"EVA1B",0,2.01841090272689,0.18,0.027,0,"18","EVA1B"
"CEBPA1",0,3.86321047293811,0.16,0.007,0,"18","CEBPA"
"AC009093.2",0,2.50129633724362,0.211,0.059,0,"18","AC009093.2"
"LINC01678",0,3.4910017486549,0.159,0.008,0,"18","LINC01678"
"IL1RN",0,5.65105953567531,0.154,0.003,0,"18","IL1RN"
"GCHFR1",0,3.21948158819116,0.166,0.016,0,"18","GCHFR"
"C15orf48",0,5.76608015678658,0.153,0.004,0,"18","C15orf48"
"VMO1",0,4.36978113092066,0.157,0.008,0,"18","VMO1"
"GPR108",0,2.31842761983471,0.176,0.027,0,"18","GPR108"
"DPEP2",0,2.9323939676731,0.162,0.014,0,"18","DPEP2"
"LTC4S2",0,2.9854971365662,0.166,0.02,0,"18","LTC4S"
"IL1R2",0,5.52323680013794,0.151,0.005,0,"18","IL1R2"
"GIMAP12",0,2.62105652649201,0.158,0.013,0,"18","GIMAP1"
"TMEM2511",0,2.91087044690205,0.17,0.026,0,"18","TMEM251"
"TRPM2",0,2.69954779975187,0.16,0.016,0,"18","TRPM2"
"OSM",0,4.91167022983876,0.148,0.004,0,"18","OSM"
"SASH3",0,2.83184242924879,0.155,0.012,0,"18","SASH3"
"COQ2",0,2.26342607518088,0.169,0.027,0,"18","COQ2"
"ATF5",0,2.66456668900891,0.167,0.025,0,"18","ATF5"
"C2",0,2.5738926444631,0.168,0.027,0,"18","C2"
"CALHM6",0,5.0773564438124,0.145,0.004,0,"18","CALHM6"
"PLEKHO2",0,3.39338607362373,0.153,0.012,0,"18","PLEKHO2"
"SIGLEC7",0,4.61172518042935,0.145,0.004,0,"18","SIGLEC7"
"MYD88",0,2.78324045917928,0.165,0.025,0,"18","MYD88"
"TBC1D2",0,2.29393187087539,0.185,0.045,0,"18","TBC1D2"
"PSENEN1",0,2.00950093964874,0.184,0.045,0,"18","PSENEN"
"CD1D",0,4.97138667840703,0.143,0.004,0,"18","CD1D"
"C19orf38",0,3.76738629391128,0.148,0.009,0,"18","C19orf38"
"TCN22",0,2.11535978905446,0.179,0.04,0,"18","TCN2"
"RXRA",0,2.15034501218322,0.181,0.043,0,"18","RXRA"
"RAB7B",0,2.8289020004508,0.148,0.011,0,"18","RAB7B"
"RELT",0,2.74955733059484,0.159,0.023,0,"18","RELT"
"GLMP",0,2.02102042617528,0.174,0.039,0,"18","GLMP"
"AL034397.3",0,5.22266097143379,0.138,0.004,0,"18","AL034397.3"
"PLCB2",0,3.06964530927954,0.148,0.014,0,"18","PLCB2"
"ELOVL1",0,2.01412815539079,0.164,0.031,0,"18","ELOVL1"
"SLAMF7",0,3.73795418693597,0.14,0.007,0,"18","SLAMF7"
"SYS11",0,2.48013972816144,0.156,0.024,0,"18","SYS1"
"TMEM141",0,2.13835463906282,0.169,0.038,0,"18","TMEM141"
"CYB561D21",0,2.86689345263015,0.145,0.016,0,"18","CYB561D2"
"RENBP",0,2.10817177956661,0.156,0.027,0,"18","RENBP"
"KMO",0,2.46984200566822,0.143,0.015,0,"18","KMO"
"IL18BP",0,2.91308472520643,0.146,0.018,0,"18","IL18BP"
"TMEM2732",0,2.62924450159088,0.144,0.016,0,"18","TMEM273"
"GAB3",0,2.17095712360905,0.15,0.022,0,"18","GAB3"
"KCNE1",0,3.52977070476286,0.141,0.013,0,"18","KCNE1"
"DAPP1",0,2.99005715056827,0.139,0.012,0,"18","DAPP1"
"ST14",0,4.09345888634826,0.133,0.006,0,"18","ST14"
"LILRA2",0,6.05502862248598,0.129,0.002,0,"18","LILRA2"
"AC103591.3",0,2.28551878053181,0.148,0.022,0,"18","AC103591.3"
"UBE2F1",0,2.28582061850422,0.162,0.036,0,"18","UBE2F"
"KCNK6",0,2.77096768433209,0.142,0.016,0,"18","KCNK6"
"LGALS2",0,4.52866514306149,0.128,0.004,0,"18","LGALS2"
"SLC37A21",0,3.13668384062553,0.133,0.01,0,"18","SLC37A2"
"NAGPA",0,2.31871736099082,0.145,0.022,0,"18","NAGPA"
"MYO1G",0,3.47229658958721,0.131,0.009,0,"18","MYO1G"
"SELPLG",0,2.73360618750683,0.136,0.014,0,"18","SELPLG"
"PRKCD",0,2.19747588121951,0.155,0.033,0,"18","PRKCD"
"ORAI3",0,2.07101659900432,0.15,0.028,0,"18","ORAI3"
"HPSE",0,3.90759094202193,0.128,0.006,0,"18","HPSE"
"ZNF524",0,2.44068385165243,0.142,0.02,0,"18","ZNF524"
"CLEC5A",0,4.30290814021176,0.13,0.009,0,"18","CLEC5A"
"TOR2A",0,2.31576180630314,0.146,0.025,0,"18","TOR2A"
"APOBR",0,4.79990463491639,0.124,0.003,0,"18","APOBR"
"PLA2G15",0,2.15648470804933,0.158,0.037,0,"18","PLA2G15"
"P2RY13",0,4.37048345223101,0.124,0.004,0,"18","P2RY13"
"PDE4A",0,2.20940778753164,0.149,0.029,0,"18","PDE4A"
"GAPT",0,4.14161410992266,0.123,0.004,0,"18","GAPT"
"SLC22A18",0,2.34713032718534,0.144,0.025,0,"18","SLC22A18"
"AC084871.2",0,3.68666083584229,0.143,0.024,0,"18","AC084871.2"
"CFP",0,5.4436391326796,0.123,0.005,0,"18","CFP"
"SIRPB2",0,4.29411790016977,0.125,0.007,0,"18","SIRPB2"
"PSTPIP1",0,2.73962786387028,0.127,0.01,0,"18","PSTPIP1"
"EAF2",0,2.11539581095621,0.144,0.027,0,"18","EAF2"
"RETN1",0,7.19944544971534,0.117,0.001,0,"18","RETN"
"PLAC8",0,2.24005353910423,0.136,0.021,0,"18","PLAC8"
"ANPEP",0,4.27810471262337,0.125,0.01,0,"18","ANPEP"
"PADI2",0,3.92499539255294,0.122,0.007,0,"18","PADI2"
"SLC49A3",0,3.3298192381069,0.122,0.008,0,"18","SLC49A3"
"CORO7",0,2.22331267835125,0.139,0.026,0,"18","CORO7"
"TLR4",0,4.07472465341066,0.117,0.007,0,"18","TLR4"
"MILR1",0,2.90111801156998,0.119,0.01,0,"18","MILR1"
"CSF2RB1",0,3.61719564839327,0.118,0.009,0,"18","CSF2RB"
"HAMP",0,6.10152985046511,0.111,0.002,0,"18","HAMP"
"SLC43A3",0,2.76803985983337,0.127,0.019,0,"18","SLC43A3"
"CCL18",0,4.05773644502282,0.113,0.005,0,"18","CCL18"
"ADAMDEC1",0,4.28371560434532,0.112,0.005,0,"18","ADAMDEC1"
"ARL11",0,3.71478751283946,0.111,0.004,0,"18","ARL11"
"SPINT1",0,3.56894098348091,0.113,0.006,0,"18","SPINT1"
"GATM1",0,2.40125215782825,0.127,0.02,0,"18","GATM"
"CD300LB",0,4.90161018229804,0.109,0.002,0,"18","CD300LB"
"IFNAR2",0,2.77923568397388,0.122,0.015,0,"18","IFNAR2"
"CD180",0,3.79614376403816,0.11,0.004,0,"18","CD180"
"GBGT1",0,5.08423748198118,0.109,0.003,0,"18","GBGT1"
"RNASE2",0,6.33953934357654,0.107,0.001,0,"18","RNASE2"
"TLR5",0,3.38912149189878,0.113,0.008,0,"18","TLR5"
"TNFAIP8L2",0,5.53344196392909,0.107,0.002,0,"18","TNFAIP8L2"
"CXCL22",0,2.12688186659554,0.123,0.018,0,"18","CXCL2"
"RILP",0,2.45810338341528,0.12,0.015,0,"18","RILP"
"TP53I131",0,2.11527792556874,0.132,0.028,0,"18","TP53I13"
"IL10",0,4.04921326577547,0.108,0.004,0,"18","IL10"
"EREG",0,6.82380899576844,0.105,0.001,0,"18","EREG"
"SPN1",0,2.98626689634712,0.108,0.004,0,"18","SPN"
"SECTM1",0,4.31821720855603,0.11,0.006,0,"18","SECTM1"
"ADAMTSL41",0,2.09044871495279,0.122,0.018,0,"18","ADAMTSL4"
"ADAM8",0,3.15161845325205,0.117,0.014,0,"18","ADAM8"
"SH3BP1",0,3.30722085799065,0.111,0.009,0,"18","SH3BP1"
"TMEM371",0,3.18760870291172,0.109,0.007,0,"18","TMEM37"
"CMKLR11",0,2.21002881371537,0.119,0.017,0,"18","CMKLR1"
"LILRA5",0,6.43989412806789,0.103,0.001,0,"18","LILRA5"
"G0S21",0,3.6126305439925,0.115,0.014,0,"18","G0S2"
"CCDC69",0,2.03682035842244,0.129,0.028,0,"18","CCDC69"
"MFNG2",0,2.01513683942427,0.116,0.015,0,"18","MFNG"
"BCL31",0,2.16403469126475,0.12,0.019,0,"18","BCL3"
"CDH23",0,2.30366195517121,0.133,0.033,0,"18","CDH23"
"LINC01857",0,3.74920121119343,0.104,0.004,0,"18","LINC01857"
"PTGS1",0,2.99231195464556,0.11,0.011,0,"18","PTGS1"
"FAM78A",0,2.25494820537331,0.11,0.011,0,"18","FAM78A"
"RAB42",0,3.63553071884276,0.106,0.007,0,"18","RAB42"
"NFKBIE",0,2.27314249889932,0.124,0.026,0,"18","NFKBIE"
"FAH1",0,2.15421842825767,0.114,0.016,0,"18","FAH"
"PTGS21",0,2.95231445179357,0.108,0.01,0,"18","PTGS2"
"UBXN11",0,2.4844338970683,0.126,0.029,0,"18","UBXN11"
"FCGR1B",0,5.18643818591002,0.099,0.002,0,"18","FCGR1B"
"HK2",0,2.61685770950688,0.124,0.028,0,"18","HK2"
"S100Z",0,3.60698581229153,0.108,0.012,0,"18","S100Z"
"CH25H",0,3.69636065821194,0.105,0.009,0,"18","CH25H"
"AC245014.3",0,2.55665184878333,0.106,0.011,0,"18","AC245014.3"
"SLC29A3",0,2.04507388550851,0.124,0.029,0,"18","SLC29A3"
"RNASE1",0,3.31530895316525,0.132,0.037,0,"18","RNASE1"
"RNASEK",0,2.09991907660941,0.116,0.021,0,"18","RNASEK"
"HPGDS",0,2.57796963004798,0.107,0.013,0,"18","HPGDS"
"REEP4",0,2.49127870013204,0.112,0.018,0,"18","REEP4"
"TNNI2",0,4.33451974900301,0.096,0.002,0,"18","TNNI2"
"AP5B1",0,3.54038859346631,0.099,0.005,0,"18","AP5B1"
"ALDH3B1",0,3.35612550194157,0.101,0.007,0,"18","ALDH3B1"
"CACNA2D4",0,3.299219462822,0.1,0.006,0,"18","CACNA2D4"
"SNX20",0,3.1139733637008,0.1,0.006,0,"18","SNX20"
"CD300C",0,5.90806325396974,0.094,0.001,0,"18","CD300C"
"DSC2",0,3.28045631659149,0.1,0.008,0,"18","DSC2"
"S1PR41",0,2.13519298659269,0.101,0.01,0,"18","S1PR4"
"TG",0,2.65105503753635,0.154,0.063,0,"18","TG"
"CASS4",0,2.65556639708116,0.106,0.015,0,"18","CASS4"
"CDCP1",0,2.97193303495629,0.101,0.011,0,"18","CDCP1"
"HK3",0,3.72699934080215,0.1,0.01,0,"18","HK3"
"MT1F1",0,2.4070518877202,0.1,0.01,0,"18","MT1F"
"SLC35F6",0,2.39044380477366,0.109,0.019,0,"18","SLC35F6"
"DNAJC5B",0,3.36218200644784,0.096,0.006,0,"18","DNAJC5B"
"TSPAN33",0,2.57995081654263,0.107,0.018,0,"18","TSPAN33"
"PSMB101",0,2.59405696796972,0.103,0.014,0,"18","PSMB10"
"MS4A4E",0,2.57494319396627,0.103,0.014,0,"18","MS4A4E"
"RPS6KA4",0,2.30079390561007,0.106,0.018,0,"18","RPS6KA4"
"KCNE32",0,2.37910841933683,0.095,0.007,0,"18","KCNE3"
"ZMYND15",0,3.68679159927162,0.091,0.004,0,"18","ZMYND15"
"EBI3",0,3.57504323623627,0.092,0.005,0,"18","EBI3"
"FCER1A",0,7.06941703146577,0.088,0.001,0,"18","FCER1A"
"VDR2",0,2.8902922737777,0.098,0.012,0,"18","VDR"
"HLA-DQB2",0,4.2157981669962,0.089,0.003,0,"18","HLA-DQB2"
"EGR2",0,2.3108856017814,0.102,0.016,0,"18","EGR2"
"GPR160",0,2.13210866965697,0.1,0.015,0,"18","GPR160"
"NUPR1",0,2.10254264677988,0.112,0.027,0,"18","NUPR1"
"LFNG",0,2.13462094339821,0.103,0.018,0,"18","LFNG"
"CLECL1",0,2.74893611050849,0.092,0.007,0,"18","CLECL1"
"MCEMP1",0,7.70197193121614,0.086,0.001,0,"18","MCEMP1"
"SERPINB8",0,2.17253308095846,0.101,0.017,0,"18","SERPINB8"
"ST18",0,2.10496265001657,0.122,0.038,0,"18","ST18"
"TLR8",0,5.49256549938073,0.085,0.002,0,"18","TLR8"
"IL10RB-DT",0,2.60803080996678,0.091,0.008,0,"18","IL10RB-DT"
"CX3CR1",0,4.53408533483976,0.086,0.003,0,"18","CX3CR1"
"GPR132",0,2.53019780252638,0.093,0.011,0,"18","GPR132"
"TLR7",0,3.53631077955449,0.087,0.005,0,"18","TLR7"
"ITGB2-AS1",0,2.74905063807386,0.09,0.008,0,"18","ITGB2-AS1"
"INAFM2",0,2.46714554196002,0.1,0.019,0,"18","INAFM2"
"FRAT21",0,2.07005554078284,0.104,0.023,0,"18","FRAT2"
"SUSD3",0,2.04460666385945,0.089,0.009,0,"18","SUSD3"
"FAM110A",0,2.32310914876918,0.098,0.018,0,"18","FAM110A"
"DYSF1",0,2.10781491140914,0.122,0.043,0,"18","DYSF"
"VNN2",0,4.38811849661639,0.084,0.005,0,"18","VNN2"
"MSRB1",0,2.41552853091293,0.103,0.024,0,"18","MSRB1"
"CXCL31",0,3.88343342037599,0.083,0.005,0,"18","CXCL3"
"LINC01094",0,2.87114950151024,0.083,0.005,0,"18","LINC01094"
"ARPIN",0,3.09509142865491,0.09,0.013,0,"18","ARPIN"
"AZU11",0,4.46537281678254,0.08,0.003,0,"18","AZU1"
"LILRA6",0,5.66438781593884,0.079,0.002,0,"18","LILRA6"
"TMEM154",0,2.54381468850903,0.095,0.019,0,"18","TMEM154"
"GNGT2",0,3.89222656771009,0.079,0.003,0,"18","GNGT2"
"APOBEC3A",0,6.61485138918692,0.078,0.002,0,"18","APOBEC3A"
"C5AR2",0,3.70160271908561,0.083,0.007,0,"18","C5AR2"
"SIGLEC14",0,5.88532248200726,0.076,0.001,0,"18","SIGLEC14"
"LACC1",0,3.01310980980179,0.083,0.009,0,"18","LACC1"
"CARD9",0,3.92007407692668,0.079,0.005,0,"18","CARD9"
"LTB4R",0,2.23277426654734,0.091,0.017,0,"18","LTB4R"
"BEST11",0,2.17628981226895,0.091,0.018,0,"18","BEST1"
"TMEM86A",0,2.75715465253431,0.083,0.011,0,"18","TMEM86A"
"AC096667.1",0,2.58226775058239,0.087,0.015,0,"18","AC096667.1"
"IRF5",0,3.1340674816656,0.078,0.006,0,"18","IRF5"
"NBPF14",0,2.41930221348629,0.087,0.015,0,"18","NBPF14"
"PSMB8-AS11",0,2.11789928366053,0.082,0.011,0,"18","PSMB8-AS1"
"CCDC88B",0,2.45344242823606,0.085,0.014,0,"18","CCDC88B"
"APOBEC3C1",0,2.07556318278208,0.081,0.01,0,"18","APOBEC3C"
"GK-AS1",0,2.67054347868671,0.106,0.035,0,"18","GK-AS1"
"PKD2L1",0,3.65349921684868,0.075,0.004,0,"18","PKD2L1"
"AC245128.3",0,5.96277021772603,0.072,0.001,0,"18","AC245128.3"
"ZEB2-AS11",0,2.33013848207555,0.078,0.008,0,"18","ZEB2-AS1"
"NLRC4",0,2.08907258874865,0.1,0.031,0,"18","NLRC4"
"TOR4A2",0,2.95212475351428,0.075,0.006,0,"18","TOR4A"
"LINC01503",0,2.51659296390277,0.079,0.011,0,"18","LINC01503"
"U62317.5",0,4.14705846489951,0.07,0.002,0,"18","U62317.5"
"FCAR",0,5.20777623142213,0.071,0.003,0,"18","FCAR"
"P2RX1",0,3.77107663776163,0.074,0.006,0,"18","P2RX1"
"PIK3CG",0,2.15011315600964,0.077,0.01,0,"18","PIK3CG"
"IGFLR1",0,3.62286377075657,0.071,0.004,0,"18","IGFLR1"
"NOD2",0,4.00894726202758,0.071,0.004,0,"18","NOD2"
"ADORA3",0,4.72026712627159,0.068,0.002,0,"18","ADORA3"
"TAP2",0,2.20457693776383,0.078,0.012,0,"18","TAP2"
"SLC16A6",0,2.84575139426011,0.077,0.011,0,"18","SLC16A6"
"ALDOA",0,2.02210804134793,0.087,0.021,0,"18","ALDOA"
"ITPRIPL2",0,2.78991499547067,0.076,0.011,0,"18","ITPRIPL2"
"GBP51",0,2.57386601849687,0.073,0.008,0,"18","GBP5"
"MMP2-AS1",0,3.06483758484209,0.07,0.005,0,"18","MMP2-AS1"
"CD1C",0,5.88854468433534,0.065,0.001,0,"18","CD1C"
"TNFSF8",0,2.04129548732734,0.076,0.012,0,"18","TNFSF8"
"ALOX15B",0,3.30309682901505,0.067,0.003,0,"18","ALOX15B"
"MMP9",0,5.05464624327286,0.069,0.005,0,"18","MMP9"
"ALDH16A1",0,2.14203440317706,0.078,0.014,0,"18","ALDH16A1"
"HTRA4",0,2.99285394099241,0.069,0.005,0,"18","HTRA4"
"GPR35",0,2.89375153342042,0.069,0.006,0,"18","GPR35"
"SLC2A5",0,2.66029351332173,0.074,0.011,0,"18","SLC2A5"
"CARD8-AS1",0,2.51532958399792,0.069,0.007,0,"18","CARD8-AS1"
"LINC002781",0,2.03401576992967,0.084,0.022,0,"18","LINC00278"
"HHEX2",0,2.05525140424997,0.073,0.011,0,"18","HHEX"
"AC004817.3",0,4.1932380748798,0.064,0.002,0,"18","AC004817.3"
"CD80",0,2.21254904785858,0.071,0.009,0,"18","CD80"
"P2RY6",0,2.57362130213301,0.069,0.009,0,"18","P2RY6"
"LINC02207",0,3.71085454881575,0.063,0.003,0,"18","LINC02207"
"HSD3B7",0,2.22982012041553,0.073,0.013,0,"18","HSD3B7"
"VNN1",0,5.59755659380586,0.062,0.002,0,"18","VNN1"
"ABHD15",0,2.11119483238931,0.07,0.012,0,"18","ABHD15"
"AL139246.5",0,2.38193666069652,0.065,0.007,0,"18","AL139246.5"
"CHST13",0,4.23007607360995,0.061,0.003,0,"18","CHST13"
"ASCL2",0,4.51371916852906,0.06,0.002,0,"18","ASCL2"
"ZG16B",0,5.16955134481172,0.059,0.001,0,"18","ZG16B"
"SPATA131",0,2.22960862315271,0.069,0.012,0,"18","SPATA13"
"NRARP2",0,2.65773440358633,0.064,0.007,0,"18","NRARP"
"KCNK13",0,2.1842611980224,0.08,0.023,0,"18","KCNK13"
"CHML1",0,2.35147235899427,0.073,0.016,0,"18","CHML"
"LUCAT1",0,2.91958695776906,0.075,0.018,0,"18","LUCAT1"
"SUCNR1",0,4.19092285862547,0.058,0.002,0,"18","SUCNR1"
"TNFSF91",0,2.69169223509036,0.061,0.005,0,"18","TNFSF9"
"PIK3R6",0,2.2083549291927,0.064,0.009,0,"18","PIK3R6"
"FPR2",0,5.63267250762397,0.056,0.001,0,"18","FPR2"
"CDA2",0,2.92523996818399,0.064,0.01,0,"18","CDA"
"SHB",0,2.71879296382575,0.063,0.009,0,"18","SHB"
"GPR84",0,5.12736023077922,0.055,0.001,0,"18","GPR84"
"FCGBP",0,3.59208008500275,0.061,0.008,0,"18","FCGBP"
"ZBTB7B",0,2.26653312484854,0.067,0.015,0,"18","ZBTB7B"
"SLC24A41",0,3.78789516360783,0.058,0.006,0,"18","SLC24A4"
"NRGN2",0,2.2722355598028,0.062,0.01,0,"18","NRGN"
"ATP6V0D2",0,2.47110119564118,0.057,0.006,0,"18","ATP6V0D2"
"TMEM91",0,2.39622799126268,0.064,0.013,0,"18","TMEM91"
"HLX2",0,2.3273915897753,0.061,0.01,0,"18","HLX"
"ADPRH1",0,2.22556704379501,0.061,0.01,0,"18","ADPRH"
"SLC22A18AS",0,3.63501658849008,0.053,0.002,0,"18","SLC22A18AS"
"C15orf39",0,2.52080259065661,0.061,0.01,0,"18","C15orf39"
"AC015912.3",0,3.34738872663179,0.056,0.007,0,"18","AC015912.3"
"KCNN4",0,2.58035729679023,0.055,0.006,0,"18","KCNN4"
"ICOSLG",0,2.81736168828109,0.053,0.004,0,"18","ICOSLG"
"LINC01504",0,2.08345564492453,0.065,0.016,0,"18","LINC01504"
"LINC01637",0,2.89718975489428,0.053,0.005,0,"18","LINC01637"
"SOWAHD",0,4.81358728111155,0.049,0.001,0,"18","SOWAHD"
"LIPN",0,6.73192231817043,0.049,0.001,0,"18","LIPN"
"SCIN1",0,2.79376529208396,0.054,0.007,0,"18","SCIN"
"TMIGD3",0,2.23616207589036,0.056,0.009,0,"18","TMIGD3"
"MS4A14",0,3.63335397572624,0.05,0.003,0,"18","MS4A14"
"ANKRD22",0,4.48705623457298,0.049,0.002,0,"18","ANKRD22"
"CES1",0,4.06929536903207,0.05,0.003,0,"18","CES1"
"CEACAM4",0,5.28136387034178,0.048,0.001,0,"18","CEACAM4"
"NRROS",0,4.04411429956137,0.048,0.002,0,"18","NRROS"
"COL8A2",0,2.16000742908991,0.054,0.008,0,"18","COL8A2"
"CD209",0,3.4550910831631,0.049,0.003,0,"18","CD209"
"VSTM1",0,3.79870850579104,0.048,0.002,0,"18","VSTM1"
"S100A12",0,6.39235260877728,0.046,0.001,0,"18","S100A12"
"TNF",0,2.22211352369678,0.053,0.008,0,"18","TNF"
"AC016831.1",0,2.5262838477889,0.051,0.006,0,"18","AC016831.1"
"HCAR21",0,3.95131403040779,0.047,0.002,0,"18","HCAR2"
"PDE6G",0,2.99892939098192,0.049,0.004,0,"18","PDE6G"
"AC011899.2",0,2.77761225730844,0.05,0.006,0,"18","AC011899.2"
"CATSPER1",0,4.63384767575348,0.045,0.001,0,"18","CATSPER1"
"SIRPB1",0,6.36310135173823,0.044,0,0,"18","SIRPB1"
"CCR51",0,2.81756663139741,0.047,0.003,0,"18","CCR5"
"AL390036.1",0,3.69768627381996,0.047,0.003,0,"18","AL390036.1"
"LILRB5",0,2.31483295160471,0.05,0.007,0,"18","LILRB5"
"PLA2G2D",0,4.97113991488861,0.045,0.002,0,"18","PLA2G2D"
"CHN21",0,3.4901653988851,0.047,0.004,0,"18","CHN2"
"CLEC4D",0,6.30799749143709,0.044,0.001,0,"18","CLEC4D"
"ACPP",0,2.97104469480692,0.05,0.008,0,"18","ACPP"
"DHRS9",0,3.45577266251777,0.045,0.003,0,"18","DHRS9"
"MIR3945HG",0,3.94584725142505,0.045,0.003,0,"18","MIR3945HG"
"IL10RB",0,2.0856534986685,0.051,0.01,0,"18","IL10RB"
"CHIT1",0,5.80812748402341,0.045,0.004,0,"18","CHIT1"
"CD1E",0,5.02237968073601,0.041,0.001,0,"18","CD1E"
"ANG",0,2.94193371473678,0.045,0.005,0,"18","ANG"
"CCL231",0,3.72234290323165,0.042,0.002,0,"18","CCL23"
"ADGRE1",0,3.00243992417696,0.046,0.006,0,"18","ADGRE1"
"CYP2S1",0,3.80072279706254,0.042,0.002,0,"18","CYP2S1"
"GPBAR1",0,4.42468836921492,0.043,0.003,0,"18","GPBAR1"
"MMP12",0,5.04352651792122,0.043,0.003,0,"18","MMP12"
"KBTBD8",0,2.21588149204636,0.046,0.007,0,"18","KBTBD8"
"HAUS4",0,2.92035137122971,0.044,0.005,0,"18","HAUS4"
"CD244",0,3.30132438496697,0.042,0.003,0,"18","CD244"
"LINC01480",0,2.29723885809699,0.043,0.004,0,"18","LINC01480"
"AC109826.1",0,2.45298107538724,0.042,0.004,0,"18","AC109826.1"
"OMA11",0,2.19367450785547,0.048,0.01,0,"18","OMA1"
"LY75",0,3.10013547357807,0.041,0.003,0,"18","LY75"
"CCR2",0,4.40563883578023,0.039,0.001,0,"18","CCR2"
"MEFV",0,5.75833208947054,0.039,0.001,0,"18","MEFV"
"CLEC9A2",0,2.75743408921065,0.042,0.005,0,"18","CLEC9A"
"MT1G",0,4.22090786362727,0.039,0.002,0,"18","MT1G"
"DNAAF1",0,2.48602931605476,0.045,0.008,0,"18","DNAAF1"
"VENTX",0,3.84519682383698,0.039,0.002,0,"18","VENTX"
"HCAR3",0,4.77279238077319,0.038,0.001,0,"18","HCAR3"
"AC004921.1",0,4.48050761133058,0.037,0.001,0,"18","AC004921.1"
"AL138930.1",0,2.34102053090724,0.043,0.007,0,"18","AL138930.1"
"PTCRA",0,2.52508653893957,0.039,0.003,0,"18","PTCRA"
"AC007032.1",0,2.87659607530332,0.041,0.006,0,"18","AC007032.1"
"NLRP12",0,3.63947251475043,0.041,0.006,0,"18","NLRP12"
"AL035446.1",0,3.64653362256837,0.036,0.001,0,"18","AL035446.1"
"AL136987.1",0,3.39992316246451,0.037,0.002,0,"18","AL136987.1"
"TLR6",0,4.19270754387732,0.035,0.001,0,"18","TLR6"
"LILRA1",0,5.64886505556534,0.035,0.001,0,"18","LILRA1"
"KLHDC7B",0,3.70553651407826,0.035,0.001,0,"18","KLHDC7B"
"RASGRP4",0,3.39307117556102,0.037,0.003,0,"18","RASGRP4"
"CHI3L11",0,2.18355683292926,0.035,0.002,0,"18","CHI3L1"
"ASGR2",0,5.78244980888173,0.034,0.001,0,"18","ASGR2"
"APOC21",0,4.77614766823548,0.035,0.002,0,"18","APOC2"
"MICB",0,2.00482722186655,0.037,0.004,0,"18","MICB"
"BIRC7",0,3.19426713953998,0.035,0.002,0,"18","BIRC7"
"AC005332.1",0,2.19696246585029,0.036,0.004,0,"18","AC005332.1"
"LINC01010",0,3.25889525200992,0.036,0.004,0,"18","LINC01010"
"METTL7B",0,4.26930560264997,0.033,0.001,0,"18","METTL7B"
"AL391832.2",0,3.65112339469861,0.033,0.002,0,"18","AL391832.2"
"FAM72A1",0,2.09724701321999,0.034,0.004,0,"18","FAM72A"
"AC106028.4",0,3.68844939764653,0.032,0.002,0,"18","AC106028.4"
"MROH6",0,2.3647466584108,0.035,0.006,0,"18","MROH6"
"PADI4",0,4.40509956081123,0.034,0.005,0,"18","PADI4"
"BISPR",0,2.83953504491183,0.032,0.003,0,"18","BISPR"
"DNASE2B",0,3.78483420787927,0.029,0.001,0,"18","DNASE2B"
"AL391069.3",0,2.56196216593152,0.033,0.005,0,"18","AL391069.3"
"TNFSF15",0,2.55768965054324,0.031,0.003,0,"18","TNFSF15"
"RIPK3",0,3.03536547638616,0.03,0.002,0,"18","RIPK3"
"AC109630.1",0,3.55112906566067,0.03,0.002,0,"18","AC109630.1"
"CD5L",0,4.27664887526853,0.029,0.003,0,"18","CD5L"
"AL139384.1",0,2.80144867905826,0.029,0.003,0,"18","AL139384.1"
"GAPLINC",0,2.12726264887879,0.029,0.003,0,"18","GAPLINC"
"SLAMF9",0,6.01191585878374,0.026,0,0,"18","SLAMF9"
"TMEM52B",0,3.09274954078116,0.027,0.002,0,"18","TMEM52B"
"AC005280.2",0,3.88072667919652,0.026,0.001,0,"18","AC005280.2"
"TCHH",0,3.49031112416604,0.026,0.001,0,"18","TCHH"
"ASB2",0,2.15862975125329,0.028,0.004,0,"18","ASB2"
"AL138899.1",0,4.86382979430697,0.024,0,0,"18","AL138899.1"
"SIGLEC8",0,3.01650978924383,0.026,0.002,0,"18","SIGLEC8"
"KCNJ15",0,4.85835500750081,0.028,0.004,0,"18","KCNJ15"
"TIFAB",0,4.15042905218939,0.024,0.001,0,"18","TIFAB"
"AC007613.1",0,2.28334933510731,0.026,0.003,0,"18","AC007613.1"
"AC018529.2",0,2.39983148138264,0.025,0.002,0,"18","AC018529.2"
"SENCR2",0,2.72854097899209,0.026,0.003,0,"18","SENCR"
"STIMATE",0,2.82661688817091,0.024,0.002,0,"18","STIMATE"
"UPK3A",0,3.60149918701558,0.023,0.001,0,"18","UPK3A"
"HP",0,5.17072727999028,0.023,0.001,0,"18","HP"
"AC147067.11",0,2.2626953705298,0.024,0.003,0,"18","AC147067.1"
"AC004854.2",0,2.4490281289605,0.024,0.003,0,"18","AC004854.2"
"FUT4",0,3.11695486424432,0.023,0.002,0,"18","FUT4"
"CXCL10",0,3.27059560284026,0.023,0.002,0,"18","CXCL10"
"VNN3",0,6.14729294960696,0.022,0.001,0,"18","VNN3"
"ACOT4",0,2.62193348996578,0.023,0.002,0,"18","ACOT4"
"SIGLEC12",0,3.71570145050159,0.021,0.001,0,"18","SIGLEC12"
"AC064805.1",0,5.00972845256941,0.021,0.001,0,"18","AC064805.1"
"PRTN3",0,3.11100345532784,0.021,0.001,0,"18","PRTN3"
"AC073352.2",0,3.12961603708469,0.022,0.002,0,"18","AC073352.2"
"CLDN7",0,2.95809287821073,0.022,0.002,0,"18","CLDN7"
"AL133342.1",0,2.13934618091951,0.022,0.002,0,"18","AL133342.1"
"ICAM41",0,2.88986925149857,0.022,0.002,0,"18","ICAM4"
"SIGLEC15",0,2.68417187223621,0.022,0.002,0,"18","SIGLEC15"
"PROK2",0,5.400385230013,0.021,0.002,0,"18","PROK2"
"CCL20",0,3.93878034723395,0.02,0.001,0,"18","CCL20"
"CXCL9",0,4.48075378524987,0.02,0.001,0,"18","CXCL9"
"CRYBB1",0,2.62966032648037,0.02,0.002,0,"18","CRYBB1"
"TNNT1",0,3.62022590193027,0.02,0.002,0,"18","TNNT1"
"CTSG",0,3.14824627211491,0.019,0.001,0,"18","CTSG"
"TM4SF19",0,6.30654389048668,0.017,0,0,"18","TM4SF19"
"UTF1",0,5.16806839165938,0.017,0,0,"18","UTF1"
"SIGLEC5",0,5.63494242516844,0.017,0,0,"18","SIGLEC5"
"LINC00528",0,2.33529829356261,0.019,0.002,0,"18","LINC00528"
"GPR141",0,4.85323910106542,0.017,0,0,"18","GPR141"
"CAMP",0,7.44185623282994,0.017,0,0,"18","CAMP"
"PRSS21",0,3.61240788121063,0.018,0.001,0,"18","PRSS21"
"FFAR2",0,5.0669105896247,0.017,0.001,0,"18","FFAR2"
"C11orf21",0,2.67397917610297,0.018,0.002,0,"18","C11orf21"
"CST6",0,5.71155808813454,0.016,0,0,"18","CST6"
"CLEC6A",0,4.92957177608439,0.017,0.001,0,"18","CLEC6A"
"LINC01506",0,4.35356915802563,0.016,0,0,"18","LINC01506"
"AP001059.3",0,2.1792631312595,0.017,0.002,0,"18","AP001059.3"
"DEFB1",0,4.43166975008062,0.016,0.001,0,"18","DEFB1"
"AP003774.3",0,4.35685268208961,0.016,0.001,0,"18","AP003774.3"
"NDST2",0,3.13599378015384,0.016,0.001,0,"18","NDST2"
"SIGLEC11",0,5.2359574144162,0.015,0,0,"18","SIGLEC11"
"MT1H",0,5.77786295323175,0.015,0,0,"18","MT1H"
"DCSTAMP",0,3.08272866962129,0.016,0.001,0,"18","DCSTAMP"
"NME8",0,5.17028812463624,0.014,0,0,"18","NME8"
"AC068580.4",0,3.33574369637237,0.014,0.001,0,"18","AC068580.4"
"P2RY2",0,4.06514387229804,0.014,0.001,0,"18","P2RY2"
"AL049634.2",0,4.82767180315813,0.013,0,0,"18","AL049634.2"
"U62317.2",0,4.68042202321505,0.013,0,0,"18","U62317.2"
"S100P",0,4.96966030732802,0.013,0.001,0,"18","S100P"
"CD1B",0,3.81629550336965,0.012,0,0,"18","CD1B"
"CXCR2",0,5.72125026459005,0.012,0,0,"18","CXCR2"
"AP000919.4",0,3.80807891656231,0.013,0.001,0,"18","AP000919.4"
"NFE2",0,4.27272384476239,0.012,0.001,0,"18","NFE2"
"AL031056.1",0,5.06105857181681,0.011,0,0,"18","AL031056.1"
"CEBPE",0,4.66205199731148,0.011,0,0,"18","CEBPE"
"FCGR3B",0,6.33336040568038,0.011,0,0,"18","FCGR3B"
"TNFSF13",0,5.27545959346319,0.01,0,0,"18","TNFSF13"
"AC005224.3",0,2.51238067722536,0.011,0.001,0,"18","AC005224.3"
"AC020909.2",9.87987135019696e-300,3.18738845516086,0.01,0.001,3.22439481385028e-295,"18","AC020909.2"
"SLC25A511",3.30839450597844e-298,2.21651573385517,0.036,0.007,1.07972763097113e-293,"18","SLC25A51"
"LRG11",1.79989626364006e-295,3.8366740790436,0.015,0.001,5.8741414460157e-291,"18","LRG1"
"TREML1",1.16341737917981e-290,3.35842474954763,0.011,0.001,3.79692895869122e-286,"18","TREML1"
"FOLR3",5.84488555252083e-286,3.95739599182803,0.013,0.001,1.9075368489207e-281,"18","FOLR3"
"ELANE",1.78527967746096e-279,2.93513922432262,0.014,0.001,5.82643875536158e-275,"18","ELANE"
"MYCL",7.0072123041508e-277,2.34328727288442,0.038,0.008,2.28687380758265e-272,"18","MYCL"
"CLN3",4.24065195945882e-276,2.54844555237102,0.023,0.003,1.38397917348898e-271,"18","CLN3"
"LINC02139",1.0044680971403e-275,3.10446437234031,0.011,0.001,3.27818208182708e-271,"18","LINC02139"
"LILRA4",2.91350293814942e-270,2.5122943050621,0.011,0.001,9.50850818894446e-266,"18","LILRA4"
"SCN1B",6.00609412441746e-265,2.05434613459128,0.056,0.015,1.96014887844488e-260,"18","SCN1B"
"PRSS36",2.9275529293157e-261,2.11068636458108,0.028,0.005,9.55436174011472e-257,"18","PRSS36"
"LINC01146",7.3594231518353e-259,2.30697510985954,0.029,0.005,2.40182133983297e-254,"18","LINC01146"
"MOB3C",5.05677180515069e-253,2.29067846786592,0.03,0.006,1.65032804632898e-248,"18","MOB3C"
"GNG10",2.45093033858614e-249,2.19234761103634,0.031,0.006,7.99885625300972e-245,"18","GNG10"
"AP001056.2",4.1143011514658e-248,2.2748092909515,0.013,0.001,1.34274332379238e-243,"18","AP001056.2"
"AL392172.11",1.69191714167343e-247,2.27557628144924,0.031,0.006,5.52174078356542e-243,"18","AL392172.1"
"AL442128.2",1.09981964724319e-246,2.05514531026504,0.03,0.006,3.58937140074287e-242,"18","AL442128.2"
"AC005264.1",3.08557385945159e-245,2.69493802319552,0.028,0.005,1.00700788477062e-240,"18","AC005264.1"
"C9orf66",3.25953012153681e-242,2.84836196978785,0.013,0.001,1.06378025046475e-237,"18","C9orf66"
"NEU4",3.95267527823377e-242,2.84214186632777,0.019,0.003,1.28999510380437e-237,"18","NEU4"
"AC093627.4",1.95621397469451e-241,2.28545417883757,0.021,0.003,6.384299927813e-237,"18","AC093627.4"
"TIPARP-AS1",2.66084816519674e-240,2.16660598218691,0.022,0.003,8.68394407193608e-236,"18","TIPARP-AS1"
"AL356417.3",7.51132453205482e-239,2.41702702813398,0.02,0.003,2.45139587428141e-234,"18","AL356417.3"
"CLDN23",9.01561742844091e-236,2.12033902227087,0.026,0.005,2.94233690394597e-231,"18","CLDN23"
"LYVE1",1.22472995539841e-234,2.38138168644654,0.07,0.023,3.99702868243825e-230,"18","LYVE1"
"PLEK21",5.45237516739355e-232,2.17096972729459,0.02,0.003,1.77943715963056e-227,"18","PLEK2"
"CCL131",1.41443752429973e-228,2.0179148275598,0.021,0.003,4.61615830430459e-224,"18","CCL13"
"HAL",2.29218709761073e-222,3.75986833311713,0.016,0.002,7.48078181176239e-218,"18","HAL"
"AL121983.1",2.70962692455321e-220,3.42510724586638,0.01,0.001,8.84313843097185e-216,"18","AL121983.1"
"AC098613.11",1.07082144565492e-218,2.10311548963871,0.019,0.003,3.49473287003941e-214,"18","AC098613.1"
"AL445524.1",9.49495148419893e-218,2.17721909588064,0.037,0.009,3.09877236638316e-213,"18","AL445524.1"
"AC007336.1",4.93148853101517e-208,2.88728940229405,0.014,0.002,1.60944059698211e-203,"18","AC007336.1"
"AF213884.3",8.86249534866375e-207,2.23629441368809,0.014,0.002,2.8923639819899e-202,"18","AF213884.3"
"CLEC4F",3.2596756248524e-206,3.51552782117242,0.024,0.004,1.06382773692683e-201,"18","CLEC4F"
"VMAC1",2.06124777200278e-205,2.12010891703521,0.025,0.005,6.72708822870828e-201,"18","VMAC"
"SLC46A2",1.16236148300131e-200,3.08594672333932,0.019,0.003,3.79348293592309e-196,"18","SLC46A2"
"AC004069.1",1.80577643045469e-199,2.57307253049594,0.021,0.004,5.89333195843191e-195,"18","AC004069.1"
"PID11",7.45246870142703e-198,2.05944756084205,0.242,0.153,2.43218768539772e-193,"18","PID1"
"IL1A",4.68173801540528e-196,3.15012808773898,0.01,0.001,1.52793201870767e-191,"18","IL1A"
"IL27",5.44101350278766e-196,3.09500956791886,0.016,0.002,1.77572916676978e-191,"18","IL27"
"AC007728.2",1.13680511042071e-180,2.13760192694845,0.014,0.002,3.71007715836903e-176,"18","AC007728.2"
"NBPF10",2.27557274200296e-180,2.83316520471484,0.012,0.001,7.42655920080087e-176,"18","NBPF10"
"AC008569.1",1.19368738578399e-179,2.00736512373437,0.042,0.012,3.89571815224464e-175,"18","AC008569.1"
"FP565260.3",4.76618868147761e-175,2.23854190062867,0.01,0.001,1.55549333808703e-170,"18","FP565260.3"
"EFNA41",1.12180152033079e-171,2.23951444492001,0.019,0.003,3.66111144175157e-167,"18","EFNA4"
"NOTCH2NL",4.82894668177121e-169,2.44780233866691,0.01,0.001,1.57597503906285e-164,"18","NOTCH2NL"
"AC133065.1",2.12829202098255e-164,2.05351251050028,0.032,0.008,6.94589383967866e-160,"18","AC133065.1"
"FLT3",6.22020774209878e-164,2.04681332200672,0.054,0.019,2.03002699871136e-159,"18","FLT3"
"HAS11",7.37019484373688e-157,2.15591175340597,0.016,0.003,2.40533678920197e-152,"18","HAS1"
"AL158832.1",2.78309801048513e-154,2.44483331740479,0.022,0.005,9.08291866701926e-150,"18","AL158832.1"
"AC106739.21",1.16029349428873e-151,2.26023756938547,0.014,0.002,3.7867338479607e-147,"18","AC106739.2"
"NPFFR1",4.34422425791077e-144,2.67300371864715,0.014,0.002,1.41778102881176e-139,"18","NPFFR1"
"AC067930.4",1.34061454803702e-141,2.10988065024525,0.016,0.003,4.37522963897361e-137,"18","AC067930.4"
"AL160272.2",1.78081710390489e-137,2.06524882369045,0.031,0.009,5.81187470030401e-133,"18","AL160272.2"
"AATBC",1.42939427468965e-134,3.11346567457936,0.013,0.002,4.66497115487713e-130,"18","AATBC"
"AL078590.2",3.56167744785324e-130,2.6549838781335,0.022,0.005,1.16238905188138e-125,"18","AL078590.2"
"VCAN-AS11",7.8644532529065e-130,2.27738532068814,0.071,0.032,2.56664296361857e-125,"18","VCAN-AS1"
"AC005162.1",5.32391881806716e-126,2.62371734437796,0.013,0.002,1.7375141454644e-121,"18","AC005162.1"
"CETP1",6.48984260160638e-124,2.68472434117847,0.02,0.004,2.11802503146026e-119,"18","CETP"
"GK3P",1.23186118515315e-123,2.44438087665533,0.017,0.004,4.02030216386583e-119,"18","GK3P"
"ADGRG3",2.30892283951937e-122,3.71268697059083,0.014,0.003,7.5354005790554e-118,"18","ADGRG3"
"ADPGK-AS1",3.04537149102072e-118,2.1958378659691,0.01,0.001,9.93887439809524e-114,"18","ADPGK-AS1"
"AC021594.2",2.79454272790369e-117,3.05948371569448,0.012,0.002,9.1202696467865e-113,"18","AC021594.2"
"RUFY4",2.28128869988007e-110,2.40818708102151,0.02,0.005,7.4452138009286e-106,"18","RUFY4"
"AIFM3",2.54690698207858e-110,2.6606940476911,0.013,0.003,8.31208562671165e-106,"18","AIFM3"
"LINC01353",7.78342322974748e-107,2.21367061285339,0.01,0.001,2.54019800526039e-102,"18","LINC01353"
"COL1A21",0,5.15016411803346,0.824,0.084,0,"19","COL1A2"
"COL1A11",0,6.0344294177575,0.755,0.057,0,"19","COL1A1"
"COL3A11",0,5.31319813795673,0.751,0.067,0,"19","COL3A1"
"SPARC1",0,3.91673714545999,0.794,0.158,0,"19","SPARC"
"IGFBP72",0,3.05046925799627,0.797,0.178,0,"19","IGFBP7"
"COL6A21",0,4.25000302761827,0.698,0.096,0,"19","COL6A2"
"DCN1",0,4.97860175664761,0.593,0.032,0,"19","DCN"
"MGP2",0,4.30045153795185,0.62,0.06,0,"19","MGP"
"IGFBP5",0,3.89431555442824,0.685,0.133,0,"19","IGFBP5"
"COL6A31",0,4.21091360066381,0.577,0.046,0,"19","COL6A3"
"VIM",0,2.38928877725669,0.723,0.224,0,"19","VIM"
"FSTL11",0,3.88323538347131,0.585,0.103,0,"19","FSTL1"
"C1R1",0,4.83193135259921,0.511,0.032,0,"19","C1R"
"LUM1",0,5.29141796830156,0.502,0.024,0,"19","LUM"
"GSN",0,3.79399356392498,0.659,0.182,0,"19","GSN"
"FN12",0,3.78460152189778,0.648,0.172,0,"19","FN1"
"CTGF3",0,3.80529030816443,0.539,0.069,0,"19","CTGF"
"COL6A11",0,3.74539790843143,0.681,0.212,0,"19","COL6A1"
"IGFBP42",0,3.06082423587273,0.576,0.111,0,"19","IGFBP4"
"COL4A12",0,2.21857187906385,0.624,0.174,0,"19","COL4A1"
"C1S1",0,3.74502208771902,0.552,0.105,0,"19","C1S"
"COL4A22",0,2.10110706492094,0.634,0.189,0,"19","COL4A2"
"EGR11",0,3.21749751575848,0.593,0.148,0,"19","EGR1"
"TIMP12",0,4.08816665622754,0.53,0.095,0,"19","TIMP1"
"CCDC801",0,4.58998649369767,0.474,0.047,0,"19","CCDC80"
"CYR612",0,3.16794346471413,0.51,0.083,0,"19","CYR61"
"LAMA21",0,2.56358676751306,0.513,0.09,0,"19","LAMA2"
"AEBP11",0,4.22498139436598,0.495,0.073,0,"19","AEBP1"
"COL5A22",0,2.56989695442061,0.52,0.109,0,"19","COL5A2"
"LHFPL61",0,2.31407784707828,0.64,0.234,0,"19","LHFPL6"
"SERPING11",0,3.73364596324587,0.466,0.066,0,"19","SERPING1"
"IFITM32",0,2.90294324427509,0.48,0.081,0,"19","IFITM3"
"CFH2",0,3.24110562639235,0.458,0.062,0,"19","CFH"
"FBN12",0,3.12829204995786,0.495,0.104,0,"19","FBN1"
"BGN2",0,4.91948379849338,0.419,0.032,0,"19","BGN"
"CRISPLD21",0,2.54151163108854,0.449,0.062,0,"19","CRISPLD2"
"COL5A12",0,3.76412564424586,0.443,0.059,0,"19","COL5A1"
"ABCA82",0,2.94640892798585,0.45,0.068,0,"19","ABCA8"
"VCAN2",0,2.42862118248595,0.52,0.139,0,"19","VCAN"
"ZFP36L11",0,2.32802115043149,0.511,0.134,0,"19","ZFP36L1"
"C71",0,3.70260644537639,0.43,0.053,0,"19","C7"
"FOS",0,2.30350992934328,0.642,0.268,0,"19","FOS"
"LGALS11",0,2.96903021267889,0.468,0.097,0,"19","LGALS1"
"TAGLN1",0,3.34290903594771,0.412,0.044,0,"19","TAGLN"
"THBS21",0,4.44289415324724,0.398,0.031,0,"19","THBS2"
"CST31",0,2.50704917104063,0.559,0.199,0,"19","CST3"
"S100A6",0,2.25674915013554,0.584,0.224,0,"19","S100A6"
"MFGE81",0,3.39578768701275,0.41,0.053,0,"19","MFGE8"
"COL18A11",0,2.55001081957585,0.518,0.172,0,"19","COL18A1"
"CEBPD1",0,2.53986009359126,0.445,0.104,0,"19","CEBPD"
"THBS12",0,2.59584125329864,0.42,0.079,0,"19","THBS1"
"CXCL122",0,3.85495066194913,0.378,0.04,0,"19","CXCL12"
"LTBP42",0,3.28057922812596,0.431,0.096,0,"19","LTBP4"
"CAVIN12",0,3.17501223721364,0.387,0.054,0,"19","CAVIN1"
"SERPINH11",0,3.63475096346152,0.386,0.058,0,"19","SERPINH1"
"BICC11",0,2.47948314072792,0.448,0.121,0,"19","BICC1"
"IGFBP61",0,5.38482243146114,0.348,0.022,0,"19","IGFBP6"
"NID11",0,2.46145953934501,0.409,0.084,0,"19","NID1"
"FBLN11",0,4.11489224519849,0.419,0.095,0,"19","FBLN1"
"ZFP361",0,2.13209214747823,0.467,0.145,0,"19","ZFP36"
"NNMT1",0,3.0370450328692,0.381,0.06,0,"19","NNMT"
"COL12A12",0,2.86435294439919,0.374,0.056,0,"19","COL12A1"
"HSPG22",0,2.10978380712103,0.422,0.109,0,"19","HSPG2"
"AHNAK",0,2.39010453473193,0.491,0.178,0,"19","AHNAK"
"LRP1",0,2.73148245454977,0.514,0.202,0,"19","LRP1"
"NR2F21",0,2.97802170190556,0.369,0.057,0,"19","NR2F2"
"ABCA61",0,2.83252234582178,0.383,0.074,0,"19","ABCA6"
"ISLR1",0,5.10704278314978,0.321,0.016,0,"19","ISLR"
"SERPINF11",0,4.63131169308097,0.349,0.044,0,"19","SERPINF1"
"APOD1",0,5.37610632840353,0.323,0.024,0,"19","APOD"
"CCL22",0,3.37713647751749,0.344,0.047,0,"19","CCL2"
"MYL9",0,2.75491365553366,0.35,0.053,0,"19","MYL9"
"PLAC91",0,4.08434137935054,0.317,0.024,0,"19","PLAC9"
"MMP21",0,3.89408433761333,0.352,0.06,0,"19","MMP2"
"MXRA81",0,3.59017461542082,0.326,0.036,0,"19","MXRA8"
"FBLN53",0,3.03002148068479,0.333,0.043,0,"19","FBLN5"
"EMILIN11",0,4.07074058903276,0.329,0.041,0,"19","EMILIN1"
"PDGFRB1",0,2.84582432180936,0.337,0.05,0,"19","PDGFRB"
"EGFR2",0,2.39611701487729,0.366,0.079,0,"19","EGFR"
"CYBRD12",0,3.24063248189181,0.328,0.045,0,"19","CYBRD1"
"S100A112",0,2.03167110808072,0.356,0.073,0,"19","S100A11"
"SULF12",0,2.8582307721871,0.332,0.052,0,"19","SULF1"
"FOSB1",0,2.35065788822037,0.43,0.153,0,"19","FOSB"
"GPC31",0,3.60790544806932,0.315,0.04,0,"19","GPC3"
"PRELP1",0,4.75880080779028,0.293,0.018,0,"19","PRELP"
"TFPI2",0,2.08216817239995,0.347,0.072,0,"19","TFPI"
"TNXB1",0,2.42836971724994,0.334,0.061,0,"19","TNXB"
"CYP1B11",0,3.61021362088959,0.308,0.037,0,"19","CYP1B1"
"COL8A12",0,2.05519034973887,0.342,0.072,0,"19","COL8A1"
"C32",0,4.24336960319185,0.295,0.027,0,"19","C3"
"F32",0,3.10307429364088,0.31,0.043,0,"19","F3"
"TGFBI1",0,3.09978025277227,0.334,0.067,0,"19","TGFBI"
"PHLDA11",0,2.94874353489243,0.354,0.088,0,"19","PHLDA1"
"CEBPB1",0,2.26312381292731,0.351,0.085,0,"19","CEBPB"
"OGN1",0,3.54490553498579,0.319,0.054,0,"19","OGN"
"PODN1",0,4.27806403820226,0.285,0.021,0,"19","PODN"
"SRPX1",0,3.63810272862591,0.292,0.03,0,"19","SRPX"
"TXNIP",0,2.06657163221532,0.507,0.25,0,"19","TXNIP"
"OLFML2B1",0,3.51724143715391,0.294,0.037,0,"19","OLFML2B"
"ABCA91",0,2.7876876417479,0.317,0.061,0,"19","ABCA9"
"C11orf96",0,3.0983030673639,0.36,0.107,0,"19","C11orf96"
"IGF11",0,3.53672948225447,0.292,0.039,0,"19","IGF1"
"MATN21",0,2.27026025086636,0.405,0.153,0,"19","MATN2"
"LAPTM4A",0,2.42679375288183,0.472,0.221,0,"19","LAPTM4A"
"PRRX11",0,2.99920385998733,0.283,0.033,0,"19","PRRX1"
"MMP14",0,3.91024971988131,0.284,0.034,0,"19","MMP14"
"ALDH1A11",0,2.27333324937156,0.307,0.06,0,"19","ALDH1A1"
"COL15A11",0,2.03737092542727,0.314,0.067,0,"19","COL15A1"
"CD631",0,2.28799819222639,0.476,0.229,0,"19","CD63"
"RARRES21",0,3.14870391459451,0.276,0.031,0,"19","RARRES2"
"FBLN21",0,3.96004823861791,0.271,0.027,0,"19","FBLN2"
"SOD31",0,3.39154196729673,0.264,0.02,0,"19","SOD3"
"GGT51",0,3.8070357637252,0.268,0.025,0,"19","GGT5"
"IFITM21",0,2.30934317469906,0.307,0.066,0,"19","IFITM2"
"ITGB1",0,2.15542855275723,0.616,0.375,0,"19","ITGB1"
"OLFML32",0,4.15489327078618,0.263,0.023,0,"19","OLFML3"
"PCOLCE",0,3.32353609742775,0.335,0.095,0,"19","PCOLCE"
"LY6E1",0,2.52567002074668,0.322,0.083,0,"19","LY6E"
"ABCA101",0,2.8154413129414,0.344,0.105,0,"19","ABCA10"
"COL14A12",0,3.04849823179225,0.301,0.062,0,"19","COL14A1"
"BST23",0,2.41201090466318,0.314,0.078,0,"19","BST2"
"OAF1",0,2.90616593141831,0.279,0.044,0,"19","OAF"
"RRBP12",0,2.31721323185221,0.324,0.089,0,"19","RRBP1"
"FHL22",0,2.12170260442259,0.299,0.065,0,"19","FHL2"
"PRNP1",0,2.43283575970108,0.371,0.137,0,"19","PRNP"
"EFEMP21",0,3.82913252610726,0.266,0.033,0,"19","EFEMP2"
"SFRP41",0,4.45069408780723,0.288,0.055,0,"19","SFRP4"
"MRC21",0,3.12755548561581,0.28,0.049,0,"19","MRC2"
"FLNA",0,2.49943435681098,0.347,0.116,0,"19","FLNA"
"LGALS3BP",0,2.35037811117854,0.417,0.186,0,"19","LGALS3BP"
"KLF91",0,2.06760359813435,0.356,0.127,0,"19","KLF9"
"PI161",0,5.71276144736355,0.239,0.01,0,"19","PI16"
"HTRA12",0,3.26545713302828,0.272,0.045,0,"19","HTRA1"
"LAMB2",0,3.39329171179494,0.266,0.039,0,"19","LAMB2"
"PRSS232",0,2.10543834420768,0.339,0.114,0,"19","PRSS23"
"ADAMTS13",0,2.14684390445041,0.299,0.076,0,"19","ADAMTS1"
"NGFR1",0,3.26599744623352,0.269,0.048,0,"19","NGFR"
"TNFRSF1A1",0,2.08880023258097,0.297,0.078,0,"19","TNFRSF1A"
"SPON21",0,3.70435116753577,0.248,0.033,0,"19","SPON2"
"NUPR11",0,3.56295144090422,0.239,0.026,0,"19","NUPR1"
"SMOC21",0,2.61980729328788,0.266,0.054,0,"19","SMOC2"
"EBF22",0,2.45109625692258,0.241,0.029,0,"19","EBF2"
"FLRT21",0,2.47737663656751,0.324,0.113,0,"19","FLRT2"
"HTRA31",0,5.20587511865975,0.22,0.01,0,"19","HTRA3"
"SSPN",0,2.83726767436927,0.265,0.057,0,"19","SSPN"
"SELENOM",0,2.49529311794305,0.31,0.105,0,"19","SELENOM"
"ANXA51",0,2.02703877258391,0.367,0.163,0,"19","ANXA5"
"FGF71",0,2.71283504967004,0.245,0.041,0,"19","FGF7"
"ERRFI11",0,2.60183434972359,0.263,0.06,0,"19","ERRFI1"
"CTSK1",0,3.88177401570328,0.231,0.028,0,"19","CTSK"
"ADH1B2",0,3.26133560982415,0.22,0.017,0,"19","ADH1B"
"LTBP3",0,2.38018089825633,0.304,0.104,0,"19","LTBP3"
"ACTA2",0,2.51624243613226,0.254,0.054,0,"19","ACTA2"
"LTBP11",0,2.09735953748576,0.274,0.076,0,"19","LTBP1"
"DHRS31",0,2.01839178183161,0.27,0.073,0,"19","DHRS3"
"VIT2",0,3.28519762985619,0.217,0.021,0,"19","VIT"
"CDH111",0,2.21047822346926,0.284,0.088,0,"19","CDH11"
"ADAMTSL31",0,3.02945510832928,0.244,0.049,0,"19","ADAMTSL3"
"EFEMP11",0,4.02908373897561,0.214,0.02,0,"19","EFEMP1"
"TNC1",0,2.52268398251062,0.241,0.047,0,"19","TNC"
"TPM2",0,2.3609219300269,0.247,0.054,0,"19","TPM2"
"KCNE41",0,3.13969285630467,0.218,0.025,0,"19","KCNE4"
"CAVIN3",0,3.2943378331031,0.216,0.024,0,"19","CAVIN3"
"SERPINE11",0,2.25331251935185,0.241,0.049,0,"19","SERPINE1"
"THY1",0,3.01338659816074,0.292,0.101,0,"19","THY1"
"FKBP10",0,2.48998621952797,0.272,0.082,0,"19","FKBP10"
"S100A132",0,2.93116094316072,0.229,0.04,0,"19","S100A13"
"PDGFRA1",0,4.35453885447208,0.202,0.014,0,"19","PDGFRA"
"RCN31",0,3.56839070287245,0.214,0.026,0,"19","RCN3"
"CLEC11A",0,3.10909832509183,0.242,0.057,0,"19","CLEC11A"
"FSTL31",0,2.56620284761921,0.252,0.068,0,"19","FSTL3"
"PLXDC11",0,2.77551840056107,0.218,0.035,0,"19","PLXDC1"
"IGFBP32",0,2.7375533779488,0.21,0.031,0,"19","IGFBP3"
"COLEC121",0,2.27075015659595,0.227,0.05,0,"19","COLEC12"
"PPIC2",0,3.7650156523907,0.2,0.024,0,"19","PPIC"
"SVEP11",0,2.97843354551445,0.225,0.049,0,"19","SVEP1"
"ABI3BP1",0,2.47867864545273,0.236,0.06,0,"19","ABI3BP"
"ALDH1A31",0,2.88493911661331,0.215,0.039,0,"19","ALDH1A3"
"KCTD122",0,2.3881784415111,0.233,0.058,0,"19","KCTD12"
"FXYD12",0,2.88405670418282,0.193,0.019,0,"19","FXYD1"
"ID32",0,2.0381028527172,0.239,0.068,0,"19","ID3"
"TCIM2",0,2.10203017093332,0.22,0.049,0,"19","TCIM"
"H2AFJ",0,2.19789428606233,0.236,0.065,0,"19","H2AFJ"
"MYADM",0,2.04527278088134,0.317,0.147,0,"19","MYADM"
"NOTCH31",0,2.99586803543004,0.196,0.026,0,"19","NOTCH3"
"CD2481",0,4.89714627942662,0.178,0.009,0,"19","CD248"
"MEOX21",0,2.57206527514826,0.191,0.023,0,"19","MEOX2"
"PDGFRL1",0,4.15117645383381,0.184,0.017,0,"19","PDGFRL"
"GAS62",0,2.50404291243505,0.251,0.084,0,"19","GAS6"
"CSRP1",0,2.5306472856192,0.246,0.08,0,"19","CSRP1"
"HSPA5",0,2.12866827000333,0.344,0.178,0,"19","HSPA5"
"FMO21",0,3.58036342509367,0.18,0.014,0,"19","FMO2"
"GLT8D21",0,3.02987889304404,0.202,0.037,0,"19","GLT8D2"
"RAB34",0,2.80390638985206,0.204,0.039,0,"19","RAB34"
"NFIX2",0,2.62794340073183,0.202,0.038,0,"19","NFIX"
"CTHRC1",0,4.08944621048255,0.194,0.031,0,"19","CTHRC1"
"INHBA1",0,3.89860806065042,0.181,0.018,0,"19","INHBA"
"RHOC",0,2.00928399384534,0.261,0.101,0,"19","RHOC"
"CRYAB2",0,2.45911748099694,0.198,0.038,0,"19","CRYAB"
"HIC11",0,3.27074918434116,0.185,0.025,0,"19","HIC1"
"CFD2",0,4.83755237071325,0.192,0.032,0,"19","CFD"
"CPXM23",0,2.71899547355166,0.191,0.032,0,"19","CPXM2"
"COL16A12",0,2.68262775809474,0.203,0.045,0,"19","COL16A1"
"LTBP21",0,3.83903807869372,0.184,0.026,0,"19","LTBP2"
"PLTP1",0,2.23519327056808,0.21,0.052,0,"19","PLTP"
"ITM2A1",0,2.54196491174747,0.194,0.036,0,"19","ITM2A"
"PPIB",0,2.06559922123748,0.362,0.206,0,"19","PPIB"
"DEPP12",0,2.80988166532811,0.198,0.043,0,"19","DEPP1"
"PLEKHH21",0,2.13342545871026,0.197,0.042,0,"19","PLEKHH2"
"S100A162",0,2.59480530086075,0.186,0.032,0,"19","S100A16"
"LRP10",0,2.32683250485632,0.222,0.068,0,"19","LRP10"
"RCN1",0,2.57110861594215,0.219,0.067,0,"19","RCN1"
"GPX82",0,4.24417403299631,0.161,0.01,0,"19","GPX8"
"PLP11",0,2.83074042464658,0.184,0.034,0,"19","PLP1"
"SPRY21",0,2.57174121096051,0.194,0.045,0,"19","SPRY2"
"FMOD1",0,4.57993086712785,0.158,0.009,0,"19","FMOD"
"CDC42EP52",0,2.65284957360759,0.173,0.025,0,"19","CDC42EP5"
"PLEKHA42",0,2.26083666792338,0.189,0.041,0,"19","PLEKHA4"
"NBL1",0,3.01058873785233,0.187,0.044,0,"19","NBL1"
"ECM1",0,3.4565022579822,0.161,0.019,0,"19","ECM1"
"CD3021",0,2.75543282591423,0.177,0.036,0,"19","CD302"
"PTGDS1",0,4.7842180158594,0.152,0.011,0,"19","PTGDS"
"EVA1B1",0,3.04215825934982,0.169,0.029,0,"19","EVA1B"
"TNFRSF12A1",0,3.14356309377979,0.171,0.031,0,"19","TNFRSF12A"
"F2R1",0,2.9008403373468,0.199,0.06,0,"19","F2R"
"POSTN1",0,5.13447976828498,0.159,0.02,0,"19","POSTN"
"RGS161",0,2.41150347268361,0.197,0.059,0,"19","RGS16"
"BOC2",0,2.88569228288508,0.169,0.031,0,"19","BOC"
"TNFAIP62",0,3.65770568581988,0.151,0.013,0,"19","TNFAIP6"
"TSPAN41",0,2.07451998170138,0.226,0.089,0,"19","TSPAN4"
"CLDN13",0,3.09104089003214,0.152,0.015,0,"19","CLDN1"
"LOX1",0,4.57877852338952,0.147,0.01,0,"19","LOX"
"C2orf401",0,4.09178639816076,0.152,0.016,0,"19","C2orf40"
"CRTAP",0,2.22259618091943,0.201,0.065,0,"19","CRTAP"
"MFAP51",0,4.28540212959187,0.147,0.011,0,"19","MFAP5"
"EPHA31",0,2.65636847069708,0.173,0.037,0,"19","EPHA3"
"MFAP42",0,3.86662785681507,0.157,0.023,0,"19","MFAP4"
"COX7A1",0,2.38449967450208,0.165,0.032,0,"19","COX7A1"
"THBS41",0,2.95845031258996,0.184,0.052,0,"19","THBS4"
"GFPT21",0,2.91216282122167,0.174,0.042,0,"19","GFPT2"
"TGFB1I1",0,2.84669485423669,0.166,0.035,0,"19","TGFB1I1"
"ZCCHC242",0,2.56238886528774,0.161,0.03,0,"19","ZCCHC24"
"KIAA17552",0,2.31028635644498,0.153,0.022,0,"19","KIAA1755"
"PKDCC1",0,2.46832774082738,0.173,0.044,0,"19","PKDCC"
"HEYL1",0,2.58739616451039,0.155,0.028,0,"19","HEYL"
"PAMR11",0,2.43746715347402,0.166,0.039,0,"19","PAMR1"
"TMEM98",0,2.14037484320113,0.204,0.077,0,"19","TMEM98"
"NDRG21",0,2.00186262309143,0.188,0.062,0,"19","NDRG2"
"PHLDA3",0,2.59685998533013,0.177,0.052,0,"19","PHLDA3"
"FRZB",0,3.2810565737464,0.176,0.052,0,"19","FRZB"
"TPBG1",0,3.59852783613522,0.136,0.013,0,"19","TPBG"
"ASPN1",0,2.60055031382102,0.177,0.054,0,"19","ASPN"
"EGR32",0,2.70632584614118,0.147,0.025,0,"19","EGR3"
"NID21",0,2.27869764676293,0.15,0.028,0,"19","NID2"
"TRIP6",0,2.67674767193251,0.143,0.023,0,"19","TRIP6"
"FOXS11",0,4.87931136609733,0.125,0.005,0,"19","FOXS1"
"MYC",0,2.22372657581831,0.169,0.05,0,"19","MYC"
"CFI2",0,3.94831101225331,0.132,0.013,0,"19","CFI"
"OSR21",0,4.72358703586887,0.125,0.006,0,"19","OSR2"
"CAPN61",0,4.56529140502808,0.123,0.005,0,"19","CAPN6"
"CSF11",0,2.72607095443209,0.146,0.029,0,"19","CSF1"
"SDC41",0,2.73257186162936,0.143,0.026,0,"19","SDC4"
"KANK22",0,2.07900339070284,0.157,0.04,0,"19","KANK2"
"VGLL32",0,2.47539690880798,0.143,0.026,0,"19","VGLL3"
"KDELR3",0,3.42685903633901,0.129,0.013,0,"19","KDELR3"
"ADGRA2",0,2.7690990961054,0.149,0.033,0,"19","ADGRA2"
"OLFML2A1",0,2.94371923209895,0.152,0.036,0,"19","OLFML2A"
"ANGPTL2",0,2.96218556037622,0.148,0.032,0,"19","ANGPTL2"
"RRAS1",0,2.65697449357557,0.145,0.029,0,"19","RRAS"
"PLOD1",0,2.3784002100524,0.166,0.051,0,"19","PLOD1"
"CDC42EP11",0,3.12776628902369,0.135,0.02,0,"19","CDC42EP1"
"LOXL11",0,3.26759373832127,0.144,0.029,0,"19","LOXL1"
"EHD22",0,2.80188346017693,0.137,0.023,0,"19","EHD2"
"TMEM472",0,2.99216221825692,0.141,0.027,0,"19","TMEM47"
"CERCAM",0,2.44783720311674,0.165,0.052,0,"19","CERCAM"
"ITGA111",0,2.89583253506809,0.14,0.027,0,"19","ITGA11"
"COPZ2",0,3.07572693338757,0.136,0.023,0,"19","COPZ2"
"SERTAD11",0,2.06722241483596,0.162,0.049,0,"19","SERTAD1"
"PTCH21",0,2.37041738185269,0.172,0.059,0,"19","PTCH2"
"NOV2",0,3.13791154945143,0.139,0.027,0,"19","NOV"
"S1PR32",0,2.74504160039213,0.135,0.023,0,"19","S1PR3"
"FZD11",0,3.67893652937476,0.124,0.012,0,"19","FZD1"
"MARVELD11",0,2.73987704926346,0.16,0.048,0,"19","MARVELD1"
"CHRDL11",0,4.26845960756308,0.121,0.01,0,"19","CHRDL1"
"ADAMTS122",0,2.14074608592068,0.148,0.037,0,"19","ADAMTS12"
"WFDC11",0,2.98940598243246,0.131,0.021,0,"19","WFDC1"
"CTSO",0,2.40534177588795,0.148,0.038,0,"19","CTSO"
"COL5A32",0,2.80293371620268,0.133,0.024,0,"19","COL5A3"
"ADGRD11",0,2.51222690786143,0.13,0.021,0,"19","ADGRD1"
"MIA2",0,3.76152539176226,0.118,0.009,0,"19","MIA"
"PXDC13",0,2.09886214087336,0.145,0.036,0,"19","PXDC1"
"NT5E1",0,2.3929717637129,0.149,0.04,0,"19","NT5E"
"SMIM31",0,2.28883190905146,0.134,0.03,0,"19","SMIM3"
"IFITM12",0,2.90318492322924,0.12,0.016,0,"19","IFITM1"
"FMO11",0,3.45539427254492,0.111,0.008,0,"19","FMO1"
"CPXM1",0,2.63714555340179,0.152,0.049,0,"19","CPXM1"
"TWIST21",0,3.10113113061862,0.112,0.01,0,"19","TWIST2"
"HAS21",0,2.97516028825478,0.116,0.014,0,"19","HAS2"
"CYP1B1-AS11",0,2.46109594316493,0.138,0.037,0,"19","CYP1B1-AS1"
"KDELC2",0,2.65325634061161,0.131,0.03,0,"19","KDELC2"
"FZD21",0,4.15729036723457,0.111,0.01,0,"19","FZD2"
"TAX1BP3",0,2.73421284632733,0.134,0.034,0,"19","TAX1BP3"
"DPT1",0,5.2287479032784,0.105,0.005,0,"19","DPT"
"GXYLT21",0,2.69313898113587,0.13,0.032,0,"19","GXYLT2"
"GFRA12",0,2.07331358052669,0.141,0.043,0,"19","GFRA1"
"SCARA51",0,4.97118870328678,0.103,0.006,0,"19","SCARA5"
"AMOTL21",0,2.91042318261954,0.124,0.028,0,"19","AMOTL2"
"TMEM1191",0,4.0721231949583,0.106,0.011,0,"19","TMEM119"
"LRRC322",0,2.53172690238237,0.121,0.026,0,"19","LRRC32"
"FAP3",0,2.4714175062934,0.112,0.019,0,"19","FAP"
"AGTRAP1",0,2.04601127140347,0.125,0.033,0,"19","AGTRAP"
"MFAP2",0,3.14956580476252,0.116,0.024,0,"19","MFAP2"
"PHGDH1",0,2.12651845917884,0.128,0.036,0,"19","PHGDH"
"TMEM1581",0,3.47712846223154,0.104,0.012,0,"19","TMEM158"
"BAMBI1",0,3.47352077594605,0.104,0.012,0,"19","BAMBI"
"PLAU1",0,2.50012463465032,0.114,0.022,0,"19","PLAU"
"AL445426.11",0,2.68274560754298,0.127,0.035,0,"19","AL445426.1"
"ANGPTL7",0,5.13181744561855,0.112,0.021,0,"19","ANGPTL7"
"STXBP61",0,2.17116059115833,0.107,0.016,0,"19","STXBP6"
"DIO3OS2",0,3.10724716125466,0.099,0.008,0,"19","DIO3OS"
"MXRA51",0,4.53006133742178,0.098,0.009,0,"19","MXRA5"
"ID41",0,2.64329917434788,0.118,0.029,0,"19","ID4"
"APOL12",0,2.68893912154947,0.114,0.025,0,"19","APOL1"
"ENTPD23",0,3.40130668727642,0.096,0.008,0,"19","ENTPD2"
"FHL3",0,2.37481160472929,0.114,0.027,0,"19","FHL3"
"OLFML1",0,3.2893558280615,0.097,0.01,0,"19","OLFML1"
"FNDC11",0,4.31136531247992,0.093,0.006,0,"19","FNDC1"
"LRRN4CL1",0,4.29016461135536,0.092,0.006,0,"19","LRRN4CL"
"HEPH2",0,2.45302371871555,0.104,0.018,0,"19","HEPH"
"RHBDF11",0,2.52800799939275,0.103,0.017,0,"19","RHBDF1"
"C1QTNF11",0,2.08952932302538,0.115,0.03,0,"19","C1QTNF1"
"SFRP51",0,5.02966118372605,0.089,0.004,0,"19","SFRP5"
"FOXC12",0,2.38368287879583,0.112,0.028,0,"19","FOXC1"
"F101",0,3.0174727781116,0.1,0.017,0,"19","F10"
"FMO31",0,3.37338186383733,0.089,0.007,0,"19","FMO3"
"CREB3L11",0,3.38882070781526,0.091,0.01,0,"19","CREB3L1"
"ADAM331",0,3.513963925886,0.091,0.01,0,"19","ADAM33"
"TRIP101",0,2.39031186161129,0.104,0.023,0,"19","TRIP10"
"EFNB11",0,2.47459651497509,0.099,0.02,0,"19","EFNB1"
"FIBIN2",0,3.97689506134997,0.085,0.006,0,"19","FIBIN"
"EGR21",0,2.49437406102775,0.095,0.017,0,"19","EGR2"
"SOX91",0,3.54399882793423,0.089,0.011,0,"19","SOX9"
"COL9A31",0,2.68512606595833,0.089,0.011,0,"19","COL9A3"
"BMP8B1",0,2.44078192058479,0.098,0.021,0,"19","BMP8B"
"GAS11",0,4.57257303165728,0.086,0.009,0,"19","GAS1"
"TSKU1",0,3.45593736034974,0.086,0.009,0,"19","TSKU"
"HSPB62",0,3.6945450012483,0.084,0.007,0,"19","HSPB6"
"ANO11",0,2.55429669722998,0.095,0.018,0,"19","ANO1"
"PAPLN2",0,2.3488644118251,0.098,0.022,0,"19","PAPLN"
"C16orf891",0,3.57762532539572,0.084,0.008,0,"19","C16orf89"
"MT1M1",0,2.5963077258725,0.094,0.018,0,"19","MT1M"
"EFHD1",0,2.30567976356035,0.091,0.015,0,"19","EFHD1"
"PTGIS2",0,3.12498957235568,0.097,0.022,0,"19","PTGIS"
"PCDH181",0,3.70601080278623,0.086,0.011,0,"19","PCDH18"
"MEDAG3",0,3.15692220295649,0.094,0.019,0,"19","MEDAG"
"SELENBP12",0,3.14788850365045,0.081,0.007,0,"19","SELENBP1"
"TBX181",0,2.61523417586437,0.088,0.014,0,"19","TBX18"
"FOXD11",0,4.05579251244462,0.082,0.009,0,"19","FOXD1"
"INMT2",0,3.65228471286797,0.08,0.007,0,"19","INMT"
"PDPN2",0,2.5602168670007,0.083,0.011,0,"19","PDPN"
"MT1A1",0,2.92533465720492,0.083,0.011,0,"19","MT1A"
"BHMT21",0,2.11517779606186,0.091,0.02,0,"19","BHMT2"
"GDF10",0,3.60485275343579,0.077,0.008,0,"19","GDF10"
"ADH1C1",0,4.76669899835655,0.072,0.003,0,"19","ADH1C"
"SNHG182",0,3.06049402560407,0.076,0.009,0,"19","SNHG18"
"GPRC5A3",0,3.11611347888611,0.083,0.016,0,"19","GPRC5A"
"CCL191",0,5.28898657373166,0.073,0.006,0,"19","CCL19"
"FOXD21",0,4.18614490954838,0.069,0.003,0,"19","FOXD2"
"SYDE11",0,3.35041556250868,0.074,0.008,0,"19","SYDE1"
"MRGPRF1",0,3.29306922822658,0.073,0.007,0,"19","MRGPRF"
"RAB3IL11",0,2.82311288946971,0.079,0.014,0,"19","RAB3IL1"
"AC009041.21",0,3.58186936571583,0.07,0.005,0,"19","AC009041.2"
"MMP23B1",0,4.13311263877941,0.071,0.006,0,"19","MMP23B"
"CXCL141",0,4.86919554928878,0.069,0.005,0,"19","CXCL14"
"ABCC91",0,2.37353518315462,0.08,0.016,0,"19","ABCC9"
"FOXC21",0,3.29559680066026,0.069,0.005,0,"19","FOXC2"
"PLA2G2A1",0,4.06206355607152,0.066,0.003,0,"19","PLA2G2A"
"SOX81",0,3.52311761495208,0.067,0.005,0,"19","SOX8"
"GJB21",0,4.95712047744055,0.065,0.003,0,"19","GJB2"
"L1TD11",0,2.54685499444779,0.069,0.008,0,"19","L1TD1"
"CHRD1",0,3.30310583240374,0.066,0.006,0,"19","CHRD"
"WISP11",0,3.11293848685369,0.068,0.008,0,"19","WISP1"
"SFRP21",0,6.2048462753044,0.063,0.003,0,"19","SFRP2"
"RASL121",0,2.45708699048093,0.071,0.011,0,"19","RASL12"
"ANKRD35",0,2.49106196217617,0.07,0.011,0,"19","ANKRD35"
"FZD71",0,3.67986278722908,0.07,0.011,0,"19","FZD7"
"MMP111",0,3.99983624192524,0.07,0.012,0,"19","MMP11"
"CSPG4",0,2.31043533365323,0.07,0.012,0,"19","CSPG4"
"ITPRIPL21",0,2.49989768506538,0.068,0.012,0,"19","ITPRIPL2"
"SHISA31",0,4.0622361178102,0.059,0.004,0,"19","SHISA3"
"MIR497HG1",0,3.30785979508315,0.055,0.004,0,"19","MIR497HG"
"BDKRB21",0,3.22555550395886,0.056,0.006,0,"19","BDKRB2"
"SNAI21",0,3.73725134980885,0.056,0.006,0,"19","SNAI2"
"MSC1",0,4.04257491350054,0.054,0.004,0,"19","MSC"
"HSPB21",0,3.05026042000037,0.056,0.007,0,"19","HSPB2"
"CCL212",0,3.20801100047506,0.056,0.007,0,"19","CCL21"
"HAS2-AS12",0,3.17265698758673,0.056,0.008,0,"19","HAS2-AS1"
"GLI11",0,3.08469038981484,0.053,0.005,0,"19","GLI1"
"MDFI2",0,2.91556311644316,0.049,0.006,0,"19","MDFI"
"P2RY15",0,2.79712058670559,0.048,0.006,0,"19","P2RY1"
"CCDC81",0,3.98081616975056,0.044,0.003,0,"19","CCDC8"
"CILP1",0,4.18097794323991,0.045,0.005,0,"19","CILP"
"HOXA71",0,3.27121412074764,0.044,0.004,0,"19","HOXA7"
"CST1",0,6.69097711673417,0.04,0.001,0,"19","CST1"
"AL954642.1",0,5.32138311721189,0.039,0.001,0,"19","AL954642.1"
"SIX5",0,3.03961937740969,0.043,0.006,0,"19","SIX5"
"TSLP",0,3.04347371038051,0.039,0.003,0,"19","TSLP"
"SLC22A161",0,2.19439286200136,0.039,0.003,0,"19","SLC22A16"
"CCL111",0,3.95587468902592,0.038,0.002,0,"19","CCL11"
"FAM69C2",0,2.80566438868697,0.038,0.004,0,"19","FAM69C"
"GSTM51",0,3.67867700344885,0.037,0.004,0,"19","GSTM5"
"LINC019141",0,3.29388281811533,0.035,0.002,0,"19","LINC01914"
"CXCL61",0,3.96603340966954,0.035,0.002,0,"19","CXCL6"
"FGFBP21",0,3.02504520191005,0.035,0.003,0,"19","FGFBP2"
"KAZALD12",0,4.31330935557015,0.035,0.003,0,"19","KAZALD1"
"AC093627.61",0,4.35764882771457,0.032,0.001,0,"19","AC093627.6"
"TNNT31",0,4.36724215162233,0.032,0.002,0,"19","TNNT3"
"CXCL101",0,4.45990671818774,0.032,0.003,0,"19","CXCL10"
"HAS12",0,4.04428592668857,0.031,0.003,0,"19","HAS1"
"TMEM30B1",0,4.32122953303417,0.03,0.002,0,"19","TMEM30B"
"CFB1",0,4.310514462665,0.028,0.001,0,"19","CFB"
"IGF2-ENSG000001672442",0,2.9512929534592,0.026,0.002,0,"19","IGF2-ENSG00000167244"
"CST2",0,5.37904520233702,0.022,0.001,0,"19","CST2"
"MAG",0,3.48732508654295,0.021,0.001,0,"19","MAG"
"CXCL111",0,3.67746712543056,0.02,0.001,0,"19","CXCL11"
"OSR1",0,4.92581982862404,0.019,0.001,0,"19","OSR1"
"FAM180B",0,5.51371957759982,0.018,0.001,0,"19","FAM180B"
"LINC01140",0,4.04685299352332,0.016,0.001,0,"19","LINC01140"
"AL359555.4",0,4.68168298222071,0.016,0.001,0,"19","AL359555.4"
"RGR",0,3.52537980034014,0.015,0.001,0,"19","RGR"
"IGLV7-46",0,5.60335787404093,0.01,0,0,"19","IGLV7-46"
"HOXB41",6.96856327365588e-307,2.64958701033294,0.039,0.005,2.27426030999033e-302,"19","HOXB4"
"RARG1",1.1268172253986e-303,2.19207254691142,0.069,0.013,3.67748069681088e-299,"19","RARG"
"B3GNT9",1.2882648529745e-302,3.09883967282563,0.05,0.008,4.20438117416759e-298,"19","B3GNT9"
"PROCR",1.25890274468685e-301,2.00246158508407,0.169,0.059,4.10855499756001e-297,"19","PROCR"
"LINC009241",8.93223262229268e-300,2.25019183936791,0.06,0.011,2.91512343861144e-295,"19","LINC00924"
"TMEM1091",1.99832116666003e-290,2.00609942751325,0.162,0.056,6.52172095951169e-286,"19","TMEM109"
"TCF21",4.11583631235609e-285,4.10148820126444,0.017,0.001,1.34324433890053e-280,"19","TCF21"
"PCDHGC31",1.40834037714451e-281,3.0826096942409,0.033,0.004,4.59625965484881e-277,"19","PCDHGC3"
"TBX151",5.16774162918809e-279,2.50025447502706,0.052,0.009,1.68654415810182e-274,"19","TBX15"
"GLI21",9.04859533543879e-278,2.28872318849264,0.094,0.024,2.9530995736738e-273,"19","GLI2"
"CES11",4.78084854536362e-277,3.01842274267918,0.03,0.003,1.56027773126487e-272,"19","CES1"
"SLC16A121",1.34592720864856e-276,2.31184486370236,0.103,0.028,4.39256803814545e-272,"19","SLC16A12"
"CCDC102A",6.24101157373217e-276,2.31857528055806,0.052,0.009,2.03681653720323e-271,"19","CCDC102A"
"BST11",2.28632349834529e-274,2.61008559064007,0.076,0.017,7.46164536919968e-270,"19","BST1"
"TMEM200B1",6.31629069925491e-274,2.90842281494016,0.033,0.004,2.06138463260883e-269,"19","TMEM200B"
"LRRC171",1.44263150837678e-273,2.45434733074183,0.12,0.036,4.70817219073846e-269,"19","LRRC17"
"C4B",3.05442718011488e-273,4.33899925634383,0.011,0,9.96842854502293e-269,"19","C4B"
"FAM180A1",4.17241894029571e-273,3.6281158337032,0.031,0.003,1.36171064535491e-268,"19","FAM180A"
"ITIH51",1.06718436523861e-272,2.01152325902215,0.113,0.033,3.48286289439271e-268,"19","ITIH5"
"ABCA9-AS11",6.45917371948096e-269,2.12290195828547,0.142,0.049,2.10801593508981e-264,"19","ABCA9-AS1"
"SLC2A101",8.42186475017142e-269,2.62877491322939,0.064,0.013,2.74855977986595e-264,"19","SLC2A10"
"FST1",4.50237316691898e-266,2.51852378627941,0.069,0.015,1.46939450675568e-261,"19","FST"
"TGFB31",2.50365657326164e-265,2.14484089192316,0.073,0.016,8.1709335924967e-261,"19","TGFB3"
"IFIT11",4.08627552438189e-264,2.09192237301401,0.116,0.035,1.33359688013727e-259,"19","IFIT1"
"A4GALT3",2.26999207224924e-263,2.08811540804584,0.097,0.026,7.40834612699262e-259,"19","A4GALT"
"RHOD",3.58176553666738e-261,2.1783497913053,0.044,0.007,1.16894500054677e-256,"19","RHOD"
"PRRX21",3.64598512817913e-259,2.12895944079043,0.074,0.017,1.18990370643254e-254,"19","PRRX2"
"CDC42EP21",7.51999836019321e-257,2.47708750976083,0.067,0.015,2.45422666483266e-252,"19","CDC42EP2"
"ELN2",4.276404816329e-256,2.93364073415453,0.191,0.08,1.39564747585713e-251,"19","ELN"
"GPX3",9.31642692903294e-255,2.88258573301001,0.125,0.041,3.04050909255919e-250,"19","GPX3"
"S1PR21",3.2537577420408e-253,3.06436884907883,0.041,0.006,1.06189637669244e-248,"19","S1PR2"
"CLEC3B2",3.26286328762105e-253,3.8214559303505,0.032,0.004,1.06486806254801e-248,"19","CLEC3B"
"IGFBP2",2.89668018758422e-251,3.00841227990561,0.215,0.099,9.45360546019987e-247,"19","IGFBP2"
"PERP",5.73452115914435e-251,2.20299980587169,0.072,0.017,1.87151832549835e-246,"19","PERP"
"ANG1",7.52118760942685e-251,2.93054568243122,0.039,0.006,2.45461478821255e-246,"19","ANG"
"RNASE4",5.08319134261633e-250,3.85175353207614,0.021,0.002,1.65895032657627e-245,"19","RNASE4"
"DMKN2",3.1274439779387e-244,2.10140360390033,0.032,0.004,1.02067261664007e-239,"19","DMKN"
"SPHK12",5.70354864628024e-244,2.12047655723742,0.086,0.022,1.86141013620002e-239,"19","SPHK1"
"STEAP21",1.57119143953934e-243,2.29606557241105,0.084,0.022,5.12774038208058e-239,"19","STEAP2"
"REM12",7.90642819647211e-243,2.77473988532108,0.031,0.004,2.58034190620064e-238,"19","REM1"
"HOXB73",6.51486194191526e-242,2.6742115012612,0.05,0.009,2.12619034336346e-237,"19","HOXB7"
"AC006441.4",7.66558177819228e-240,2.88980709269241,0.014,0.001,2.50173926913083e-235,"19","AC006441.4"
"ZNF703",2.42925401943577e-239,2.75405940560857,0.079,0.02,7.92811341783056e-235,"19","ZNF703"
"TEAD31",2.42670749647955e-237,2.12617026948629,0.085,0.022,7.91980258551067e-233,"19","TEAD3"
"FOXD2-AS1",8.01405548807346e-237,3.78520434376024,0.014,0.001,2.61546714908766e-232,"19","FOXD2-AS1"
"CRABP2",3.62461212849825e-236,2.94506248847011,0.077,0.019,1.18292841425669e-231,"19","CRABP2"
"KCNK17",4.09415682805606e-233,2.82248614243474,0.023,0.002,1.33616902240438e-228,"19","KCNK17"
"LINC025111",7.26590910165314e-233,3.96357358174033,0.041,0.007,2.37130209441552e-228,"19","LINC02511"
"SERPINA3",7.35280307213886e-233,3.53193056574753,0.015,0.001,2.39966081062324e-228,"19","SERPINA3"
"ADAMTS151",7.42012586598336e-232,2.75677887541682,0.051,0.01,2.42163227762233e-227,"19","ADAMTS15"
"BHLHE41",3.35630133573654e-227,2.0429105990693,0.099,0.03,1.09536250393098e-222,"19","BHLHE41"
"CRISPLD11",3.23702432274648e-223,2.06540889615263,0.127,0.044,1.05643525797154e-218,"19","CRISPLD1"
"SIX11",3.5533138431058e-222,3.9014644416216,0.018,0.001,1.15965950583601e-217,"19","SIX1"
"ADAMTSL42",1.34402515639127e-219,2.43075788390689,0.077,0.02,4.38636050039855e-215,"19","ADAMTSL4"
"EFS1",1.41535740508721e-219,2.31261190818785,0.067,0.016,4.61916042724262e-215,"19","EFS"
"SLC12A4",3.46091330927851e-218,2.19038592101955,0.1,0.031,1.12950366761613e-213,"19","SLC12A4"
"CALHM51",4.85038716692185e-213,3.17131226985087,0.03,0.004,1.58297235579661e-208,"19","CALHM5"
"MYOC",6.35366850516743e-213,3.34611059972993,0.018,0.002,2.07358325334644e-208,"19","MYOC"
"LIF1",6.39759043295029e-213,2.44760939257855,0.031,0.004,2.08791761369766e-208,"19","LIF"
"DIO32",1.55467892797765e-212,3.25587251441139,0.021,0.002,5.07385014934786e-208,"19","DIO3"
"PTGFRN",1.54440866904257e-211,2.0687805500061,0.152,0.06,5.04033213228733e-207,"19","PTGFRN"
"FOXF2",9.08587355509265e-211,5.20095179062587,0.01,0,2.96526569344004e-206,"19","FOXF2"
"KCNMB11",1.1732187312384e-209,2.67708006499011,0.059,0.014,3.82891665126965e-205,"19","KCNMB1"
"C11orf24",4.48174619677665e-209,2.07958701148208,0.115,0.039,1.46266268878003e-204,"19","C11orf24"
"DCDC2C1",2.59145479960987e-207,2.50117612411551,0.058,0.013,8.45747188400676e-203,"19","DCDC2C"
"ZIC11",4.95450872686365e-207,3.43014634211699,0.026,0.003,1.61695346809922e-202,"19","ZIC1"
"STEAP11",5.69229700094334e-204,3.42460158691374,0.028,0.004,1.85773804922787e-199,"19","STEAP1"
"RBP52",6.74053801981859e-204,2.39360622273124,0.067,0.017,2.199841988148e-199,"19","RBP5"
"ISOC2",4.18755088853039e-202,2.00992404329579,0.126,0.046,1.36664910798078e-197,"19","ISOC2"
"AOC32",2.06782735063572e-201,2.29545158454895,0.058,0.013,6.74856134153475e-197,"19","AOC3"
"LINC025801",6.19079877806247e-201,2.86902948809277,0.016,0.001,2.02042908920847e-196,"19","LINC02580"
"CXCL13",7.41825743689071e-198,2.85395862894937,0.025,0.003,2.42102249710365e-193,"19","CXCL1"
"SLC16A111",5.99650300846527e-197,2.37632971581798,0.022,0.002,1.95701872184273e-192,"19","SLC16A11"
"ACTG2",3.62995142726134e-194,3.49659151686935,0.028,0.004,1.18467094780101e-189,"19","ACTG2"
"LY6K",4.08164499685644e-191,2.72477079983387,0.027,0.004,1.33208566117407e-186,"19","LY6K"
"KLF51",1.08423551837196e-190,2.56887211537023,0.064,0.016,3.53851103775874e-186,"19","KLF5"
"LPAR41",6.89953467445502e-188,3.13808760958311,0.024,0.003,2.25173213635514e-183,"19","LPAR4"
"AC092807.3",4.62602516015955e-187,4.22931084387928,0.011,0.001,1.50974957126967e-182,"19","AC092807.3"
"STEAP41",4.74382370005199e-187,2.24163424153786,0.075,0.021,1.54819430274897e-182,"19","STEAP4"
"PDGFA1",1.06279329201331e-185,2.02799607852567,0.086,0.027,3.46853218781464e-181,"19","PDGFA"
"MEGF61",5.16845600533112e-185,2.17988865523536,0.072,0.02,1.68677730189987e-180,"19","MEGF6"
"AL445183.11",8.064189693799e-185,3.69058873068277,0.02,0.002,2.63182894846824e-180,"19","AL445183.1"
"BMP42",5.2727871003793e-184,3.23610225613752,0.036,0.006,1.72082679807979e-179,"19","BMP4"
"MPZ1",4.47722718302528e-183,2.13798606428292,0.12,0.045,1.46118786345213e-178,"19","MPZ"
"ACVRL12",4.72267727262205e-183,2.08082464974407,0.083,0.025,1.54129295469293e-178,"19","ACVRL1"
"NPY1R2",2.25854266854909e-180,2.69321516421865,0.044,0.009,7.37097985307681e-176,"19","NPY1R"
"VASN",3.09707130428448e-179,2.42735090903789,0.081,0.025,1.01076019086628e-174,"19","VASN"
"AC080038.11",4.04405240404439e-179,2.92405811529579,0.02,0.002,1.31981694258393e-174,"19","AC080038.1"
"SFTA1P1",5.42452807593463e-178,3.19691928315524,0.02,0.002,1.77034898286203e-173,"19","SFTA1P"
"PHETA2",5.65068234901499e-178,2.70858050045292,0.046,0.01,1.84415669142453e-173,"19","PHETA2"
"AGT",1.74456014976901e-177,3.67009892936336,0.053,0.013,5.69354650478616e-173,"19","AGT"
"PDZRN41",3.62955170983735e-174,2.54477467533183,0.074,0.022,1.18454049602252e-169,"19","PDZRN4"
"HOXA32",5.65344034270867e-173,2.31968834501556,0.038,0.007,1.8450567902464e-168,"19","HOXA3"
"ERBB21",6.06487739735418e-173,2.1178759603909,0.096,0.033,1.97933338740051e-168,"19","ERBB2"
"F2RL11",8.29017396201944e-173,3.53792476973974,0.022,0.003,2.70558117424466e-168,"19","F2RL1"
"EVC21",1.71836860505561e-172,2.00487876294313,0.075,0.022,5.60806777945948e-168,"19","EVC2"
"PCDHGA12",1.42717884951884e-170,3.47988871393194,0.015,0.001,4.65774089328969e-166,"19","PCDHGA12"
"SLPI",6.29270855575444e-170,4.91365454608881,0.013,0.001,2.05368836425602e-165,"19","SLPI"
"ZNF469",1.8693897851487e-168,3.81135106964414,0.028,0.004,6.10094050281129e-164,"19","ZNF469"
"LRRC15",1.68747450608687e-167,4.6149201201226,0.014,0.001,5.5072417980651e-163,"19","LRRC15"
"CHPF",1.03894516057886e-163,2.2827269901722,0.144,0.062,3.39070142606518e-159,"19","CHPF"
"PHLDA2",1.47025766032237e-163,2.04939977502211,0.043,0.009,4.7983329002281e-159,"19","PHLDA2"
"AR1",4.19123855285688e-163,2.36028316425579,0.049,0.012,1.36785261411037e-158,"19","AR"
"CALHM2",1.39935845089105e-160,2.1699888817867,0.066,0.019,4.56694624032803e-156,"19","CALHM2"
"FGF102",4.82891130341564e-160,2.77217881536882,0.056,0.014,1.57596349298273e-155,"19","FGF10"
"GALNT5",2.13082546436284e-159,3.29871324417192,0.023,0.003,6.95416198549457e-155,"19","GALNT5"
"HRCT12",6.9069135093696e-159,2.5943273375365,0.023,0.003,2.25414029291786e-154,"19","HRCT1"
"PMP21",8.0895283183787e-159,2.58498305182441,0.049,0.012,2.64009846198607e-154,"19","PMP2"
"BX322234.11",6.69520949178201e-158,2.16814836894186,0.057,0.015,2.18504856973798e-153,"19","BX322234.1"
"GDF151",8.08081925223668e-156,2.47437916283518,0.046,0.011,2.63725617115996e-151,"19","GDF15"
"LINC025441",1.39013808247182e-155,3.42184437807304,0.016,0.002,4.53685464595504e-151,"19","LINC02544"
"KCNIP11",7.74859246228415e-152,2.50225729050715,0.143,0.064,2.52883063599105e-147,"19","KCNIP1"
"FOXD31",1.21316231011621e-150,2.38126728441766,0.048,0.012,3.95927651529526e-146,"19","FOXD3"
"CKAP4",1.29715905923034e-150,2.16271696630794,0.21,0.112,4.23340830570413e-146,"19","CKAP4"
"COLCA11",4.9396266113198e-147,2.68666505374891,0.015,0.002,1.61209654087033e-142,"19","COLCA1"
"SLC1A71",1.03487038600088e-146,3.10340816322448,0.02,0.003,3.37740299175247e-142,"19","SLC1A7"
"BPI",1.19326777954662e-146,2.28341748949261,0.014,0.001,3.89434872532834e-142,"19","BPI"
"MN12",1.5428782967049e-146,2.29186986212769,0.048,0.012,5.03533760912611e-142,"19","MN1"
"SMIM10",2.1903394889666e-146,2.75210025551448,0.045,0.011,7.1483919561914e-142,"19","SMIM10"
"CNN11",1.25677438945661e-144,2.23775574517236,0.055,0.015,4.10160889743061e-140,"19","CNN1"
"ANKRD65",1.66655904257277e-144,2.28935732301843,0.042,0.01,5.43898209134051e-140,"19","ANKRD65"
"GPC1",6.95201443184922e-144,2.29211489444634,0.179,0.09,2.26885942997831e-139,"19","GPC1"
"INAFM1",6.1378077797135e-143,2.06974518715261,0.109,0.044,2.0031349469873e-138,"19","INAFM1"
"FLNC1",1.30454020294299e-142,2.51696317642132,0.04,0.009,4.25749740632473e-138,"19","FLNC"
"TXNDC5",5.57141261482325e-141,3.12292792285646,0.021,0.003,1.81828622097371e-136,"19","TXNDC5"
"KCNJ8",5.827691711167e-138,3.02512207097262,0.041,0.01,1.90192546685646e-133,"19","KCNJ8"
"PTGS22",1.71873475874236e-136,2.14460476666006,0.046,0.012,5.60926275863155e-132,"19","PTGS2"
"PIFO1",1.14870596195402e-135,2.6692419031985,0.015,0.002,3.74891677743316e-131,"19","PIFO"
"TNNC1",1.57310635963889e-135,5.08576233632775,0.011,0.001,5.13398991531748e-131,"19","TNNC1"
"BMP51",1.18221029227417e-134,2.86626862362528,0.027,0.005,3.85826150986597e-130,"19","BMP5"
"CCDC71L",1.3442283651773e-134,2.46582862266855,0.08,0.028,4.38702369259264e-130,"19","CCDC71L"
"PPP1R14A1",1.41827873797244e-134,2.14277069694952,0.064,0.02,4.62869448924686e-130,"19","PPP1R14A"
"AC007906.21",1.5634671534356e-134,2.08105364274674,0.022,0.003,5.10253140195244e-130,"19","AC007906.2"
"AC013271.12",6.01082083034681e-132,2.11660290224765,0.021,0.003,1.96169148619199e-127,"19","AC013271.1"
"DACT11",1.03947732160955e-131,2.78466055823379,0.04,0.01,3.39243818680492e-127,"19","DACT1"
"PRDM61",1.07017351779835e-129,3.10390772464146,0.04,0.01,3.4926182926867e-125,"19","PRDM6"
"AC008619.11",5.00893229894717e-128,3.27532620853236,0.014,0.002,1.6347151450844e-123,"19","AC008619.1"
"PTHLH1",1.53033872288401e-126,2.93057585331894,0.027,0.005,4.99441345600426e-122,"19","PTHLH"
"CYS11",2.17482723430305e-124,2.86175069085853,0.034,0.007,7.09776616187143e-120,"19","CYS1"
"SNX33",1.25294902680174e-122,2.50418129950672,0.046,0.012,4.08912444387017e-118,"19","SNX33"
"RSPO33",2.35684775078468e-120,3.10087611256525,0.037,0.009,7.69180831946089e-116,"19","RSPO3"
"HSPA2",1.59323223786024e-119,2.18258031395097,0.062,0.02,5.19967273148067e-115,"19","HSPA2"
"AC068987.5",2.93489159746473e-119,2.79407560384126,0.014,0.002,9.57831221748589e-115,"19","AC068987.5"
"SUSD21",4.20408361998285e-118,3.4832501874628,0.023,0.004,1.3720447302176e-113,"19","SUSD2"
"ADAMTS141",8.10519366675948e-118,2.24039841050821,0.038,0.009,2.64521100508362e-113,"19","ADAMTS14"
"SLC17A71",1.33149781910204e-116,3.23108584625887,0.022,0.004,4.34547628242143e-112,"19","SLC17A7"
"AC005550.21",5.06620772949825e-115,2.33913347073682,0.032,0.007,1.65340755459905e-110,"19","AC005550.2"
"PI151",1.23629145586372e-113,2.5143822052036,0.062,0.021,4.03476079535683e-109,"19","PI15"
"CHST14",1.76405272056502e-113,2.29128650468929,0.052,0.016,5.757162458836e-109,"19","CHST14"
"TEX26-AS12",3.00050705376174e-110,2.57564562590081,0.037,0.01,9.79245482065683e-106,"19","TEX26-AS1"
"EMILIN31",1.32614925368899e-108,2.7324450915571,0.026,0.005,4.32802070433938e-104,"19","EMILIN3"
"LINC024562",5.96729202045967e-108,2.06006903211375,0.084,0.034,1.94748542379722e-103,"19","LINC02456"
"AC027013.11",7.0845938371505e-108,2.16608328866653,0.025,0.005,2.31212804469244e-103,"19","AC027013.1"
"XPNPEP21",1.83668316158089e-107,3.06609729727651,0.016,0.002,5.99419916613541e-103,"19","XPNPEP2"
"LINC01133",4.67377266187775e-107,4.24915619408563,0.011,0.001,1.52533244593042e-102,"19","LINC01133"
"RTP4",2.51816424721353e-105,2.21929504712834,0.027,0.006,8.21828083720608e-101,"19","RTP4"
"PTPRC1",0,4.58574011065406,0.842,0.08,0,"2","PTPRC"
"HLA-B1",0,2.83326790720026,0.817,0.214,0,"2","HLA-B"
"SKAP1",0,5.57468469829585,0.596,0.044,0,"2","SKAP1"
"CD247",0,6.5441741972443,0.551,0.015,0,"2","CD247"
"IL7R",0,6.1588811012678,0.537,0.014,0,"2","IL7R"
"ARHGAP151",0,3.18929854025536,0.66,0.153,0,"2","ARHGAP15"
"IKZF1",0,4.75014639460757,0.539,0.039,0,"2","IKZF1"
"CD96",0,5.9858311557174,0.515,0.022,0,"2","CD96"
"B2M1",0,2.73755635904934,0.916,0.432,0,"2","B2M"
"HLA-E3",0,2.61695375815656,0.644,0.161,0,"2","HLA-E"
"ETS11",0,3.326050708241,0.572,0.101,0,"2","ETS1"
"STK17B1",0,3.76441448938652,0.549,0.087,0,"2","STK17B"
"HLA-A1",0,2.74171473741048,0.736,0.278,0,"2","HLA-A"
"PRKCH1",0,3.26541605853809,0.556,0.106,0,"2","PRKCH"
"FYB11",0,4.0074364803415,0.505,0.056,0,"2","FYB1"
"CXCR41",0,4.20626348251349,0.507,0.073,0,"2","CXCR4"
"HLA-C1",0,2.85471075693068,0.631,0.204,0,"2","HLA-C"
"RHOH",0,4.88746927535483,0.452,0.026,0,"2","RHOH"
"CYTIP1",0,4.63077780221438,0.454,0.032,0,"2","CYTIP"
"CD21",0,6.2770789046162,0.426,0.009,0,"2","CD2"
"RIPOR2",0,4.07249891836751,0.497,0.085,0,"2","RIPOR2"
"CD691",0,4.85303038291115,0.426,0.023,0,"2","CD69"
"CLEC2D",0,3.82191591606415,0.497,0.096,0,"2","CLEC2D"
"STK4",0,3.30877707846645,0.6,0.2,0,"2","STK4"
"ZFP36L2",0,3.09041195056355,0.619,0.225,0,"2","ZFP36L2"
"ARHGDIB2",0,3.95861530819839,0.436,0.055,0,"2","ARHGDIB"
"BCL11B",0,5.14818594957768,0.432,0.051,0,"2","BCL11B"
"SRGN1",0,2.10945945904144,0.494,0.116,0,"2","SRGN"
"ITK",0,6.45901491553506,0.388,0.012,0,"2","ITK"
"DOCK81",0,2.86032829937224,0.455,0.09,0,"2","DOCK8"
"STAT4",0,4.36296595073701,0.422,0.058,0,"2","STAT4"
"TRAC1",0,5.75144025918705,0.369,0.012,0,"2","TRAC"
"TNFAIP8",0,3.98012895322872,0.421,0.065,0,"2","TNFAIP8"
"CCND3",0,3.28923990037917,0.493,0.138,0,"2","CCND3"
"TC2N",0,5.05619991286513,0.376,0.025,0,"2","TC2N"
"TNFAIP3",0,3.49099369371141,0.402,0.054,0,"2","TNFAIP3"
"APBB1IP1",0,3.73007003498118,0.396,0.049,0,"2","APBB1IP"
"AOAH1",0,3.84450153622852,0.416,0.074,0,"2","AOAH"
"ITGA4",0,4.39548730312802,0.367,0.036,0,"2","ITGA4"
"CD3D1",0,5.64388618154453,0.336,0.009,0,"2","CD3D"
"THEMIS",0,6.56049881422778,0.337,0.01,0,"2","THEMIS"
"CD521",0,4.41497021466633,0.347,0.025,0,"2","CD52"
"CD531",0,3.43603278641886,0.372,0.051,0,"2","CD53"
"PDE3B",0,3.94904980880015,0.535,0.215,0,"2","PDE3B"
"LCK",0,5.79782599287327,0.331,0.011,0,"2","LCK"
"CNOT6L",0,3.37333483983263,0.528,0.214,0,"2","CNOT6L"
"STK17A",0,3.1029559067676,0.455,0.141,0,"2","STK17A"
"CDC42SE2",0,2.87761183385084,0.606,0.292,0,"2","CDC42SE2"
"CCL51",0,5.69187017971474,0.327,0.013,0,"2","CCL5"
"LTB",0,4.71353342482281,0.329,0.018,0,"2","LTB"
"CD3E1",0,5.77248088475082,0.318,0.008,0,"2","CD3E"
"TRBC21",0,5.54223040421136,0.318,0.009,0,"2","TRBC2"
"PRKCQ",0,5.63615440675185,0.325,0.017,0,"2","PRKCQ"
"LEF1",0,4.30259813158818,0.347,0.041,0,"2","LEF1"
"IL321",0,4.84183255201166,0.33,0.029,0,"2","IL32"
"CD71",0,5.69065817988375,0.309,0.009,0,"2","CD7"
"TXK",0,5.18441028713751,0.332,0.033,0,"2","TXK"
"SYTL3",0,4.32168723037818,0.356,0.058,0,"2","SYTL3"
"CD3G1",0,6.05234143091023,0.302,0.006,0,"2","CD3G"
"PTPN22",0,4.89357132033206,0.321,0.027,0,"2","PTPN22"
"LCP11",0,3.53069107336864,0.371,0.077,0,"2","LCP1"
"CEMIP21",0,2.53597382241338,0.41,0.12,0,"2","CEMIP2"
"EMB",0,4.07874513084099,0.354,0.066,0,"2","EMB"
"RUNX3",0,4.91303122173638,0.306,0.02,0,"2","RUNX3"
"CYBA1",0,2.49127609662649,0.371,0.086,0,"2","CYBA"
"LAPTM51",0,2.32036366258169,0.352,0.07,0,"2","LAPTM5"
"MBNL1",0,2.46584126463342,0.693,0.411,0,"2","MBNL1"
"SLFN12L1",0,4.10490814590008,0.309,0.03,0,"2","SLFN12L"
"BTG11",0,2.63479586831817,0.617,0.338,0,"2","BTG1"
"LEPROTL1",0,3.15213419724589,0.472,0.194,0,"2","LEPROTL1"
"LINC01934",0,5.62019940090603,0.301,0.025,0,"2","LINC01934"
"CD6",0,5.83157871804273,0.287,0.011,0,"2","CD6"
"DUSP21",0,4.88729022264772,0.3,0.026,0,"2","DUSP2"
"TRAF3IP3",0,4.7258236450045,0.292,0.021,0,"2","TRAF3IP3"
"IQGAP2",0,2.30139426149368,0.41,0.141,0,"2","IQGAP2"
"SAMSN11",0,2.53899374891309,0.325,0.061,0,"2","SAMSN1"
"SAMD3",0,4.68087169106733,0.29,0.028,0,"2","SAMD3"
"AKNA",0,3.8964771610255,0.308,0.047,0,"2","AKNA"
"ACAP1",0,4.31590741815614,0.292,0.031,0,"2","ACAP1"
"ANKRD44",0,2.62400173559041,0.615,0.356,0,"2","ANKRD44"
"ARAP21",0,3.28372190777847,0.319,0.06,0,"2","ARAP2"
"DOCK10",0,2.63473446864694,0.486,0.228,0,"2","DOCK10"
"TMC8",0,4.76782436933481,0.272,0.019,0,"2","TMC8"
"OXNAD1",0,3.08313270727079,0.402,0.151,0,"2","OXNAD1"
"HCST2",0,4.16193214370364,0.278,0.027,0,"2","HCST"
"DOCK21",0,2.746603622534,0.34,0.091,0,"2","DOCK2"
"ISG201",0,4.05558278754507,0.286,0.038,0,"2","ISG20"
"TSC22D3",0,2.98392775797314,0.401,0.154,0,"2","TSC22D3"
"RNF125",0,4.46303562655902,0.275,0.028,0,"2","RNF125"
"KIAA1551",0,3.08211267538755,0.382,0.135,0,"2","KIAA1551"
"GRAP2",0,5.76409999012667,0.258,0.012,0,"2","GRAP2"
"CORO1A2",0,4.12731336423469,0.287,0.041,0,"2","CORO1A"
"P2RY81",0,3.48909566594936,0.283,0.044,0,"2","P2RY8"
"SMAP21",0,2.63305355232971,0.396,0.159,0,"2","SMAP2"
"TRBC11",0,5.79330577357168,0.243,0.006,0,"2","TRBC1"
"MCUB",0,3.49298946721194,0.306,0.071,0,"2","MCUB"
"PARP8",0,3.21977226301121,0.474,0.241,0,"2","PARP8"
"CHST11",0,2.3103779674,0.424,0.192,0,"2","CHST11"
"RGS11",0,2.92423010486807,0.28,0.049,0,"2","RGS1"
"CARD11",0,4.31146167883494,0.259,0.028,0,"2","CARD11"
"INPP5D1",0,2.49375399380664,0.313,0.082,0,"2","INPP5D"
"PIP4K2A",0,2.57453134428366,0.461,0.232,0,"2","PIP4K2A"
"SPOCK2",0,2.92396783214308,0.353,0.124,0,"2","SPOCK2"
"PYHIN1",0,5.99398163882753,0.238,0.01,0,"2","PYHIN1"
"PCED1B",0,2.7794677207506,0.354,0.127,0,"2","PCED1B"
"IKZF3",0,4.3830562237142,0.239,0.014,0,"2","IKZF3"
"ZC3HAV1",0,2.62184167828436,0.379,0.155,0,"2","ZC3HAV1"
"WIPF1",0,2.09644766254033,0.444,0.221,0,"2","WIPF1"
"CDC14A1",0,3.2299476021287,0.352,0.129,0,"2","CDC14A"
"GZMK1",0,5.88115662007,0.227,0.005,0,"2","GZMK"
"SLA1",0,3.32574204136623,0.263,0.043,0,"2","SLA"
"GMFG2",0,3.39975335076499,0.272,0.052,0,"2","GMFG"
"LINC00861",0,6.52272248172273,0.224,0.004,0,"2","LINC00861"
"CAMK4",0,2.70259944975797,0.486,0.266,0,"2","CAMK4"
"PIK3IP1",0,3.20016851418753,0.31,0.092,0,"2","PIK3IP1"
"PIK3R51",0,3.33823158822188,0.251,0.034,0,"2","PIK3R5"
"SELL",0,4.38680882502991,0.236,0.02,0,"2","SELL"
"CD371",0,2.96070509604843,0.255,0.039,0,"2","CD37"
"CCDC88C",0,3.61158815301519,0.267,0.053,0,"2","CCDC88C"
"BIN21",0,4.35829578961416,0.236,0.023,0,"2","BIN2"
"GYPC1",0,3.13477981857967,0.267,0.055,0,"2","GYPC"
"HLA-F",0,3.16327289968385,0.277,0.065,0,"2","HLA-F"
"MBP",0,2.7163935115294,0.33,0.118,0,"2","MBP"
"ZNF831",0,4.51903688793814,0.24,0.028,0,"2","ZNF831"
"CRYBG1",0,3.68383101546276,0.267,0.059,0,"2","CRYBG1"
"AC010609.1",0,5.53127393668817,0.221,0.017,0,"2","AC010609.1"
"S100A41",0,3.00158055816865,0.258,0.056,0,"2","S100A4"
"PDE7A",0,2.6499910990872,0.468,0.266,0,"2","PDE7A"
"CD481",0,3.73076458061212,0.228,0.027,0,"2","CD48"
"RASGRP1",0,3.5293665488751,0.272,0.072,0,"2","RASGRP1"
"CST71",0,5.49100830026709,0.208,0.008,0,"2","CST7"
"RCSD1",0,2.75316942228806,0.247,0.048,0,"2","RCSD1"
"GPRIN3",0,3.27191421337479,0.271,0.073,0,"2","GPRIN3"
"CCR7",0,4.91131865858516,0.209,0.011,0,"2","CCR7"
"RAC22",0,4.36743240144195,0.217,0.021,0,"2","RAC2"
"LCP21",0,3.08031919703729,0.238,0.042,0,"2","LCP2"
"ITPKB1",0,2.75218977761311,0.263,0.068,0,"2","ITPKB"
"PDCD4",0,2.50855308210711,0.422,0.227,0,"2","PDCD4"
"STK10",0,2.67667964439272,0.3,0.107,0,"2","STK10"
"GIMAP72",0,4.14222923329466,0.215,0.022,0,"2","GIMAP7"
"CLEC2B1",0,3.36139936413342,0.239,0.046,0,"2","CLEC2B"
"PSMB9",0,3.24025968392555,0.245,0.054,0,"2","PSMB9"
"FGD3",0,4.20166228274571,0.216,0.025,0,"2","FGD3"
"NLRC5",0,3.29206341687384,0.247,0.057,0,"2","NLRC5"
"ICOS",0,6.79703634958641,0.193,0.003,0,"2","ICOS"
"TCF7",0,3.00883074912461,0.293,0.104,0,"2","TCF7"
"ADGRE51",0,3.20053592536908,0.229,0.041,0,"2","ADGRE5"
"GZMA1",0,6.17525165665249,0.191,0.004,0,"2","GZMA"
"GPR1711",0,5.50768612492575,0.195,0.009,0,"2","GPR171"
"RARRES31",0,4.2173862397797,0.214,0.028,0,"2","RARRES3"
"SLFN52",0,3.28543144323751,0.229,0.043,0,"2","SLFN5"
"ARHGAP25",0,3.17061080420958,0.228,0.043,0,"2","ARHGAP25"
"RUNX1",0,2.06495602509465,0.357,0.173,0,"2","RUNX1"
"PPP1R16B2",0,2.83375671644625,0.277,0.094,0,"2","PPP1R16B"
"ITGB21",0,2.68837398463276,0.22,0.037,0,"2","ITGB2"
"FXYD51",0,3.14523973647139,0.239,0.057,0,"2","FXYD5"
"MPP7",0,3.99803690076347,0.213,0.032,0,"2","MPP7"
"PPP2R5C",0,2.22697762168304,0.556,0.377,0,"2","PPP2R5C"
"FCMR",0,4.34648254712624,0.191,0.012,0,"2","FCMR"
"TESPA1",0,5.89192459878272,0.184,0.005,0,"2","TESPA1"
"ATM",0,2.47251548875123,0.473,0.295,0,"2","ATM"
"RPL392",0,2.03816887021985,0.336,0.159,0,"2","RPL39"
"PABPC1",0,2.09449570282222,0.577,0.403,0,"2","PABPC1"
"NKG71",0,5.47236061634442,0.18,0.007,0,"2","NKG7"
"TRAT1",0,6.13526766758227,0.177,0.004,0,"2","TRAT1"
"RCAN3",0,3.64708111857242,0.223,0.051,0,"2","RCAN3"
"AC114760.2",0,3.70713892319837,0.197,0.025,0,"2","AC114760.2"
"CD271",0,4.92632835984678,0.184,0.012,0,"2","CD27"
"CD8A1",0,4.5087952224009,0.205,0.034,0,"2","CD8A"
"SUCLG2",0,2.40786859904953,0.294,0.124,0,"2","SUCLG2"
"GZMM1",0,5.57811110263729,0.176,0.006,0,"2","GZMM"
"FNBP1",0,2.04926744397802,0.502,0.333,0,"2","FNBP1"
"IPCEF1",0,3.1052398206748,0.219,0.051,0,"2","IPCEF1"
"TRG-AS1",0,5.59871477234982,0.175,0.008,0,"2","TRG-AS1"
"TBC1D10C",0,5.05355362225433,0.175,0.008,0,"2","TBC1D10C"
"PLAC81",0,4.01052735730459,0.181,0.016,0,"2","PLAC8"
"SMCHD1",0,2.29271488532817,0.569,0.404,0,"2","SMCHD1"
"COTL11",0,2.23553735854206,0.25,0.086,0,"2","COTL1"
"MYL12A1",0,2.30578489070612,0.288,0.124,0,"2","MYL12A"
"ITM2A2",0,3.3901155858748,0.192,0.03,0,"2","ITM2A"
"CD28",0,5.26447041709832,0.167,0.007,0,"2","CD28"
"RASA3",0,2.65678534071192,0.267,0.11,0,"2","RASA3"
"SP110",0,2.48732472235306,0.227,0.071,0,"2","SP110"
"SH3BGRL32",0,2.64163497346145,0.279,0.124,0,"2","SH3BGRL3"
"MDFIC",0,2.46060714545926,0.23,0.075,0,"2","MDFIC"
"ZAP70",0,6.23680526449475,0.159,0.004,0,"2","ZAP70"
"AL157402.2",0,4.65609775104343,0.164,0.01,0,"2","AL157402.2"
"PIK3CD",0,3.2165480184962,0.224,0.071,0,"2","PIK3CD"
"CASP8",0,3.50080780464621,0.19,0.038,0,"2","CASP8"
"TMEM156",0,3.45850649156353,0.177,0.025,0,"2","TMEM156"
"TAGAP1",0,3.60516486219559,0.181,0.029,0,"2","TAGAP"
"RPS15A2",0,2.30081953814269,0.362,0.21,0,"2","RPS15A"
"RPS272",0,2.62608037077038,0.392,0.241,0,"2","RPS27"
"CCL42",0,4.30792854490141,0.168,0.017,0,"2","CCL4"
"ICAM31",0,4.34139570843231,0.165,0.015,0,"2","ICAM3"
"GPSM31",0,3.48686678851518,0.176,0.029,0,"2","GPSM3"
"LSP12",0,3.01814088344362,0.186,0.039,0,"2","LSP1"
"CD5",0,5.39758895274555,0.155,0.008,0,"2","CD5"
"SEMA4D",0,2.51568800096422,0.337,0.191,0,"2","SEMA4D"
"ITGAL",0,3.00228483619829,0.24,0.094,0,"2","ITGAL"
"FAM129A1",0,2.43494504865117,0.222,0.077,0,"2","FAM129A"
"HCLS11",0,2.56935845334831,0.193,0.048,0,"2","HCLS1"
"RPS261",0,2.18122471081475,0.324,0.179,0,"2","RPS26"
"BTN3A1",0,3.20844480511173,0.204,0.059,0,"2","BTN3A1"
"RASSF3",0,2.46698645546139,0.236,0.091,0,"2","RASSF3"
"PREX11",0,2.53159960864224,0.206,0.061,0,"2","PREX1"
"GIMAP43",0,3.60983221934787,0.171,0.027,0,"2","GIMAP4"
"ATP10A1",0,2.3226899885465,0.189,0.045,0,"2","ATP10A"
"RPS252",0,2.19336239783037,0.372,0.228,0,"2","RPS25"
"RPS292",0,2.60449462890666,0.38,0.237,0,"2","RPS29"
"EML4",0,2.14211361901195,0.512,0.37,0,"2","EML4"
"GPR174",0,5.81400658560233,0.146,0.004,0,"2","GPR174"
"SP140",0,3.29737842240727,0.172,0.031,0,"2","SP140"
"RPL281",0,2.41957575153685,0.409,0.268,0,"2","RPL28"
"MLLT3",0,2.536550370228,0.341,0.202,0,"2","MLLT3"
"DENND2D",0,4.79186158831051,0.15,0.011,0,"2","DENND2D"
"BIRC31",0,2.68533811732102,0.176,0.037,0,"2","BIRC3"
"BTN3A2",0,3.13933785117657,0.197,0.06,0,"2","BTN3A2"
"DGKA",0,3.26686890223743,0.186,0.049,0,"2","DGKA"
"AC004687.11",0,3.52957711528098,0.16,0.023,0,"2","AC004687.1"
"CD8B1",0,5.21609764716695,0.145,0.009,0,"2","CD8B"
"SIDT1",0,3.40601769990933,0.181,0.046,0,"2","SIDT1"
"IRF1",0,2.65421265711753,0.203,0.068,0,"2","IRF1"
"CTSW1",0,5.71635197359904,0.139,0.004,0,"2","CTSW"
"IL10RA1",0,3.09077061898485,0.165,0.03,0,"2","IL10RA"
"TNFRSF1B1",0,2.12107808598892,0.207,0.073,0,"2","TNFRSF1B"
"FYN",0,2.18929676474021,0.649,0.515,0,"2","FYN"
"EEF1D1",0,2.00699762330253,0.378,0.244,0,"2","EEF1D"
"PRF11",0,6.14163003600425,0.137,0.003,0,"2","PRF1"
"IL2RB",0,6.59704885591668,0.137,0.003,0,"2","IL2RB"
"IFNG-AS1",0,5.07735967389435,0.143,0.011,0,"2","IFNG-AS1"
"NCK2",0,2.38167652359887,0.322,0.191,0,"2","NCK2"
"KLRB11",0,5.26899312254578,0.145,0.015,0,"2","KLRB1"
"ARHGAP451",0,3.93282298104993,0.148,0.018,0,"2","ARHGAP45"
"PFN12",0,2.19354698195264,0.296,0.166,0,"2","PFN1"
"TMEM131L",0,2.12322453264956,0.31,0.181,0,"2","TMEM131L"
"RPLP12",0,2.02170366295194,0.413,0.284,0,"2","RPLP1"
"LAT",0,4.15050502721186,0.148,0.019,0,"2","LAT"
"PPP1R2",0,2.29190989307182,0.304,0.176,0,"2","PPP1R2"
"SUN2",0,2.4642857167055,0.246,0.118,0,"2","SUN2"
"ARHGAP301",0,3.41024842096613,0.158,0.031,0,"2","ARHGAP30"
"PTPN7",0,3.18623704108424,0.163,0.036,0,"2","PTPN7"
"PSMA1",0,2.64247969574372,0.315,0.188,0,"2","PSMA1"
"JAML1",0,3.39314592320861,0.148,0.021,0,"2","JAML"
"TUBA4A1",0,3.64193516376365,0.161,0.035,0,"2","TUBA4A"
"TMSB4X1",0,2.05530005929884,0.526,0.401,0,"2","TMSB4X"
"HELB",0,2.94895415195637,0.2,0.075,0,"2","HELB"
"BTBD11",0,3.64037663027674,0.179,0.055,0,"2","BTBD11"
"PBXIP1",0,3.16802898277514,0.174,0.051,0,"2","PBXIP1"
"ALOX5AP2",0,3.50946579810243,0.144,0.021,0,"2","ALOX5AP"
"IL2RG1",0,4.89671290490707,0.131,0.009,0,"2","IL2RG"
"LINC01550",0,4.31091588345841,0.14,0.018,0,"2","LINC01550"
"EPB41",0,2.13963056343743,0.427,0.305,0,"2","EPB41"
"TNFSF81",0,4.59218802309936,0.13,0.008,0,"2","TNFSF8"
"RGS101",0,2.51380919646535,0.187,0.065,0,"2","RGS10"
"LIMD21",0,3.45838295061516,0.17,0.049,0,"2","LIMD2"
"TRIM22",0,2.07133063118108,0.191,0.072,0,"2","TRIM22"
"SLA21",0,4.80764782598609,0.131,0.012,0,"2","SLA2"
"CMTM7",0,2.17218359512863,0.199,0.081,0,"2","CMTM7"
"SLAMF6",0,5.28551213857623,0.123,0.005,0,"2","SLAMF6"
"VAV3",0,2.52839510103741,0.18,0.063,0,"2","VAV3"
"ERAP2",0,2.83975589109472,0.174,0.057,0,"2","ERAP2"
"TRGC21",0,5.71399549628437,0.122,0.005,0,"2","TRGC2"
"NCKAP1L1",0,2.68984350355,0.152,0.035,0,"2","NCKAP1L"
"RASAL3",0,4.33736952657079,0.127,0.011,0,"2","RASAL3"
"LINC00623",0,2.31064633588748,0.284,0.168,0,"2","LINC00623"
"GBP2",0,2.31363530829446,0.171,0.057,0,"2","GBP2"
"DEF6",0,3.68895082116866,0.135,0.023,0,"2","DEF6"
"TENT5C",0,4.55445935958449,0.121,0.009,0,"2","TENT5C"
"AL357060.1",0,4.12946221789069,0.127,0.015,0,"2","AL357060.1"
"ID2",0,2.07941746187653,0.209,0.097,0,"2","ID2"
"TMEM123",0,2.08468501798178,0.243,0.131,0,"2","TMEM123"
"CD226",0,3.60115029924858,0.152,0.04,0,"2","CD226"
"LINC018711",0,6.30008021866349,0.113,0.002,0,"2","LINC01871"
"EMP31",0,2.47781990956375,0.164,0.054,0,"2","EMP3"
"RASA2",0,2.09699156451582,0.425,0.315,0,"2","RASA2"
"TMC6",0,2.84332073102007,0.148,0.038,0,"2","TMC6"
"TMEM711",0,2.36547906375384,0.139,0.03,0,"2","TMEM71"
"RBL2",0,2.23058830660628,0.32,0.211,0,"2","RBL2"
"TIGIT1",0,5.19399809456876,0.115,0.008,0,"2","TIGIT"
"RASSF51",0,3.29728671925301,0.131,0.025,0,"2","RASSF5"
"SH2D2A1",0,4.53281622063156,0.123,0.017,0,"2","SH2D2A"
"CCND2",0,2.42838702578214,0.15,0.045,0,"2","CCND2"
"FMNL11",0,2.50109622742944,0.199,0.095,0,"2","FMNL1"
"ARHGAP9",0,3.77778657761803,0.121,0.017,0,"2","ARHGAP9"
"SOCS11",0,4.10224845110077,0.122,0.018,0,"2","SOCS1"
"FAM102A",0,2.83563809163922,0.174,0.071,0,"2","FAM102A"
"SELPLG1",0,4.40389584438218,0.114,0.012,0,"2","SELPLG"
"IL21R",0,4.42402848775936,0.113,0.011,0,"2","IL21R"
"LPXN",0,2.44295132591043,0.175,0.074,0,"2","LPXN"
"VSIR1",0,2.19588934130615,0.151,0.05,0,"2","VSIR"
"AC022075.1",0,2.90277835584118,0.216,0.115,0,"2","AC022075.1"
"PLEKHA2",0,2.06498424475279,0.203,0.103,0,"2","PLEKHA2"
"TAP1",0,2.82078835599236,0.143,0.043,0,"2","TAP1"
"CARD81",0,2.05781133351351,0.205,0.105,0,"2","CARD8"
"ARHGEF1",0,2.25126355150238,0.238,0.138,0,"2","ARHGEF1"
"S1PR42",0,4.7063039343072,0.107,0.008,0,"2","S1PR4"
"JAK3",0,3.31164875676763,0.127,0.028,0,"2","JAK3"
"MYO1F1",0,2.28395257281981,0.156,0.058,0,"2","MYO1F"
"SYTL2",0,2.88124241918798,0.143,0.045,0,"2","SYTL2"
"LINC00649",0,4.39376239854548,0.114,0.017,0,"2","LINC00649"
"UBASH3A",0,6.57788279502375,0.099,0.002,0,"2","UBASH3A"
"KLRD1",0,3.52258140633568,0.143,0.046,0,"2","KLRD1"
"DIAPH1",0,2.04642128634157,0.259,0.163,0,"2","DIAPH1"
"IL18R1",0,4.17693385614555,0.107,0.011,0,"2","IL18R1"
"NLRC3",0,4.11360733681204,0.112,0.017,0,"2","NLRC3"
"SLAMF1",0,5.34705683267168,0.099,0.004,0,"2","SLAMF1"
"LY9",0,3.9954403925313,0.105,0.01,0,"2","LY9"
"SIRPG",0,5.43989490639026,0.099,0.004,0,"2","SIRPG"
"PTK2B1",0,2.09819312633071,0.172,0.077,0,"2","PTK2B"
"PTGER41",0,2.93008009953229,0.133,0.039,0,"2","PTGER4"
"VAV11",0,2.96654317843947,0.123,0.029,0,"2","VAV1"
"IKZF21",0,2.88192043467621,0.199,0.106,0,"2","IKZF2"
"VAMP81",0,2.15225157657056,0.131,0.038,0,"2","VAMP8"
"UCP21",0,2.78901086911261,0.133,0.04,0,"2","UCP2"
"GBP52",0,4.82128092448916,0.099,0.006,0,"2","GBP5"
"PSME11",0,2.3127175026402,0.201,0.109,0,"2","PSME1"
"APOBEC3G1",0,3.69191443211636,0.117,0.025,0,"2","APOBEC3G"
"CATSPERB1",0,3.51046859592527,0.108,0.016,0,"2","CATSPERB"
"SCML4",0,2.13835914251083,0.271,0.18,0,"2","SCML4"
"TRAF11",0,2.63666085014694,0.122,0.031,0,"2","TRAF1"
"PSTPIP11",0,4.52012318893273,0.099,0.009,0,"2","PSTPIP1"
"SEPT1",0,2.5962339801728,0.151,0.061,0,"2","SEPT1"
"RAB27A",0,2.27232765775363,0.197,0.108,0,"2","RAB27A"
"AC092652.21",0,2.4247819574768,0.115,0.026,0,"2","AC092652.2"
"EVI2B1",0,3.27437806574521,0.109,0.02,0,"2","EVI2B"
"CIB11",0,2.45883872500109,0.165,0.077,0,"2","CIB1"
"PCAT12",0,2.43162022310005,0.148,0.06,0,"2","PCAT1"
"P2RY10",0,4.86819229313721,0.092,0.004,0,"2","P2RY10"
"MYBL11",0,4.55767817802715,0.106,0.019,0,"2","MYBL1"
"LRMP",0,2.5909409653457,0.119,0.032,0,"2","LRMP"
"ARID5A1",0,2.02005424824825,0.139,0.054,0,"2","ARID5A"
"SYTL1",0,3.4860318694738,0.103,0.018,0,"2","SYTL1"
"SP140L",0,2.45265248906439,0.126,0.042,0,"2","SP140L"
"CD38",0,2.95031726741716,0.109,0.025,0,"2","CD38"
"PSMB81",0,2.52013048545681,0.146,0.062,0,"2","PSMB8"
"TMEM63A",0,2.57365354588825,0.118,0.034,0,"2","TMEM63A"
"GPR651",0,3.70747097583834,0.097,0.014,0,"2","GPR65"
"SAMD9",0,2.54749306746846,0.145,0.062,0,"2","SAMD9"
"CTLA41",0,5.68787230390904,0.086,0.003,0,"2","CTLA4"
"SKAP1-AS1",0,5.20325095976702,0.089,0.006,0,"2","SKAP1-AS1"
"GZMH1",0,5.65519936072925,0.084,0.002,0,"2","GZMH"
"IL16",0,2.17877257234856,0.133,0.052,0,"2","IL16"
"CYLD",0,2.0275241971602,0.265,0.184,0,"2","CYLD"
"AP001011.1",0,2.08821138853913,0.335,0.254,0,"2","AP001011.1"
"SHISAL2A",0,3.49985448360487,0.099,0.019,0,"2","SHISAL2A"
"LBH",0,2.16858944869676,0.152,0.072,0,"2","LBH"
"PARP15",0,3.42562097604814,0.092,0.012,0,"2","PARP15"
"KLHL61",0,2.29790606020559,0.111,0.031,0,"2","KLHL6"
"SORL1",0,2.04749772348632,0.292,0.212,0,"2","SORL1"
"NIPAL3",0,2.82065813097967,0.137,0.058,0,"2","NIPAL3"
"CDKN1B",0,2.4719029472152,0.171,0.092,0,"2","CDKN1B"
"RNF166",0,2.99257164797278,0.122,0.043,0,"2","RNF166"
"YPEL5",0,2.2283693062813,0.216,0.137,0,"2","YPEL5"
"DPP4",0,4.62421638525028,0.086,0.007,0,"2","DPP4"
"GNLY1",0,6.15535324432967,0.082,0.004,0,"2","GNLY"
"RBM381",0,3.33254296000814,0.102,0.024,0,"2","RBM38"
"MATK1",0,4.56970174588464,0.086,0.008,0,"2","MATK"
"TRABD2A",0,3.78599647881465,0.094,0.017,0,"2","TRABD2A"
"IL27RA",0,3.25898410941684,0.104,0.027,0,"2","IL27RA"
"GIMAP2",0,3.88313176802844,0.088,0.012,0,"2","GIMAP2"
"TTC39B",0,2.33465492588634,0.155,0.079,0,"2","TTC39B"
"AC119396.1",0,2.87556284731044,0.118,0.042,0,"2","AC119396.1"
"GLIPR11",0,2.47061254174245,0.128,0.053,0,"2","GLIPR1"
"CNN2",0,2.77280408611163,0.099,0.024,0,"2","CNN2"
"CCDC691",0,2.76098136446514,0.102,0.027,0,"2","CCDC69"
"TMEM243",0,2.00004187058456,0.177,0.102,0,"2","TMEM243"
"DOK22",0,3.64290719816229,0.089,0.014,0,"2","DOK2"
"SUSD31",0,4.51484586099002,0.082,0.007,0,"2","SUSD3"
"C16orf54",0,4.86665419301282,0.08,0.005,0,"2","C16orf54"
"APRT1",0,2.16138682753473,0.174,0.1,0,"2","APRT"
"MAN1C1",0,2.55271532790338,0.13,0.057,0,"2","MAN1C1"
"MPZL31",0,3.97573796700694,0.083,0.01,0,"2","MPZL3"
"PGGHG",0,3.75013305532459,0.085,0.012,0,"2","PGGHG"
"NUP210",0,2.27397233033674,0.188,0.115,0,"2","NUP210"
"DENND1C",0,4.2872298870645,0.08,0.007,0,"2","DENND1C"
"SASH31",0,3.65399146322,0.084,0.012,0,"2","SASH3"
"CARD163",0,3.31841636028182,0.095,0.023,0,"2","CARD16"
"ATP2A31",0,2.55815057201713,0.107,0.036,0,"2","ATP2A3"
"CXCR61",0,6.12281093994374,0.073,0.002,0,"2","CXCR6"
"HSH2D",0,3.65491180625485,0.08,0.01,0,"2","HSH2D"
"LDLRAP1",0,3.4569192066751,0.082,0.012,0,"2","LDLRAP1"
"BATF1",0,4.34966580211053,0.078,0.008,0,"2","BATF"
"CD841",0,2.15532679013765,0.099,0.031,0,"2","CD84"
"PRKX",0,2.17576195888326,0.212,0.144,0,"2","PRKX"
"ARHGAP41",0,2.78669624592243,0.101,0.033,0,"2","ARHGAP4"
"ABRACL2",0,2.70893006940775,0.118,0.05,0,"2","ABRACL"
"PHACTR2",0,2.0406097401913,0.269,0.202,0,"2","PHACTR2"
"GPR1321",0,3.68711982938038,0.077,0.01,0,"2","GPR132"
"EVI2A1",0,3.15938937629715,0.087,0.02,0,"2","EVI2A"
"SIT11",0,5.15689930102096,0.069,0.003,0,"2","SIT1"
"FAM196B",0,2.48184886497112,0.108,0.042,0,"2","FAM196B"
"ITGB7",0,4.83262050184115,0.071,0.005,0,"2","ITGB7"
"CXCR31",0,5.77144006223759,0.067,0.002,0,"2","CXCR3"
"TRGC11",0,6.69308886370897,0.065,0.001,0,"2","TRGC1"
"NBPF19",0,2.28162570860665,0.1,0.037,0,"2","NBPF19"
"CD40LG",0,6.27887331686917,0.064,0.001,0,"2","CD40LG"
"ITGB2-AS11",0,4.09867721786472,0.07,0.007,0,"2","ITGB2-AS1"
"SH2D1A1",0,5.69362728387119,0.064,0.001,0,"2","SH2D1A"
"AC010260.1",0,2.16503210656502,0.142,0.079,0,"2","AC010260.1"
"ANXA2R",0,4.23099290605782,0.07,0.008,0,"2","ANXA2R"
"AREG2",0,2.80342403711352,0.077,0.015,0,"2","AREG"
"MCTP2",0,2.29952145745035,0.124,0.062,0,"2","MCTP2"
"LINC01891",0,5.89519373562839,0.064,0.002,0,"2","LINC01891"
"MYO1G1",0,3.90364688139275,0.071,0.009,0,"2","MYO1G"
"ZNF101",0,3.1373251397778,0.085,0.024,0,"2","ZNF101"
"TG1",0,2.21679155932093,0.123,0.062,0,"2","TG"
"MAL1",0,2.51450400134867,0.075,0.015,0,"2","MAL"
"WAS1",0,2.73278304050433,0.086,0.026,0,"2","WAS"
"LYAR1",0,3.04367793384127,0.107,0.048,0,"2","LYAR"
"PTGDR",0,5.62363224538441,0.062,0.003,0,"2","PTGDR"
"APOL6",0,2.0751311926132,0.103,0.044,0,"2","APOL6"
"TES1",0,2.17897745030867,0.097,0.039,0,"2","TES"
"TRDC1",0,6.31214372636104,0.059,0.001,0,"2","TRDC"
"CRIP1",0,2.75299894992222,0.088,0.03,0,"2","CRIP1"
"DPEP21",0,2.89484772021235,0.073,0.015,0,"2","DPEP2"
"PARVG1",0,2.4290347261907,0.085,0.028,0,"2","PARVG"
"EPHA42",0,2.00835722229505,0.113,0.056,0,"2","EPHA4"
"AC093010.2",0,4.30964403962118,0.065,0.008,0,"2","AC093010.2"
"TMEM1541",0,2.80239362639153,0.075,0.018,0,"2","TMEM154"
"ZNF217",0,2.24141058390573,0.104,0.047,0,"2","ZNF217"
"MFNG3",0,3.21687164297022,0.072,0.015,0,"2","MFNG"
"HOPX1",0,2.25318104139903,0.071,0.014,0,"2","HOPX"
"PRDM13",0,2.23248323271653,0.084,0.028,0,"2","PRDM1"
"IL17RA1",0,2.15366663491572,0.1,0.044,0,"2","IL17RA"
"TSPAN32",0,4.05300614099734,0.065,0.009,0,"2","TSPAN32"
"LAX1",0,4.99953547518275,0.059,0.003,0,"2","LAX1"
"FAM78A1",0,3.74831123831325,0.065,0.01,0,"2","FAM78A"
"CD41",0,2.01790831573847,0.095,0.04,0,"2","CD4"
"CA6",0,5.81388775801846,0.058,0.003,0,"2","CA6"
"AQP3",0,5.01277182572754,0.059,0.004,0,"2","AQP3"
"C12orf42",0,2.95421960589894,0.073,0.018,0,"2","C12orf42"
"CRTAM1",0,5.27151880936139,0.058,0.004,0,"2","CRTAM"
"PATL2",0,2.72965976081931,0.08,0.026,0,"2","PATL2"
"LINC00426",0,4.61762203930922,0.061,0.007,0,"2","LINC00426"
"LINC02328",0,2.14854349748572,0.096,0.042,0,"2","LINC02328"
"AC010275.1",0,2.72276432681723,0.105,0.051,0,"2","AC010275.1"
"ORAI11",0,2.81205398343103,0.089,0.035,0,"2","ORAI1"
"CRACR2A",0,3.1687506174639,0.073,0.019,0,"2","CRACR2A"
"CCDC141",0,2.93126759944952,0.066,0.013,0,"2","CCDC141"
"GIMAP13",0,3.48054904942273,0.067,0.014,0,"2","GIMAP1"
"PIM2",0,3.72490166734388,0.065,0.012,0,"2","PIM2"
"TNFRSF181",0,5.15135509793259,0.056,0.003,0,"2","TNFRSF18"
"XCL21",0,5.8191001810676,0.054,0.001,0,"2","XCL2"
"KLRC4-KLRK1",0,4.29098393071928,0.065,0.013,0,"2","KLRC4-KLRK1"
"PSD4",0,3.23796582499389,0.064,0.013,0,"2","PSD4"
"SLC9A3R1",0,3.53379337198128,0.068,0.017,0,"2","SLC9A3R1"
"SIPA1",0,2.33140903708277,0.087,0.036,0,"2","SIPA1"
"PTGER2",0,4.32288839671516,0.06,0.009,0,"2","PTGER2"
"HPGD1",0,3.86875329118527,0.061,0.01,0,"2","HPGD"
"XCL11",0,5.92487412240175,0.054,0.004,0,"2","XCL1"
"IFITM13",0,2.92195359421425,0.065,0.015,0,"2","IFITM1"
"DTHD1",0,6.62870997141098,0.052,0.002,0,"2","DTHD1"
"IKBKE",0,3.76838970636146,0.057,0.008,0,"2","IKBKE"
"CEACAM21",0,4.27108392467866,0.054,0.005,0,"2","CEACAM21"
"NCF11",0,2.18563372072021,0.072,0.023,0,"2","NCF1"
"PDCD11",0,5.66285734905826,0.051,0.002,0,"2","PDCD1"
"ITPKB-AS11",0,2.76307559564138,0.061,0.013,0,"2","ITPKB-AS1"
"CLIC31",0,4.6127820517879,0.052,0.004,0,"2","CLIC3"
"AC026979.2",0,2.65881672614829,0.086,0.038,0,"2","AC026979.2"
"GZMB1",0,4.65649122497234,0.051,0.004,0,"2","GZMB"
"HS3ST3B1",0,3.59323430159342,0.055,0.008,0,"2","HS3ST3B1"
"ICAM22",0,2.12556172475351,0.077,0.03,0,"2","ICAM2"
"PIK3CG1",0,3.2584870747361,0.057,0.01,0,"2","PIK3CG"
"GPR18",0,3.09208940229464,0.061,0.014,0,"2","GPR18"
"LAG31",0,4.22312655678692,0.054,0.008,0,"2","LAG3"
"LINC00243",0,4.55424619971181,0.05,0.005,0,"2","LINC00243"
"MAP4K1",0,3.70953100478319,0.053,0.008,0,"2","MAP4K1"
"ZBP1",0,4.51199579351365,0.048,0.003,0,"2","ZBP1"
"MMP25-AS1",0,2.63482892426749,0.066,0.022,0,"2","MMP25-AS1"
"AL031280.1",0,2.99892382427499,0.061,0.017,0,"2","AL031280.1"
"HIST1H1D1",0,3.02788949155389,0.063,0.019,0,"2","HIST1H1D"
"EPHA1-AS1",0,2.90900558166859,0.074,0.03,0,"2","EPHA1-AS1"
"STK26",0,3.91593939535468,0.054,0.01,0,"2","STK26"
"IFNG1",0,6.21058075356794,0.045,0.001,0,"2","IFNG"
"AL359220.11",0,2.15920602557375,0.063,0.019,0,"2","AL359220.1"
"AC008569.11",0,3.07729030945693,0.055,0.011,0,"2","AC008569.1"
"CYTH41",0,2.3985247073646,0.061,0.018,0,"2","CYTH4"
"TNFRSF43",0,3.50179159985912,0.052,0.009,0,"2","TNFRSF4"
"KLRC1",0,4.73307311135878,0.055,0.012,0,"2","KLRC1"
"LINC02325",0,5.89890609062562,0.044,0.001,0,"2","LINC02325"
"IL18RAP",0,5.59666597719094,0.043,0.001,0,"2","IL18RAP"
"TNIP3",0,5.67006593656404,0.045,0.003,0,"2","TNIP3"
"ZC3H12D",0,3.35629617517349,0.052,0.01,0,"2","ZC3H12D"
"AL161725.1",0,3.15497128963532,0.051,0.009,0,"2","AL161725.1"
"AC090627.1",0,5.99900322289131,0.044,0.002,0,"2","AC090627.1"
"FKBP111",0,3.61863986424116,0.057,0.016,0,"2","FKBP11"
"TMIGD2",0,4.27512666309181,0.047,0.006,0,"2","TMIGD2"
"AC079793.11",0,2.06272279822548,0.058,0.017,0,"2","AC079793.1"
"AC009313.1",0,2.51827407364016,0.055,0.014,0,"2","AC009313.1"
"RGL4",0,2.76655047126269,0.06,0.02,0,"2","RGL4"
"AC008878.3",0,2.98648017332231,0.057,0.018,0,"2","AC008878.3"
"MCOLN2",0,2.62332662391658,0.052,0.013,0,"2","MCOLN2"
"CCDC88B1",0,3.09585626474902,0.053,0.014,0,"2","CCDC88B"
"SNX201",0,3.87002715504801,0.045,0.006,0,"2","SNX20"
"ZNF6831",0,6.3891122523201,0.04,0.001,0,"2","ZNF683"
"FCRL3",0,3.92983266704673,0.042,0.003,0,"2","FCRL3"
"AL137779.1",0,2.97747082544213,0.061,0.022,0,"2","AL137779.1"
"PIK3CD-AS2",0,3.33456500075797,0.059,0.02,0,"2","PIK3CD-AS2"
"GCHFR2",0,2.86924860119306,0.056,0.018,0,"2","GCHFR"
"SPN2",0,4.43027948641948,0.043,0.005,0,"2","SPN"
"AC137810.1",0,3.15708490571924,0.052,0.014,0,"2","AC137810.1"
"AC007384.1",0,2.8376007242635,0.05,0.013,0,"2","AC007384.1"
"AL683807.1",0,3.47526678171288,0.049,0.012,0,"2","AL683807.1"
"PSMB8-AS12",0,3.52301166682957,0.046,0.011,0,"2","PSMB8-AS1"
"AC243960.11",0,4.69591000628462,0.037,0.002,0,"2","AC243960.1"
"ERP27",0,4.38431423996752,0.038,0.003,0,"2","ERP27"
"AL163932.1",0,5.40058302221284,0.037,0.002,0,"2","AL163932.1"
"CD200R1",0,3.60607393509678,0.042,0.008,0,"2","CD200R1"
"GIMAP62",0,2.74092501768378,0.046,0.013,0,"2","GIMAP6"
"CYSLTR1",0,2.80395840382813,0.048,0.015,0,"2","CYSLTR1"
"FLT3LG1",0,4.38614314132082,0.038,0.005,0,"2","FLT3LG"
"EOMES1",0,6.32152812674736,0.034,0.001,0,"2","EOMES"
"AC096558.21",0,2.06426595077334,0.045,0.012,0,"2","AC096558.2"
"ANO9",0,4.3469947365389,0.036,0.003,0,"2","ANO9"
"LINC02273",0,5.84616536287533,0.033,0.001,0,"2","LINC02273"
"NCR31",0,4.95436052413232,0.034,0.002,0,"2","NCR3"
"LINC01215",0,3.92594919947712,0.034,0.003,0,"2","LINC01215"
"SLAMF71",0,2.83981091021254,0.04,0.009,0,"2","SLAMF7"
"IL12RB1",0,3.07281111007678,0.041,0.01,0,"2","IL12RB1"
"APOBEC3C2",0,3.53157176405645,0.041,0.01,0,"2","APOBEC3C"
"LINC024461",0,5.63695731119858,0.032,0.001,0,"2","LINC02446"
"AC015849.1",0,4.72518197007365,0.038,0.007,0,"2","AC015849.1"
"CCR52",0,5.16339469507411,0.032,0.002,0,"2","CCR5"
"BTLA",0,2.97013992498687,0.036,0.006,0,"2","BTLA"
"KLRF1",0,6.08081297973736,0.032,0.002,0,"2","KLRF1"
"TBX21",0,6.06942170942883,0.031,0.001,0,"2","TBX21"
"ARRDC5",0,3.65652463481514,0.033,0.004,0,"2","ARRDC5"
"PHACTR2-AS1",0,3.36372202593766,0.038,0.009,0,"2","PHACTR2-AS1"
"TMEM2381",0,3.53287225890524,0.037,0.009,0,"2","TMEM238"
"AC022916.1",0,4.77075869147661,0.03,0.002,0,"2","AC022916.1"
"IRF4",0,2.9389031554117,0.032,0.005,0,"2","IRF4"
"NCR1",0,5.81614963401806,0.028,0.001,0,"2","NCR1"
"LINC00954",0,3.39620708729802,0.035,0.009,0,"2","LINC00954"
"SIDT1-AS11",0,3.6696803758148,0.032,0.006,0,"2","SIDT1-AS1"
"TNF1",0,3.80752428023829,0.034,0.008,0,"2","TNF"
"LINC002991",0,3.74178097247178,0.033,0.007,0,"2","LINC00299"
"AC013264.1",0,4.05805155227194,0.029,0.003,0,"2","AC013264.1"
"KLRC21",0,5.39201568692864,0.028,0.002,0,"2","KLRC2"
"SLC52A1",0,3.73745314579881,0.032,0.007,0,"2","SLC52A1"
"TNFSF141",0,4.31544939648284,0.027,0.002,0,"2","TNFSF14"
"SH2D3A",0,3.7419565118643,0.029,0.004,0,"2","SH2D3A"
"AC004585.1",0,4.99604050778851,0.026,0.001,0,"2","AC004585.1"
"EDAR",0,3.96643575870017,0.028,0.004,0,"2","EDAR"
"ADGRG5",0,4.07272664276545,0.029,0.005,0,"2","ADGRG5"
"AC243829.1",0,3.78253906970668,0.03,0.006,0,"2","AC243829.1"
"AL137856.1",0,4.15923846590645,0.027,0.004,0,"2","AL137856.1"
"FCRL6",0,4.8734951538836,0.025,0.002,0,"2","FCRL6"
"VNN21",0,2.65232009444463,0.028,0.005,0,"2","VNN2"
"BFSP2",0,4.39229694816233,0.025,0.003,0,"2","BFSP2"
"CISH",0,3.60263785538572,0.028,0.006,0,"2","CISH"
"GFI1",0,5.64702311052511,0.023,0.001,0,"2","GFI1"
"FASLG",0,6.45608509227324,0.021,0,0,"2","FASLG"
"C1orf147",0,3.73876924760727,0.024,0.003,0,"2","C1orf147"
"LAIR2",0,4.78742344152287,0.022,0.001,0,"2","LAIR2"
"AC124014.1",0,4.43056885482064,0.021,0.001,0,"2","AC124014.1"
"CPA5",0,4.27599128079971,0.022,0.002,0,"2","CPA5"
"C11orf211",0,4.99195549443672,0.02,0.001,0,"2","C11orf21"
"APOBEC3H1",0,3.38667969399339,0.024,0.005,0,"2","APOBEC3H"
"AL357793.1",0,4.51916482223754,0.022,0.003,0,"2","AL357793.1"
"AL355916.22",0,3.44384909507927,0.021,0.003,0,"2","AL355916.2"
"AC119396.2",0,3.65247962444513,0.022,0.004,0,"2","AC119396.2"
"AC012645.3",0,4.65851863149886,0.019,0.001,0,"2","AC012645.3"
"IL23A",0,3.52830834232093,0.02,0.003,0,"2","IL23A"
"CD2441",0,3.95081310107599,0.02,0.003,0,"2","CD244"
"FOXP3",0,4.08363312843492,0.02,0.003,0,"2","FOXP3"
"AC136475.3",0,5.62909298459886,0.017,0,0,"2","AC136475.3"
"AC020659.1",0,4.18035894182433,0.019,0.002,0,"2","AC020659.1"
"CCR4",0,5.95544952445597,0.018,0.001,0,"2","CCR4"
"IL26",0,4.87262068033688,0.018,0.001,0,"2","IL26"
"AC099063.1",0,4.63042976794923,0.018,0.001,0,"2","AC099063.1"
"AC133644.2",0,5.47372412481326,0.017,0.001,0,"2","AC133644.2"
"LINC002391",0,4.93441488352781,0.017,0.001,0,"2","LINC00239"
"AC097713.1",0,4.97791746385574,0.017,0.001,0,"2","AC097713.1"
"VSIG1",0,4.14336667422899,0.017,0.002,0,"2","VSIG1"
"LINC01336",0,4.27380708655789,0.016,0.001,0,"2","LINC01336"
"TRGV10",0,6.60144761364381,0.015,0,0,"2","TRGV10"
"LINC01259",0,5.33666660740075,0.016,0.001,0,"2","LINC01259"
"LINC02084",0,5.74675932044681,0.014,0,0,"2","LINC02084"
"AL356276.1",0,3.89663894643137,0.015,0.001,0,"2","AL356276.1"
"SIRPG-AS1",0,5.47194932040584,0.015,0.001,0,"2","SIRPG-AS1"
"IL24",0,4.25153622251745,0.014,0.001,0,"2","IL24"
"ZNF80",0,5.30751343296648,0.014,0.001,0,"2","ZNF80"
"SPINK2",0,4.466435839805,0.014,0.001,0,"2","SPINK2"
"LINC01281",0,5.32623925036933,0.014,0.001,0,"2","LINC01281"
"GCNT4",0,3.7512368748088,0.015,0.002,0,"2","GCNT4"
"TRGV9",0,5.96789508009986,0.012,0,0,"2","TRGV9"
"KLRC4",0,5.60971534124553,0.012,0,0,"2","KLRC4"
"AP005482.1",0,4.39795921864213,0.013,0.001,0,"2","AP005482.1"
"ERMN",0,4.0335471351427,0.012,0.001,0,"2","ERMN"
"PPP1R2C1",0,5.12683228885558,0.011,0,0,"2","PPP1R2C"
"LINC02312",0,6.77648435608216,0.01,0,0,"2","LINC02312"
"KIR2DL4",0,6.6272507575182,0.01,0,0,"2","KIR2DL4"
"LTA",0,4.18585476223,0.011,0.001,0,"2","LTA"
"AC013437.1",0,4.07748880234308,0.01,0.001,0,"2","AC013437.1"
"HECA",7.63151006263672e-308,2.09936075937754,0.151,0.088,2.49061962404212e-303,"2","HECA"
"IRAK4",2.04621213990563e-303,2.2853789093503,0.091,0.042,6.67801793979603e-299,"2","IRAK4"
"KAT2B",1.69338568554498e-302,2.12172524401436,0.214,0.147,5.52653352334459e-298,"2","KAT2B"
"APOL32",1.29597688510319e-301,2.11884064464767,0.07,0.028,4.22955016222277e-297,"2","APOL3"
"RHOF",1.59302665352823e-301,2.45936894856942,0.083,0.037,5.19900178645473e-297,"2","RHOF"
"GCSAM",1.68000742241755e-301,3.82281698055471,0.013,0.002,5.48287222380191e-297,"2","GCSAM"
"HAPLN31",2.49671259273679e-301,2.50143839213355,0.053,0.019,8.14827121765577e-297,"2","HAPLN3"
"RGS14",3.27681394688983e-297,3.19037326262774,0.047,0.016,1.06942099970697e-292,"2","RGS14"
"PBX4",4.30953289359744e-297,2.84978146723283,0.106,0.054,1.40645915515446e-292,"2","PBX4"
"LLGL2",4.64686924701001e-297,2.70221158998792,0.05,0.017,1.51655224745419e-292,"2","LLGL2"
"LPIN2",2.03566259637855e-292,2.00455737297498,0.177,0.112,6.64358844954105e-288,"2","LPIN2"
"MEI1",1.98741226625562e-290,2.74005233786558,0.048,0.016,6.48611867215186e-286,"2","MEI1"
"ADAM81",9.95408260482707e-290,2.72307755673109,0.046,0.015,3.24861439891136e-285,"2","ADAM8"
"PZP",1.13939450005856e-289,3.13106857973536,0.128,0.071,3.71852789039111e-285,"2","PZP"
"TSPOAP1-AS1",4.16086689449136e-284,2.14676553844725,0.138,0.079,1.3579405196862e-279,"2","TSPOAP1-AS1"
"AL356272.1",4.49678681540291e-284,4.11069616019251,0.015,0.002,1.46757134507489e-279,"2","AL356272.1"
"SIGIRR",1.5677965637531e-283,2.25526875892659,0.123,0.067,5.11666086546463e-279,"2","SIGIRR"
"CCR6",1.10624633276706e-282,3.13124654802194,0.034,0.01,3.61034553161858e-278,"2","CCR6"
"HAVCR1",2.73131400053087e-280,3.56343811691299,0.018,0.003,8.91391637213256e-276,"2","HAVCR1"
"AL390763.2",4.51321588113367e-279,3.83803198265781,0.025,0.006,1.47293313496678e-274,"2","AL390763.2"
"KIF21B",5.9908839182994e-279,2.83836245502735,0.049,0.017,1.95518487557619e-274,"2","KIF21B"
"MIR3142HG1",3.24454936068551e-278,2.0511425737257,0.039,0.012,1.05889112935332e-273,"2","MIR3142HG"
"ACSS1",8.5929086364433e-278,2.0332708648388,0.06,0.023,2.80438166258964e-273,"2","ACSS1"
"TNFRSF10A2",1.44973475390094e-269,2.26716283251728,0.055,0.021,4.7313543428311e-265,"2","TNFRSF10A"
"AL138930.11",1.66603913791166e-268,2.26422537272106,0.027,0.007,5.4372853304885e-264,"2","AL138930.1"
"OASL1",9.13749582067195e-262,2.58252612520807,0.035,0.01,2.9821131360345e-257,"2","OASL"
"DNAJB11",2.78745329988814e-261,2.17399706372812,0.194,0.131,9.09713258951492e-257,"2","DNAJB1"
"AC006369.1",1.26966771717985e-260,2.8221773484568,0.082,0.039,4.14368756178817e-256,"2","AC006369.1"
"CHI3L2",3.16808823924851e-257,2.97290865807718,0.023,0.005,1.03393727776114e-252,"2","CHI3L2"
"RPL172",4.39336705443119e-254,2.04808753672999,0.116,0.063,1.43381927188416e-249,"2","RPL17"
"SULT1B11",6.50922421429943e-252,2.86628409269918,0.02,0.004,2.12435041457876e-247,"2","SULT1B1"
"FAAH2",3.58393277817714e-250,2.80038468717108,0.121,0.069,1.16965230148589e-245,"2","FAAH2"
"CCL4L21",5.22726543174417e-249,2.22427502777952,0.039,0.013,1.70597034630403e-244,"2","CCL4L2"
"PSME22",5.07039283406815e-248,2.06169634221134,0.152,0.095,1.65477340532648e-243,"2","PSME2"
"IL2RA",5.55856755563643e-245,2.30667393522477,0.046,0.016,1.81409410745751e-240,"2","IL2RA"
"CCR21",8.18452442591204e-244,3.82311198753853,0.012,0.002,2.67110139164065e-239,"2","CCR2"
"RTKN21",3.72448439535197e-243,3.14010329835244,0.077,0.036,1.21552272726707e-238,"2","RTKN2"
"BTN3A3",3.14581737003223e-242,2.5326050114733,0.061,0.026,1.02666895688372e-237,"2","BTN3A3"
"ZC3H12A1",2.49095616390812e-241,2.37977183700471,0.038,0.012,8.12948453653056e-237,"2","ZC3H12A"
"PASK",7.27338084107143e-237,2.61086328898386,0.072,0.033,2.37374057129207e-232,"2","PASK"
"RASGRP2",8.43621296827141e-236,2.26184001811887,0.096,0.05,2.75324246432506e-231,"2","RASGRP2"
"SLC39A8",8.34367015701132e-227,2.33939145810252,0.06,0.026,2.72304019244221e-222,"2","SLC39A8"
"CKLF2",1.87981085910787e-225,2.50345459594651,0.084,0.043,6.13495071978443e-221,"2","CKLF"
"TRABD",6.87510464430872e-225,2.02073202974442,0.154,0.099,2.24375915171659e-220,"2","TRABD"
"AC008083.1",1.36830450965409e-221,2.94188987113307,0.028,0.008,4.46559859770709e-217,"2","AC008083.1"
"ADA21",2.01639794143961e-220,2.04590852522084,0.096,0.051,6.58071632168232e-216,"2","ADA2"
"KCNAB2",1.12984657042813e-219,2.17097771439434,0.142,0.089,3.68736726724923e-215,"2","KCNAB2"
"CASS41",4.24489921931309e-218,2.11833769594257,0.043,0.016,1.38536530921502e-213,"2","CASS4"
"ADA3",1.22317248540704e-217,2.19486883920062,0.048,0.018,3.99194572337442e-213,"2","ADA"
"AC009950.1",1.79154751100761e-217,2.19039131812933,0.057,0.024,5.84689445692444e-213,"2","AC009950.1"
"TCAF21",1.44157875475831e-216,2.23334481058492,0.085,0.044,4.70473642402921e-212,"2","TCAF2"
"CASP11",8.23111368785363e-216,2.40638759639398,0.051,0.021,2.68630626316791e-211,"2","CASP1"
"NFKB2",2.67274267275191e-215,2.12554441439338,0.064,0.029,8.72276298679314e-211,"2","NFKB2"
"C1orf112",1.6133014361089e-213,2.2318212318909,0.141,0.09,5.26517056688499e-209,"2","C1orf112"
"SLC14A11",5.85478502944782e-209,2.70511165737436,0.033,0.011,1.91076764221059e-204,"2","SLC14A1"
"NSMCE31",4.24597312243653e-208,2.85288873127065,0.083,0.044,1.38571578823839e-203,"2","NSMCE3"
"IL12RB2",5.72596825051655e-207,2.90339915967942,0.07,0.034,1.86872699823858e-202,"2","IL12RB2"
"RNPEPL11",2.93929781776759e-206,2.34287289750073,0.081,0.041,9.59269235806631e-202,"2","RNPEPL1"
"AC025164.1",4.19096123132752e-205,2.19690487914967,0.087,0.046,1.36776210745605e-200,"2","AC025164.1"
"METRNL2",9.69392654844529e-205,2.24244228944564,0.106,0.06,3.1637098683506e-200,"2","METRNL"
"AC022706.1",2.39836086644907e-202,4.05974752788729,0.011,0.002,7.82729052374319e-198,"2","AC022706.1"
"MR1",2.48371504809491e-202,2.1264250406564,0.067,0.032,8.10585243096256e-198,"2","MR1"
"ARF6",1.22214860300868e-201,2.05431932729562,0.131,0.082,3.98860418077914e-197,"2","ARF6"
"TNFRSF14-AS1",1.2380498925917e-200,3.03352867949422,0.018,0.004,4.04049962946227e-196,"2","TNFRSF14-AS1"
"STXBP21",2.66639242576029e-198,2.35003390919686,0.038,0.014,8.70203832071128e-194,"2","STXBP2"
"AC104078.2",2.99578223396383e-198,3.93085625193948,0.02,0.005,9.77703489876436e-194,"2","AC104078.2"
"LINC01588",7.08775335282077e-198,2.26757617008085,0.089,0.048,2.31315918422659e-193,"2","LINC01588"
"TRADD",1.81059733989044e-197,2.58855938533649,0.057,0.025,5.90906547846645e-193,"2","TRADD"
"SH2D1B",3.96674966212112e-197,3.91331152183685,0.017,0.004,1.29458841972985e-192,"2","SH2D1B"
"LINC02100",5.29667221315586e-197,2.59761629352464,0.042,0.016,1.72862194348555e-192,"2","LINC02100"
"AL158198.1",2.54915103411011e-195,3.19618719832931,0.022,0.006,8.31940931492175e-191,"2","AL158198.1"
"GBP3",8.66330984682902e-194,2.17702958926985,0.052,0.022,2.82735780161112e-189,"2","GBP3"
"AC243829.4",1.03700263102554e-193,3.47746809683833,0.011,0.002,3.38436178661495e-189,"2","AC243829.4"
"MTFR1",3.64759975913685e-193,2.02452336925603,0.19,0.14,1.1904306573919e-188,"2","MTFR1"
"RHOG1",1.68949007894208e-192,2.10042782221837,0.1,0.057,5.51381982163536e-188,"2","RHOG"
"AL121985.1",3.28159595998552e-192,3.11853429505164,0.024,0.007,1.07098165750087e-187,"2","AL121985.1"
"GIMAP52",1.74606086529077e-189,3.45208866806684,0.015,0.003,5.69844423996296e-185,"2","GIMAP5"
"AC010978.1",9.29518846298259e-185,2.34377380516966,0.056,0.026,3.033577706779e-180,"2","AC010978.1"
"AL589990.11",1.92260174794041e-184,3.18543274814347,0.026,0.008,6.27460306457832e-180,"2","AL589990.1"
"AL136962.1",2.08615923674491e-184,2.49896702041764,0.051,0.022,6.80838928504069e-180,"2","AL136962.1"
"CLNK",2.17592652731888e-182,2.60144344606704,0.046,0.019,7.10135381455791e-178,"2","CLNK"
"SLFN131",3.24361440910451e-182,2.23501458852566,0.033,0.012,1.05858599855535e-177,"2","SLFN13"
"MZB1",2.10618513344733e-180,2.31034245408255,0.015,0.003,6.87374580151869e-176,"2","MZB1"
"TACC31",3.23859770048094e-180,2.26039984429921,0.07,0.036,1.05694874552896e-175,"2","TACC3"
"ARNTL",7.6252618563851e-180,2.18839765272808,0.099,0.057,2.48858045944984e-175,"2","ARNTL"
"CD70",2.66845472817125e-178,3.33845938170775,0.015,0.003,8.70876885085969e-174,"2","CD70"
"AC103724.4",2.92535608251324e-178,3.79517099257952,0.01,0.002,9.5471921108902e-174,"2","AC103724.4"
"RAB29",3.31653511151985e-177,2.47025106715768,0.058,0.027,1.08238439899562e-172,"2","RAB29"
"AC008083.2",5.30009165862464e-177,2.46116400885912,0.037,0.014,1.72973791370874e-172,"2","AC008083.2"
"USP30-AS1",1.45411698727217e-172,3.79817826974469,0.012,0.002,4.74565619966146e-168,"2","USP30-AS1"
"AP000919.2",2.8538009196818e-172,2.27765180951698,0.061,0.029,9.31366468147354e-168,"2","AP000919.2"
"MDS2",1.27279067969238e-171,2.75390144196484,0.021,0.006,4.15387966224404e-167,"2","MDS2"
"RGS191",1.48412864478812e-171,2.29657358137224,0.06,0.029,4.8436022451305e-167,"2","RGS19"
"TNFRSF25",2.06321339457209e-169,2.14937684353556,0.103,0.061,6.73350323452547e-165,"2","TNFRSF25"
"MMP25",2.09426224302575e-169,2.54814137797706,0.034,0.013,6.83483425633883e-165,"2","MMP25"
"CXorf58",1.80550966397525e-168,3.47074644491095,0.019,0.005,5.89246133934964e-164,"2","CXorf58"
"SPNS3",3.01552546952308e-168,2.33302120478175,0.025,0.008,9.84146892233553e-164,"2","SPNS3"
"HACD41",4.37730473470004e-168,2.45395479573906,0.059,0.028,1.4285771732167e-163,"2","HACD4"
"NMI1",5.85426391232276e-168,2.19697055054473,0.064,0.032,1.91059757042566e-163,"2","NMI"
"ZBTB25",1.68992496238172e-166,2.00512759601257,0.135,0.09,5.51523910722899e-162,"2","ZBTB25"
"ABHD17A",8.93254324327743e-166,2.09161516698767,0.163,0.118,2.91522481287602e-161,"2","ABHD17A"
"LINC02320",1.17177827287278e-162,3.27230278395397,0.021,0.006,3.82421557134762e-158,"2","LINC02320"
"SULT2B1",1.05099067508124e-160,3.49878269039079,0.02,0.006,3.43001316719515e-156,"2","SULT2B1"
"MTFP11",1.13894865795551e-159,3.12050603914749,0.02,0.006,3.71707284010359e-155,"2","MTFP1"
"MSL3",1.17418495460581e-157,2.28871696351927,0.077,0.042,3.83207001785151e-153,"2","MSL3"
"ATXN7-ENSG00000163635",1.38712866360332e-157,3.94585553517017,0.011,0.002,4.5270331065358e-153,"2","ATXN7-ENSG00000163635"
"P2RX51",6.60326369953918e-157,3.30345897197114,0.014,0.003,2.15504114098161e-152,"2","P2RX5"
"SLC25A45",1.01968925600772e-156,2.12276797102534,0.084,0.048,3.32785785590679e-152,"2","SLC25A45"
"GRAP1",9.49683827433494e-153,2.52998182248609,0.02,0.006,3.09938813921195e-148,"2","GRAP"
"GPA33",2.8594130482798e-151,2.98010141473451,0.017,0.005,9.33198042436594e-147,"2","GPA33"
"C11orf65",1.81022580828578e-149,2.00046112787924,0.129,0.087,5.90785294792147e-145,"2","C11orf65"
"AL355816.2",1.81511095523821e-149,2.46410286561196,0.024,0.008,5.92379611351543e-145,"2","AL355816.2"
"VIM-AS1",2.65649803028085e-146,2.55958844355531,0.036,0.015,8.66974697162458e-142,"2","VIM-AS1"
"KLRG1",4.35994000072757e-143,2.3100082723078,0.12,0.08,1.42291001863745e-138,"2","KLRG1"
"C15orf53",5.70626112043791e-141,3.8579415923413,0.049,0.024,1.86229537926612e-136,"2","C15orf53"
"HIST1H1E",1.11766567130383e-138,2.64007977275447,0.052,0.026,3.64761368486717e-134,"2","HIST1H1E"
"PRKX-AS1",1.29350767108689e-138,2.44907613086228,0.053,0.027,4.22149163535917e-134,"2","PRKX-AS1"
"FCGBP1",3.04472378845807e-138,2.45650669231056,0.024,0.008,9.93676055601175e-134,"2","FCGBP"
"FOXP1-AS1",2.07823319294817e-136,2.34115828140471,0.044,0.02,6.78252184850565e-132,"2","FOXP1-AS1"
"PRR5L1",1.27144589088491e-135,2.12374166322434,0.055,0.028,4.14949080949201e-131,"2","PRR5L"
"PLEKHF1",2.69854176215096e-135,2.99387661516042,0.025,0.009,8.80696089495588e-131,"2","PLEKHF1"
"AF165147.1",4.58435519336275e-135,2.27426850371442,0.095,0.06,1.49615016090587e-130,"2","AF165147.1"
"IL23R1",2.87894206053581e-133,3.4973148816682,0.014,0.004,9.39571530876466e-129,"2","IL23R"
"CLIC51",8.19839156703454e-133,2.19707330217826,0.032,0.013,2.67562707181739e-128,"2","CLIC5"
"FYCO1",1.12244681542602e-132,2.14939657553053,0.061,0.032,3.66321742682436e-128,"2","FYCO1"
"MICB1",3.73341388343987e-131,2.73430390209097,0.016,0.005,1.21843695499943e-126,"2","MICB"
"C5orf58",4.4294680521546e-131,2.97091770757098,0.012,0.003,1.44560119350118e-126,"2","C5orf58"
"FGFBP22",1.64760389180636e-130,3.60876895262512,0.012,0.003,5.37712006129923e-126,"2","FGFBP2"
"AP003774.4",3.94568330440225e-130,3.13882798016466,0.011,0.002,1.28771320322472e-125,"2","AP003774.4"
"LINC00891",1.68585949491277e-129,2.60271176505664,0.014,0.004,5.50197104759731e-125,"2","LINC00891"
"AC092652.11",4.94218167638933e-129,2.25572431365716,0.014,0.003,1.61293041190642e-124,"2","AC092652.1"
"BFSP2-AS1",5.3404829379079e-129,3.39618424017577,0.011,0.003,1.74292001161562e-124,"2","BFSP2-AS1"
"TTC16",1.20602567314385e-125,3.6447134499424,0.01,0.002,3.93598538687225e-121,"2","TTC16"
"TNFSF92",3.0868355929508e-124,3.05066445907843,0.019,0.006,1.00741966411542e-119,"2","TNFSF9"
"A2M-AS1",5.36793580651714e-124,3.05409854188459,0.03,0.012,1.75187952981494e-119,"2","A2M-AS1"
"TNFRSF9",2.28285681118793e-120,3.13506061109296,0.026,0.01,7.45033148899293e-116,"2","TNFRSF9"
"TCIRG11",8.04673684497726e-117,2.07264552218798,0.053,0.028,2.62613303672678e-112,"2","TCIRG1"
"CHCHD7",5.01101737945654e-115,2.20010279822853,0.062,0.035,1.63539563195944e-110,"2","CHCHD7"
"AL139246.51",7.09031682173861e-115,2.57288692101954,0.021,0.008,2.31399579794261e-110,"2","AL139246.5"
"MBNL1-AS1",4.56226515894597e-114,3.03876191091256,0.017,0.005,1.48894085727361e-109,"2","MBNL1-AS1"
"Z97192.12",3.19650225827234e-113,2.18322213300637,0.017,0.005,1.04321047700976e-108,"2","Z97192.1"
"MT1F2",5.70593752359486e-112,2.33863524600467,0.028,0.012,1.86218977020042e-107,"2","MT1F"
"ABCD2",6.34040184920745e-112,2.73258618965465,0.064,0.037,2.06925354750734e-107,"2","ABCD2"
"ABI32",2.94501158019262e-111,2.20151901465979,0.043,0.021,9.61133979311665e-107,"2","ABI3"
"SH3BP11",8.13941670568998e-110,2.81062288278643,0.026,0.01,2.65638003606898e-105,"2","SH3BP1"
"AC008555.5",5.38063687162765e-109,3.00011314081123,0.015,0.005,1.7560246494244e-104,"2","AC008555.5"
"VIPR1",6.49607580425925e-109,2.84905653589863,0.017,0.005,2.12005929947805e-104,"2","VIPR1"
"AC243829.2",7.33388618047162e-109,3.91925137527173,0.019,0.007,2.39348709385872e-104,"2","AC243829.2"
"ADCY7",3.79870933925638e-108,2.00627068874611,0.112,0.078,1.23974677995971e-103,"2","ADCY7"
"LINC00402",6.53945851437501e-108,2.26712601496754,0.051,0.027,2.13421768075143e-103,"2","LINC00402"
"AC127521.1",1.91996639235027e-105,2.88469743702066,0.012,0.003,6.26600231807436e-101,"2","AC127521.1"
"GPC5",0,2.24828306486816,0.487,0.127,0,"20","GPC5"
"AC009264.1",0,2.09366344212837,0.536,0.189,0,"20","AC009264.1"
"ASIC2",0,2.06457001749557,0.497,0.167,0,"20","ASIC2"
"MDGA2",0,2.28606218580338,0.431,0.102,0,"20","MDGA2"
"AC024901.1",0,2.48440328737221,0.41,0.084,0,"20","AC024901.1"
"CSMD1",0,2.43666280588658,0.447,0.138,0,"20","CSMD1"
"SHISA61",0,2.02812490428081,0.36,0.083,0,"20","SHISA6"
"EPHB1",0,2.04561839538353,0.378,0.103,0,"20","EPHB1"
"SLC35F3",0,2.16104841814758,0.369,0.1,0,"20","SLC35F3"
"LINC01776",0,2.01641274913738,0.371,0.117,0,"20","LINC01776"
"ANKRD30BL",0,2.05459462895378,0.354,0.1,0,"20","ANKRD30BL"
"ERBB4",0,2.01948275253479,0.371,0.117,0,"20","ERBB4"
"GABRG3",0,2.5990325755047,0.296,0.055,0,"20","GABRG3"
"CORIN",0,2.66185312760686,0.304,0.064,0,"20","CORIN"
"GABRB1",0,2.06621396560107,0.331,0.093,0,"20","GABRB1"
"TMEM132D",0,2.0521832875921,0.338,0.1,0,"20","TMEM132D"
"LINC00486",0,2.1280264505168,0.384,0.149,0,"20","LINC00486"
"SGCZ",0,2.0286238566769,0.317,0.088,0,"20","SGCZ"
"GABRA3",0,2.11427417884151,0.302,0.074,0,"20","GABRA3"
"RIT2",0,2.07541361588121,0.323,0.097,0,"20","RIT2"
"ANKRD7",0,2.42828924854104,0.284,0.063,0,"20","ANKRD7"
"PIK3C2G",0,2.57063383841504,0.273,0.055,0,"20","PIK3C2G"
"LINC02307",0,2.56531694474029,0.266,0.051,0,"20","LINC02307"
"STXBP5-AS1",0,2.16302679653357,0.286,0.076,0,"20","STXBP5-AS1"
"RERGL",0,2.55170450087324,0.251,0.05,0,"20","RERGL"
"SNTG1",0,2.61896619214538,0.255,0.054,0,"20","SNTG1"
"AC006148.1",0,2.27610837413718,0.27,0.069,0,"20","AC006148.1"
"LINC023981",0,2.17657174865157,0.249,0.05,0,"20","LINC02398"
"LRFN5",0,2.0091657314005,0.256,0.063,0,"20","LRFN5"
"AL391117.1",0,3.51440807841169,0.221,0.032,0,"20","AL391117.1"
"FAM189A1",0,2.09810597261771,0.249,0.061,0,"20","FAM189A1"
"AL117329.1",0,2.3825866575531,0.239,0.055,0,"20","AL117329.1"
"OVCH1-AS1",0,2.02687916918336,0.234,0.051,0,"20","OVCH1-AS1"
"AC008415.1",0,2.01785092970039,0.263,0.08,0,"20","AC008415.1"
"AC011287.1",0,2.09681810381183,0.25,0.069,0,"20","AC011287.1"
"AC069277.1",0,2.17254919709847,0.227,0.05,0,"20","AC069277.1"
"SLC4A10",0,2.07619717540602,0.232,0.062,0,"20","SLC4A10"
"PTCHD4",0,2.00310841687708,0.235,0.066,0,"20","PTCHD4"
"AC114316.2",0,2.00642803810027,0.234,0.07,0,"20","AC114316.2"
"LINC01170",0,2.564438879661,0.214,0.051,0,"20","LINC01170"
"LINC00535",0,2.10655030195496,0.217,0.055,0,"20","LINC00535"
"AL589740.1",0,2.96866674583548,0.212,0.057,0,"20","AL589740.1"
"ADRA1A",0,2.26299159318779,0.192,0.04,0,"20","ADRA1A"
"LHFPL3",0,2.15903520566966,0.208,0.057,0,"20","LHFPL3"
"LRRIQ1",0,2.08640070100662,0.208,0.06,0,"20","LRRIQ1"
"HTR4",0,2.0742582473286,0.196,0.051,0,"20","HTR4"
"LINC00534",0,2.11012095186645,0.194,0.049,0,"20","LINC00534"
"DNAH7",0,2.38214780854486,0.184,0.04,0,"20","DNAH7"
"ADCY8",0,2.24242493968474,0.189,0.046,0,"20","ADCY8"
"OVCH1",0,2.13871132513729,0.18,0.037,0,"20","OVCH1"
"AL022068.1",0,2.1651488670695,0.188,0.046,0,"20","AL022068.1"
"SCN1A",0,2.28059058771523,0.189,0.048,0,"20","SCN1A"
"TMC3-AS1",0,2.33338981804935,0.189,0.048,0,"20","TMC3-AS1"
"USH2A",0,2.85654466894857,0.18,0.04,0,"20","USH2A"
"AL353784.1",0,2.22150334146485,0.18,0.041,0,"20","AL353784.1"
"AC109779.1",0,3.41057924963124,0.162,0.024,0,"20","AC109779.1"
"HCN1",0,2.19133176154358,0.194,0.056,0,"20","HCN1"
"CSMD3",0,3.35401634736264,0.166,0.029,0,"20","CSMD3"
"C5orf17",0,2.07342054395865,0.183,0.046,0,"20","C5orf17"
"LINC01194",0,2.81381730271541,0.164,0.028,0,"20","LINC01194"
"LINC01435",0,2.12952259261368,0.181,0.047,0,"20","LINC01435"
"LINC01667",0,2.4507010771923,0.167,0.034,0,"20","LINC01667"
"MTUS2",0,2.40765548480533,0.173,0.04,0,"20","MTUS2"
"SLCO1C1",0,2.09296804962372,0.167,0.041,0,"20","SLCO1C1"
"PALM2",0,2.05207474146185,0.167,0.042,0,"20","PALM2"
"AL110292.1",0,2.67861354165384,0.153,0.028,0,"20","AL110292.1"
"LINC00504",0,2.09110390986203,0.169,0.045,0,"20","LINC00504"
"PKHD1",0,2.55291962840422,0.175,0.055,0,"20","PKHD1"
"TRHDE1",0,2.2808275582137,0.154,0.034,0,"20","TRHDE"
"AC092920.1",0,2.82839650850226,0.148,0.028,0,"20","AC092920.1"
"AC009975.1",0,3.0190662026902,0.151,0.032,0,"20","AC009975.1"
"AC099520.11",0,3.10005116625804,0.158,0.039,0,"20","AC099520.1"
"ANKRD34C-AS1",0,2.79351273128054,0.141,0.023,0,"20","ANKRD34C-AS1"
"LINC00871",0,2.11663193382068,0.161,0.044,0,"20","LINC00871"
"AC005355.1",0,2.50755967615694,0.139,0.027,0,"20","AC005355.1"
"ECT2L",0,2.06834470192519,0.149,0.037,0,"20","ECT2L"
"AC113414.1",0,2.48263313967378,0.15,0.039,0,"20","AC113414.1"
"KCNMB2",0,3.56694340645071,0.128,0.018,0,"20","KCNMB2"
"LINC01470",0,2.16260577637494,0.147,0.04,0,"20","LINC01470"
"DLGAP1-AS4",0,2.28242718380397,0.133,0.027,0,"20","DLGAP1-AS4"
"C4orf50",0,2.01167331465952,0.14,0.035,0,"20","C4orf50"
"LINC00393",0,2.65568690756664,0.128,0.023,0,"20","LINC00393"
"LINC024761",0,2.55968349667367,0.132,0.028,0,"20","LINC02476"
"MYO3B",0,2.96143096786167,0.125,0.021,0,"20","MYO3B"
"MIR3681HG",0,2.71184962732735,0.134,0.031,0,"20","MIR3681HG"
"AL357507.11",0,2.53897884774879,0.138,0.035,0,"20","AL357507.1"
"CCDC26",0,2.30879966247471,0.142,0.039,0,"20","CCDC26"
"PPEF1",0,2.12194511097164,0.137,0.035,0,"20","PPEF1"
"AP005328.1",0,2.40585919792275,0.131,0.029,0,"20","AP005328.1"
"CNBD1",0,3.60679816613062,0.121,0.019,0,"20","CNBD1"
"AL356479.11",0,2.20014966781478,0.139,0.038,0,"20","AL356479.1"
"DCHS2",0,2.08676433625317,0.14,0.041,0,"20","DCHS2"
"DLGAP1-AS5",0,2.29015355241628,0.122,0.023,0,"20","DLGAP1-AS5"
"DCDC1",0,2.44563903730863,0.124,0.025,0,"20","DCDC1"
"LINC01598",0,2.20413533548709,0.129,0.03,0,"20","LINC01598"
"LINC01182",0,2.62187348038887,0.119,0.02,0,"20","LINC01182"
"LINC01630",0,2.40244691748868,0.128,0.03,0,"20","LINC01630"
"LINC01524",0,2.00375267770614,0.135,0.037,0,"20","LINC01524"
"AC090502.1",0,2.53578817844684,0.119,0.021,0,"20","AC090502.1"
"LINC02389",0,2.01739762075131,0.126,0.029,0,"20","LINC02389"
"AC106729.11",0,2.1766756378869,0.128,0.031,0,"20","AC106729.1"
"AL035401.1",0,2.2348422408524,0.133,0.037,0,"20","AL035401.1"
"MYO18B",0,2.60389436605768,0.117,0.023,0,"20","MYO18B"
"SPATA17",0,2.18905454766701,0.119,0.027,0,"20","SPATA17"
"AL353753.1",0,2.89736541560191,0.112,0.021,0,"20","AL353753.1"
"LINC02341",0,2.46677328331355,0.113,0.022,0,"20","LINC02341"
"LINC01901",0,2.55133923069661,0.111,0.02,0,"20","LINC01901"
"AC020637.1",0,2.1343811586835,0.118,0.029,0,"20","AC020637.1"
"TPTE",0,2.69893543155588,0.11,0.021,0,"20","TPTE"
"AC007402.1",0,2.59523073291187,0.125,0.036,0,"20","AC007402.1"
"KLHL1",0,2.11625985341593,0.132,0.044,0,"20","KLHL1"
"GRM1",0,2.54905772723902,0.109,0.021,0,"20","GRM1"
"LAMB4",0,2.44814690445665,0.108,0.02,0,"20","LAMB4"
"AC090518.1",0,2.06990402432696,0.113,0.026,0,"20","AC090518.1"
"MIR4300HG",0,2.3110628501344,0.122,0.035,0,"20","MIR4300HG"
"GSG1L",0,2.66505550803433,0.104,0.017,0,"20","GSG1L"
"DNM3OS1",0,2.20931503843071,0.123,0.037,0,"20","DNM3OS"
"LINC005781",0,2.20881480477208,0.108,0.022,0,"20","LINC00578"
"CDK15",0,2.16142513515459,0.116,0.031,0,"20","CDK15"
"PCDH11X",0,2.0214419507426,0.12,0.035,0,"20","PCDH11X"
"AF121898.1",0,2.92982094109212,0.106,0.021,0,"20","AF121898.1"
"AL356108.1",0,2.62473114526345,0.101,0.017,0,"20","AL356108.1"
"WDR49",0,3.02916772249495,0.096,0.013,0,"20","WDR49"
"LINC02143",0,2.47164183324508,0.108,0.025,0,"20","LINC02143"
"LINC02055",0,2.14801260024682,0.124,0.041,0,"20","LINC02055"
"CFAP221",0,2.03965867790897,0.108,0.026,0,"20","CFAP221"
"MGAM1",0,2.05903661635819,0.108,0.026,0,"20","MGAM"
"AL162718.1",0,2.56070920275335,0.099,0.017,0,"20","AL162718.1"
"SPAG17",0,2.25986261509952,0.105,0.023,0,"20","SPAG17"
"SLCO1B1",0,2.53902362792261,0.102,0.02,0,"20","SLCO1B1"
"AC114689.3",0,2.248474585637,0.116,0.035,0,"20","AC114689.3"
"AL691420.1",0,2.38711867786543,0.105,0.024,0,"20","AL691420.1"
"PTH2R",0,2.12172193605575,0.108,0.028,0,"20","PTH2R"
"SLC12A8",0,2.02700121385013,0.104,0.024,0,"20","SLC12A8"
"PPP4R4",0,2.01568509220896,0.103,0.023,0,"20","PPP4R4"
"AL031599.1",0,2.34895293331487,0.101,0.022,0,"20","AL031599.1"
"AC092167.1",0,2.78205956399293,0.095,0.016,0,"20","AC092167.1"
"AC023824.3",0,2.04284542529167,0.108,0.029,0,"20","AC023824.3"
"LINC00645",0,2.61440712099721,0.095,0.016,0,"20","LINC00645"
"CCDC1781",0,2.56532643681753,0.102,0.023,0,"20","CCDC178"
"AC078845.1",0,2.61861304926301,0.095,0.017,0,"20","AC078845.1"
"LINC014111",0,2.0457291059119,0.102,0.024,0,"20","LINC01411"
"AC005699.1",0,2.02109107207605,0.102,0.024,0,"20","AC005699.1"
"POU6F2",0,2.45044622267251,0.098,0.021,0,"20","POU6F2"
"TMC3",0,2.85088986318024,0.092,0.015,0,"20","TMC3"
"IQUB",0,2.12780637572159,0.096,0.022,0,"20","IQUB"
"AC037450.1",0,2.95412425056966,0.094,0.02,0,"20","AC037450.1"
"LINC01830",0,3.4178697461003,0.088,0.014,0,"20","LINC01830"
"AP005230.1",0,3.21682163160439,0.087,0.014,0,"20","AP005230.1"
"LINC02343",0,2.84715517476622,0.089,0.016,0,"20","LINC02343"
"AC078923.1",0,2.30669760335878,0.099,0.027,0,"20","AC078923.1"
"AC107419.1",0,2.38924727404857,0.093,0.021,0,"20","AC107419.1"
"RBFOX3",0,2.01933376936665,0.093,0.021,0,"20","RBFOX3"
"LINC02588",0,2.81839198773805,0.087,0.015,0,"20","LINC02588"
"AC138305.1",0,2.99118673184525,0.087,0.015,0,"20","AC138305.1"
"DLGAP2-AS1",0,2.03010789220807,0.093,0.022,0,"20","DLGAP2-AS1"
"AC004485.1",0,2.72390329859194,0.086,0.015,0,"20","AC004485.1"
"AC004053.1",0,2.53893363436339,0.091,0.02,0,"20","AC004053.1"
"AC079917.1",0,2.89338383315675,0.083,0.013,0,"20","AC079917.1"
"MMD2",0,2.13411396242362,0.086,0.016,0,"20","MMD2"
"LINC01967",0,2.60883315353782,0.085,0.016,0,"20","LINC01967"
"AC103409.1",0,3.27531847818102,0.081,0.012,0,"20","AC103409.1"
"LINC02150",0,2.63154516976348,0.085,0.017,0,"20","LINC02150"
"AC104248.1",0,2.56773127338977,0.083,0.015,0,"20","AC104248.1"
"AC084816.1",0,2.84634674422636,0.083,0.015,0,"20","AC084816.1"
"LINC01811",0,2.68769590035808,0.082,0.014,0,"20","LINC01811"
"AC002463.1",0,3.2529757615413,0.077,0.01,0,"20","AC002463.1"
"CFAP299",0,2.31762913223628,0.089,0.022,0,"20","CFAP299"
"HNF4G",0,2.52155184496049,0.082,0.015,0,"20","HNF4G"
"OTX2-AS1",0,2.45941995862831,0.084,0.017,0,"20","OTX2-AS1"
"LINC01976",0,2.57151924568135,0.086,0.019,0,"20","LINC01976"
"GJB7",0,2.21185274912443,0.085,0.019,0,"20","GJB7"
"EFCAB8",0,2.60678582011919,0.078,0.012,0,"20","EFCAB8"
"AC069120.1",0,2.27790204718945,0.081,0.015,0,"20","AC069120.1"
"LINC01241",0,2.98394666308147,0.078,0.013,0,"20","LINC01241"
"BBOX1-AS1",0,2.20431271250737,0.085,0.02,0,"20","BBOX1-AS1"
"FAM81B",0,2.73850628857126,0.078,0.013,0,"20","FAM81B"
"FSHR",0,2.87313206626302,0.081,0.016,0,"20","FSHR"
"AC116666.1",0,2.24556145238872,0.08,0.015,0,"20","AC116666.1"
"AC008568.1",0,2.44675348657152,0.081,0.016,0,"20","AC008568.1"
"FAM230C",0,2.34381811786687,0.082,0.017,0,"20","FAM230C"
"AC100818.1",0,2.36772253076376,0.081,0.016,0,"20","AC100818.1"
"TDRD5",0,2.09672222353601,0.082,0.018,0,"20","TDRD5"
"CFAP47",0,2.28669056961672,0.082,0.018,0,"20","CFAP47"
"DNAI1",0,2.0605335373824,0.083,0.019,0,"20","DNAI1"
"LINC02231",0,2.63637741320263,0.077,0.013,0,"20","LINC02231"
"LYPD6B1",0,2.85999310148377,0.075,0.012,0,"20","LYPD6B"
"DNAH5",0,2.26924976443112,0.083,0.02,0,"20","DNAH5"
"DRAIC",0,2.04649303452061,0.081,0.018,0,"20","DRAIC"
"AC021351.1",0,2.54275402264591,0.077,0.014,0,"20","AC021351.1"
"AL034347.1",0,2.31520890789896,0.079,0.016,0,"20","AL034347.1"
"AC112493.1",0,2.17787366830038,0.083,0.021,0,"20","AC112493.1"
"AC092078.21",0,2.0753975373031,0.078,0.016,0,"20","AC092078.2"
"GRM7-AS3",0,2.25372682064715,0.08,0.018,0,"20","GRM7-AS3"
"LINC01317",0,2.36440967055064,0.085,0.024,0,"20","LINC01317"
"TRPC7",0,2.87299480886692,0.074,0.013,0,"20","TRPC7"
"XACT",0,2.43582208215003,0.076,0.015,0,"20","XACT"
"AC062004.1",0,2.59382712986453,0.075,0.014,0,"20","AC062004.1"
"AC010967.11",0,2.5732193527804,0.076,0.016,0,"20","AC010967.1"
"AC096719.1",0,2.54280871991969,0.075,0.015,0,"20","AC096719.1"
"AC079298.3",0,2.09039209103041,0.08,0.02,0,"20","AC079298.3"
"AC090458.1",0,2.8226899614922,0.071,0.011,0,"20","AC090458.1"
"AC009975.2",0,3.49158642716467,0.07,0.011,0,"20","AC009975.2"
"AL139023.11",0,2.84889902135484,0.072,0.013,0,"20","AL139023.1"
"CCDC148-AS1",0,2.23535785202513,0.075,0.016,0,"20","CCDC148-AS1"
"LINC02232",0,4.39837554814939,0.064,0.006,0,"20","LINC02232"
"AL442647.1",0,2.17038928543078,0.082,0.024,0,"20","AL442647.1"
"LRRIQ3",0,2.0543377121443,0.078,0.02,0,"20","LRRIQ3"
"PYY",0,2.39453576444144,0.071,0.013,0,"20","PYY"
"AC010343.31",0,2.20472648868791,0.078,0.02,0,"20","AC010343.3"
"MLIP",0,3.22755639435812,0.068,0.011,0,"20","MLIP"
"OCA2",0,2.60337716970061,0.068,0.011,0,"20","OCA2"
"LINC00470",0,2.37247255437904,0.068,0.011,0,"20","LINC00470"
"LINC01099",0,3.48716110502415,0.067,0.01,0,"20","LINC01099"
"AL589743.5",0,2.16948123934852,0.075,0.018,0,"20","AL589743.5"
"DPYS",0,2.37356707274492,0.07,0.014,0,"20","DPYS"
"SLC7A11",0,2.21365641971351,0.072,0.016,0,"20","SLC7A11"
"LINC02112",0,2.24929398372044,0.07,0.015,0,"20","LINC02112"
"LECT2",0,2.2675003758103,0.069,0.014,0,"20","LECT2"
"ADAM7",0,3.02109587963454,0.064,0.009,0,"20","ADAM7"
"ACOXL",0,2.05675372994885,0.076,0.021,0,"20","ACOXL"
"AC092650.1",0,2.17492987859706,0.074,0.019,0,"20","AC092650.1"
"AC115837.2",0,2.07947655337633,0.071,0.016,0,"20","AC115837.2"
"AC018467.1",0,2.7682400679309,0.065,0.011,0,"20","AC018467.1"
"ARX",0,2.31530538103526,0.067,0.013,0,"20","ARX"
"LINC02118",0,2.55749903459435,0.067,0.013,0,"20","LINC02118"
"AC079801.1",0,2.27435822036021,0.068,0.014,0,"20","AC079801.1"
"AC006305.1",0,2.00492536030631,0.072,0.018,0,"20","AC006305.1"
"SLC6A13",0,2.45196308386921,0.064,0.011,0,"20","SLC6A13"
"CCDC175",0,2.33527858650548,0.066,0.013,0,"20","CCDC175"
"AC016687.3",0,3.13405884934572,0.063,0.01,0,"20","AC016687.3"
"GPR39",0,2.05614388512734,0.071,0.018,0,"20","GPR39"
"DACH2",0,2.28594647701205,0.073,0.02,0,"20","DACH2"
"HCRTR2",0,2.31190403058865,0.07,0.018,0,"20","HCRTR2"
"GDA",0,2.13839176950068,0.07,0.018,0,"20","GDA"
"IL12A-AS1",0,2.25919184051903,0.068,0.016,0,"20","IL12A-AS1"
"CPA6",0,2.09067676925241,0.069,0.017,0,"20","CPA6"
"AC000372.1",0,2.32597663684628,0.066,0.014,0,"20","AC000372.1"
"AL391704.2",0,3.78410344879347,0.057,0.006,0,"20","AL391704.2"
"GLRA3",0,2.61885648560807,0.063,0.012,0,"20","GLRA3"
"DEC1",0,2.83282791825875,0.06,0.009,0,"20","DEC1"
"SLC22A14",0,2.21843665856676,0.063,0.013,0,"20","SLC22A14"
"ASB15",0,3.38404815789734,0.057,0.007,0,"20","ASB15"
"NALCN-AS1",0,2.45590469198257,0.064,0.014,0,"20","NALCN-AS1"
"CYP4A22-AS1",0,2.35804780930178,0.061,0.011,0,"20","CYP4A22-AS1"
"LINC01239",0,2.46963991028662,0.061,0.011,0,"20","LINC01239"
"LMNTD1",0,2.59372979493758,0.064,0.014,0,"20","LMNTD1"
"AL450442.1",0,3.75954207846119,0.055,0.005,0,"20","AL450442.1"
"STPG2-AS1",0,2.29008342269755,0.065,0.015,0,"20","STPG2-AS1"
"PLCZ1",0,2.70136823727594,0.06,0.01,0,"20","PLCZ1"
"PAH",0,2.23681440678381,0.065,0.016,0,"20","PAH"
"NDST4",0,2.7989705665733,0.063,0.014,0,"20","NDST4"
"ACOT12",0,2.45459332887391,0.06,0.011,0,"20","ACOT12"
"CCDC129",0,2.03541829127091,0.064,0.015,0,"20","CCDC129"
"LINC01098",0,4.22478797468797,0.055,0.006,0,"20","LINC01098"
"SLC26A7",0,2.4136557389168,0.059,0.01,0,"20","SLC26A7"
"PRMT8",0,2.56770381945273,0.059,0.01,0,"20","PRMT8"
"ZBBX",0,2.98373108194493,0.059,0.01,0,"20","ZBBX"
"MPP4",0,2.41108118074378,0.059,0.011,0,"20","MPP4"
"AC004949.1",0,3.35647061538159,0.057,0.009,0,"20","AC004949.1"
"AC099566.1",0,2.49460296369917,0.06,0.012,0,"20","AC099566.1"
"KAZN-AS1",0,2.05989962913938,0.061,0.013,0,"20","KAZN-AS1"
"AC093607.12",0,2.14221921521992,0.059,0.011,0,"20","AC093607.1"
"AC104574.21",0,2.82426794005077,0.057,0.009,0,"20","AC104574.2"
"AL445584.2",0,2.50637203388625,0.06,0.012,0,"20","AL445584.2"
"XDH",0,2.35647916728542,0.059,0.012,0,"20","XDH"
"RTL9",0,2.08026720933484,0.061,0.014,0,"20","RTL9"
"LINC00355",0,2.59476547895538,0.056,0.009,0,"20","LINC00355"
"ADGB",0,2.82234755659289,0.056,0.009,0,"20","ADGB"
"LHX8",0,2.28831115197586,0.063,0.016,0,"20","LHX8"
"LINC022371",0,2.86406426292245,0.057,0.01,0,"20","LINC02237"
"PQLC2L",0,2.16781632367765,0.061,0.015,0,"20","PQLC2L"
"TMEM45B",0,2.00749401520635,0.06,0.014,0,"20","TMEM45B"
"AP001341.1",0,2.92326970576681,0.055,0.009,0,"20","AP001341.1"
"HHLA2",0,2.70546869792282,0.056,0.01,0,"20","HHLA2"
"LINC01340",0,2.02015121181522,0.059,0.013,0,"20","LINC01340"
"LINC02227",0,2.22126647992616,0.058,0.013,0,"20","LINC02227"
"AC015845.2",0,2.25572902459345,0.058,0.013,0,"20","AC015845.2"
"TEX151",0,2.48674174596494,0.057,0.012,0,"20","TEX15"
"AL592043.1",0,2.89693176090068,0.054,0.009,0,"20","AL592043.1"
"AC115622.1",0,2.61852528067561,0.056,0.011,0,"20","AC115622.1"
"RSPO2",0,2.0664222670603,0.058,0.014,0,"20","RSPO2"
"SLC30A8",0,2.25707625171265,0.058,0.014,0,"20","SLC30A8"
"CNMD",0,2.3645699426797,0.054,0.01,0,"20","CNMD"
"MIR4500HG1",0,2.08767769140624,0.061,0.017,0,"20","MIR4500HG"
"AL929601.1",0,2.4676755959634,0.055,0.011,0,"20","AL929601.1"
"GYPB1",0,2.01439615846986,0.054,0.01,0,"20","GYPB"
"LINC02267",0,2.85909258309207,0.055,0.012,0,"20","LINC02267"
"LINC01567",0,2.02915179742767,0.054,0.011,0,"20","LINC01567"
"LINC01378",0,3.90435505055763,0.051,0.008,0,"20","LINC01378"
"LINC02196",0,2.21346201253407,0.054,0.011,0,"20","LINC02196"
"AL356277.3",0,2.44106331387242,0.055,0.013,0,"20","AL356277.3"
"LINC02335",0,2.02219226783339,0.056,0.014,0,"20","LINC02335"
"AC023469.2",0,3.89894110356643,0.048,0.006,0,"20","AC023469.2"
"AC005165.1",0,2.00248327105959,0.054,0.012,0,"20","AC005165.1"
"LINC01297",0,2.58957352719353,0.052,0.01,0,"20","LINC01297"
"AC021439.1",0,2.14392548439744,0.053,0.011,0,"20","AC021439.1"
"AC020687.1",0,2.36833413600576,0.052,0.01,0,"20","AC020687.1"
"ZNF385D-AS21",0,2.62297474108355,0.051,0.009,0,"20","ZNF385D-AS2"
"LINC01980",0,2.82762142455242,0.049,0.008,0,"20","LINC01980"
"LINC01950",0,2.96080605785056,0.049,0.008,0,"20","LINC01950"
"AC004052.1",0,3.95565234711375,0.046,0.005,0,"20","AC004052.1"
"TACR3",0,2.4953148853812,0.051,0.01,0,"20","TACR3"
"AC106895.1",0,2.3054100536255,0.054,0.014,0,"20","AC106895.1"
"TPH2",0,2.79675892976483,0.048,0.008,0,"20","TPH2"
"DCT",0,2.66888693749104,0.048,0.008,0,"20","DCT"
"PPP1R42",0,2.37897225288712,0.05,0.01,0,"20","PPP1R42"
"AC096577.1",0,2.75040754298779,0.049,0.009,0,"20","AC096577.1"
"RNF219-AS11",0,2.04722106220276,0.055,0.015,0,"20","RNF219-AS1"
"LINC00589",0,3.55211840921527,0.045,0.005,0,"20","LINC00589"
"AL591501.1",0,3.05835553940275,0.048,0.008,0,"20","AL591501.1"
"LINC01692",0,3.14503900361452,0.047,0.007,0,"20","LINC01692"
"AP005203.1",0,2.11437772666494,0.053,0.013,0,"20","AP005203.1"
"LINC02220",0,3.42398968591396,0.045,0.005,0,"20","LINC02220"
"LINC01203",0,2.4101473018116,0.049,0.009,0,"20","LINC01203"
"ZPBP",0,2.45123735106581,0.052,0.012,0,"20","ZPBP"
"NPSR1",0,2.47901604349126,0.05,0.011,0,"20","NPSR1"
"AC016987.1",0,2.12994124455069,0.05,0.011,0,"20","AC016987.1"
"TRDN1",0,3.25047839392997,0.047,0.008,0,"20","TRDN"
"AC068633.1",0,3.53458963838485,0.046,0.007,0,"20","AC068633.1"
"LINC02484",0,3.31491853146442,0.045,0.006,0,"20","LINC02484"
"OR52E5",0,2.8197310724815,0.045,0.006,0,"20","OR52E5"
"AC023469.1",0,3.79560199283783,0.043,0.004,0,"20","AC023469.1"
"LINC00382",0,3.60134070072712,0.043,0.004,0,"20","LINC00382"
"AC141257.2",0,2.47792742438997,0.05,0.012,0,"20","AC141257.2"
"CPS1",0,2.61091499352894,0.048,0.01,0,"20","CPS1"
"AL353588.1",0,2.03418078026557,0.052,0.014,0,"20","AL353588.1"
"ATP6V0A4",0,2.64198683533876,0.046,0.008,0,"20","ATP6V0A4"
"LINC02306",0,2.73276748984481,0.048,0.01,0,"20","LINC02306"
"AC005208.1",0,3.17771014111625,0.046,0.008,0,"20","AC005208.1"
"AP003181.1",0,2.93705409858174,0.047,0.009,0,"20","AP003181.1"
"Z93403.1",0,2.95247381285921,0.047,0.009,0,"20","Z93403.1"
"AL121721.11",0,2.26116799171561,0.048,0.011,0,"20","AL121721.1"
"ADORA1",0,2.4144352407017,0.046,0.009,0,"20","ADORA1"
"XIRP2",0,2.74165447293865,0.047,0.01,0,"20","XIRP2"
"GRHL2",0,3.07774352090667,0.043,0.006,0,"20","GRHL2"
"DLGAP1-AS3",0,2.10454032930569,0.046,0.009,0,"20","DLGAP1-AS3"
"C1orf100",0,2.27398375890968,0.047,0.01,0,"20","C1orf100"
"LINC01885",0,2.56579852233556,0.045,0.008,0,"20","LINC01885"
"AC097487.1",0,3.73912849186401,0.043,0.006,0,"20","AC097487.1"
"AC011824.2",0,2.61110016367454,0.043,0.006,0,"20","AC011824.2"
"PTPRQ1",0,2.23810155021551,0.047,0.011,0,"20","PTPRQ"
"LINC01344",0,2.10677153236308,0.047,0.011,0,"20","LINC01344"
"Z96074.1",0,2.39051109194047,0.048,0.012,0,"20","Z96074.1"
"AL356476.11",0,3.5619231390677,0.04,0.004,0,"20","AL356476.1"
"SVOPL",0,2.26629242171716,0.046,0.01,0,"20","SVOPL"
"ANKRD30A",0,3.03479194539695,0.043,0.007,0,"20","ANKRD30A"
"STAB21",0,2.29670678015934,0.046,0.01,0,"20","STAB2"
"AL161431.1",0,2.63008785324594,0.044,0.008,0,"20","AL161431.1"
"ARMC3",0,2.77133526037684,0.043,0.007,0,"20","ARMC3"
"AC009435.1",0,2.38892226099609,0.046,0.01,0,"20","AC009435.1"
"AC092957.1",0,2.56400522749075,0.046,0.01,0,"20","AC092957.1"
"LINC02296",0,2.67528073897911,0.045,0.009,0,"20","LINC02296"
"AC110491.3",0,2.03070637724128,0.046,0.011,0,"20","AC110491.3"
"AC037486.1",0,3.22487176970611,0.041,0.006,0,"20","AC037486.1"
"LINC02477",0,3.28087630825836,0.041,0.006,0,"20","LINC02477"
"AC090833.1",0,3.04490263473257,0.041,0.006,0,"20","AC090833.1"
"AC068599.1",0,2.26703105497753,0.048,0.013,0,"20","AC068599.1"
"AC008574.1",0,3.10725059533714,0.041,0.006,0,"20","AC008574.1"
"AC113137.1",0,2.89211618731986,0.042,0.007,0,"20","AC113137.1"
"IAPP",0,2.02402317428195,0.045,0.01,0,"20","IAPP"
"KCNT1",0,2.20115174854957,0.045,0.01,0,"20","KCNT1"
"ADAMTS20",0,2.45322862501447,0.044,0.009,0,"20","ADAMTS20"
"AC063979.2",0,2.27881836746504,0.044,0.009,0,"20","AC063979.2"
"AC021678.2",0,2.00311964785162,0.044,0.009,0,"20","AC021678.2"
"LINC02254",0,2.28024435353731,0.044,0.009,0,"20","LINC02254"
"GPC5-AS1",0,2.64587252855495,0.043,0.008,0,"20","GPC5-AS1"
"AC025465.1",0,2.57344617388951,0.044,0.009,0,"20","AC025465.1"
"LINC01031",0,2.21990528722901,0.042,0.008,0,"20","LINC01031"
"LINC00536",0,2.97897918610025,0.041,0.007,0,"20","LINC00536"
"AC004784.11",0,2.35777416879979,0.042,0.008,0,"20","AC004784.1"
"AC109454.3",0,2.54010313359154,0.04,0.006,0,"20","AC109454.3"
"LINC00457",0,2.65094817235064,0.041,0.007,0,"20","LINC00457"
"AC092100.1",0,2.05262780225165,0.047,0.013,0,"20","AC092100.1"
"MYO5B",0,2.03151524753851,0.044,0.01,0,"20","MYO5B"
"AC068756.1",0,2.36027693891235,0.043,0.009,0,"20","AC068756.1"
"AC093895.1",0,2.05821844262382,0.043,0.009,0,"20","AC093895.1"
"AL596275.2",0,3.18870339024775,0.038,0.005,0,"20","AL596275.2"
"THEGL",0,2.0655735668717,0.044,0.011,0,"20","THEGL"
"LINC02087",0,2.28005758022597,0.04,0.007,0,"20","LINC02087"
"LINC02050",0,2.39339926699727,0.042,0.009,0,"20","LINC02050"
"AC009365.1",0,2.93650209053139,0.039,0.006,0,"20","AC009365.1"
"TTC61",0,2.99144105868965,0.041,0.008,0,"20","TTC6"
"SERPINI2",0,2.83279730089766,0.038,0.005,0,"20","SERPINI2"
"AL355997.1",0,3.38156815946161,0.039,0.006,0,"20","AL355997.1"
"IQCM",0,2.98797356264851,0.042,0.009,0,"20","IQCM"
"LINC01192",0,2.86117395376206,0.041,0.008,0,"20","LINC01192"
"AC096570.1",0,3.46455520200847,0.038,0.005,0,"20","AC096570.1"
"AC016687.2",0,3.7089051612385,0.037,0.004,0,"20","AC016687.2"
"AC060765.1",0,3.36486878556143,0.039,0.006,0,"20","AC060765.1"
"AL355838.1",0,2.64051137804541,0.042,0.009,0,"20","AL355838.1"
"AC013470.2",0,2.13568135024013,0.043,0.01,0,"20","AC013470.2"
"AC093901.1",0,2.25344196655396,0.04,0.008,0,"20","AC093901.1"
"SAMMSON1",0,2.6565194402332,0.04,0.008,0,"20","SAMMSON"
"AC105094.2",0,2.1106822531743,0.042,0.01,0,"20","AC105094.2"
"WIF1",0,3.28929164845336,0.036,0.004,0,"20","WIF1"
"LINC02253",0,2.28261117322957,0.04,0.008,0,"20","LINC02253"
"AC015853.2",0,2.42363580509292,0.039,0.007,0,"20","AC015853.2"
"SLC9C2",0,2.20183158963823,0.04,0.008,0,"20","SLC9C2"
"AC074351.1",0,2.24823681787998,0.042,0.01,0,"20","AC074351.1"
"BBOX1",0,2.35548629568929,0.039,0.007,0,"20","BBOX1"
"AL133372.2",0,2.259843119223,0.041,0.009,0,"20","AL133372.2"
"AC103770.1",0,2.97985808366895,0.038,0.006,0,"20","AC103770.1"
"FER1L6",0,2.87053452073933,0.039,0.007,0,"20","FER1L6"
"AC116049.2",0,2.45525408567843,0.04,0.008,0,"20","AC116049.2"
"AC008554.1",0,2.54669096331667,0.039,0.007,0,"20","AC008554.1"
"AC099520.2",0,4.01751893420682,0.036,0.004,0,"20","AC099520.2"
"LINC02208",0,3.58203506072365,0.035,0.004,0,"20","LINC02208"
"AC006333.1",0,3.28672780170375,0.035,0.004,0,"20","AC006333.1"
"PROC",0,2.34509268370838,0.039,0.008,0,"20","PROC"
"PLSCR2",0,2.17146998067871,0.039,0.008,0,"20","PLSCR2"
"DNAH8",0,2.09726447513463,0.041,0.01,0,"20","DNAH8"
"LINC01456",0,2.22093895861801,0.041,0.01,0,"20","LINC01456"
"LINC020081",0,2.69919574153258,0.04,0.009,0,"20","LINC02008"
"LINC022331",0,2.31398767391604,0.039,0.008,0,"20","LINC02233"
"PSG8",0,2.23684843964058,0.04,0.009,0,"20","PSG8"
"FER1L6-AS2",0,3.08671403509054,0.036,0.005,0,"20","FER1L6-AS2"
"MGAM2",0,2.83450410337607,0.035,0.005,0,"20","MGAM2"
"AC073071.1",0,3.60990143941367,0.034,0.004,0,"20","AC073071.1"
"AC107973.1",0,3.11618679509335,0.035,0.005,0,"20","AC107973.1"
"AC128707.1",0,3.01724835160051,0.035,0.005,0,"20","AC128707.1"
"LINC02027",0,2.36703652710516,0.038,0.008,0,"20","LINC02027"
"AC008708.2",0,2.23859472429876,0.038,0.008,0,"20","AC008708.2"
"PGR1",0,2.18172998028611,0.039,0.009,0,"20","PGR"
"ALPK2",0,2.46522632358817,0.038,0.008,0,"20","ALPK2"
"TTC29",0,2.89735267419858,0.037,0.007,0,"20","TTC29"
"CCDC83",0,2.25769987419458,0.037,0.007,0,"20","CCDC83"
"AC099753.1",0,2.5911760317787,0.038,0.008,0,"20","AC099753.1"
"IMPG1",0,2.8451557339106,0.036,0.006,0,"20","IMPG1"
"AC087762.1",0,2.03535580535866,0.039,0.009,0,"20","AC087762.1"
"AC019183.1",0,2.15514776820804,0.038,0.008,0,"20","AC019183.1"
"AC019131.1",0,2.34187853650195,0.038,0.008,0,"20","AC019131.1"
"LINC006091",0,2.62496680640944,0.036,0.006,0,"20","LINC00609"
"LINC025112",0,2.6188893838118,0.035,0.006,0,"20","LINC02511"
"AC010745.2",0,3.60663335703907,0.034,0.005,0,"20","AC010745.2"
"AC018541.1",0,2.46567964802181,0.034,0.005,0,"20","AC018541.1"
"OR8A1",0,2.94636680912824,0.033,0.004,0,"20","OR8A1"
"MIR548XHG",0,3.54265134646504,0.034,0.005,0,"20","MIR548XHG"
"LYPD8",0,2.41687427600562,0.036,0.007,0,"20","LYPD8"
"AL590867.1",0,2.40948706186482,0.036,0.007,0,"20","AL590867.1"
"ZPLD1",0,2.88032243206739,0.037,0.008,0,"20","ZPLD1"
"MGAT4D",0,2.5117461468571,0.036,0.007,0,"20","MGAT4D"
"SAMD12-AS1",0,2.33201754994621,0.038,0.009,0,"20","SAMD12-AS1"
"AC091534.1",0,2.49598326420358,0.036,0.007,0,"20","AC091534.1"
"TNMD",0,2.27838902657429,0.034,0.006,0,"20","TNMD"
"LINC01886",0,2.37194033277116,0.034,0.006,0,"20","LINC01886"
"AC022335.1",0,2.66912455614902,0.034,0.006,0,"20","AC022335.1"
"LRP2",0,3.13147089619362,0.033,0.005,0,"20","LRP2"
"AL359313.1",0,3.15227596670474,0.033,0.005,0,"20","AL359313.1"
"ABCA13",0,3.04403401971856,0.032,0.004,0,"20","ABCA13"
"AC114485.1",0,3.44426257687943,0.033,0.005,0,"20","AC114485.1"
"LINC02257",0,3.29026722191894,0.032,0.004,0,"20","LINC02257"
"AC096759.1",0,3.39363745688684,0.031,0.003,0,"20","AC096759.1"
"AC011287.2",0,3.25626959034162,0.032,0.004,0,"20","AC011287.2"
"SEL1L2",0,2.57069460032783,0.036,0.008,0,"20","SEL1L2"
"AC114284.1",0,2.17859773193956,0.034,0.007,0,"20","AC114284.1"
"AC103726.2",0,2.5141516339822,0.033,0.006,0,"20","AC103726.2"
"ADAM29",0,2.41380233855773,0.034,0.007,0,"20","ADAM29"
"AC090124.11",0,2.61430217940212,0.033,0.006,0,"20","AC090124.1"
"C9orf57",0,2.18795391240339,0.034,0.007,0,"20","C9orf57"
"AC068992.1",0,2.51532748248625,0.033,0.006,0,"20","AC068992.1"
"TRHR",0,2.25997870595122,0.034,0.007,0,"20","TRHR"
"FAM71F1",0,2.74567005561778,0.032,0.005,0,"20","FAM71F1"
"LINC00836",0,3.08564365127612,0.032,0.005,0,"20","LINC00836"
"GABRA5",0,3.23506737183337,0.031,0.004,0,"20","GABRA5"
"AC019117.11",0,2.42405427851131,0.032,0.005,0,"20","AC019117.1"
"OR56A3",0,2.80466560735923,0.031,0.004,0,"20","OR56A3"
"AC092813.1",0,3.23869151982328,0.031,0.004,0,"20","AC092813.1"
"LINC02445",0,2.61068305611462,0.031,0.004,0,"20","LINC02445"
"AP001464.1",0,3.25651244462078,0.031,0.004,0,"20","AP001464.1"
"AC010884.1",0,2.43740256301398,0.032,0.006,0,"20","AC010884.1"
"OTOGL",0,2.19320987508341,0.032,0.006,0,"20","OTOGL"
"RNF17",0,2.15243801807274,0.033,0.007,0,"20","RNF17"
"AL391704.1",0,4.44783942957678,0.028,0.002,0,"20","AL391704.1"
"AP001005.3",0,2.45941498054822,0.032,0.006,0,"20","AP001005.3"
"AC018618.1",0,2.05119628865559,0.032,0.006,0,"20","AC018618.1"
"AC012593.1",0,3.86774131320179,0.03,0.004,0,"20","AC012593.1"
"AC093459.1",0,3.33633530529015,0.03,0.004,0,"20","AC093459.1"
"AL162725.2",0,2.86249412040918,0.03,0.004,0,"20","AL162725.2"
"AL136460.1",0,2.25703778280009,0.031,0.006,0,"20","AL136460.1"
"AC104002.3",0,2.87359955922242,0.03,0.005,0,"20","AC104002.3"
"LINC01707",0,3.28384308642825,0.03,0.005,0,"20","LINC01707"
"GOLT1A",0,2.5959601327125,0.029,0.005,0,"20","GOLT1A"
"VWA3B",0,2.65776639921248,0.029,0.005,0,"20","VWA3B"
"AC245041.2",0,2.43725855926642,0.03,0.006,0,"20","AC245041.2"
"AC093206.1",0,2.76117906332437,0.028,0.004,0,"20","AC093206.1"
"FMR1NB",0,2.43350198364944,0.028,0.004,0,"20","FMR1NB"
"LINC02294",0,2.68767315195882,0.029,0.005,0,"20","LINC02294"
"LINC01938",0,2.61982444221022,0.03,0.006,0,"20","LINC01938"
"AC009271.11",0,2.36144010928586,0.03,0.006,0,"20","AC009271.1"
"AC008109.1",0,2.54417170442731,0.029,0.005,0,"20","AC008109.1"
"AC019211.1",0,3.19115210664443,0.028,0.004,0,"20","AC019211.1"
"SPATA16",0,3.61602461000195,0.028,0.004,0,"20","SPATA16"
"AC128685.1",0,3.70310435889568,0.027,0.003,0,"20","AC128685.1"
"AC010235.1",0,2.43514446232851,0.029,0.005,0,"20","AC010235.1"
"SLC15A5",0,2.45498897647671,0.03,0.006,0,"20","SLC15A5"
"AC117473.1",0,3.16692432565015,0.029,0.005,0,"20","AC117473.1"
"SCHLAP1",0,3.65782488275756,0.027,0.004,0,"20","SCHLAP1"
"LINC01208",0,3.38998105831417,0.026,0.003,0,"20","LINC01208"
"LINC02154",0,2.36824141269629,0.027,0.004,0,"20","LINC02154"
"LINC00640",0,2.20989414917633,0.027,0.004,0,"20","LINC00640"
"LINC00603",0,3.77440643644916,0.026,0.003,0,"20","LINC00603"
"LINC00698",0,3.98556234753705,0.025,0.002,0,"20","LINC00698"
"AC016885.2",0,2.74380077092817,0.027,0.004,0,"20","AC016885.2"
"AL139142.11",0,2.37726694709134,0.027,0.004,0,"20","AL139142.1"
"AC003666.1",0,3.11749672997074,0.027,0.004,0,"20","AC003666.1"
"LINC01705",0,3.32909468630135,0.024,0.002,0,"20","LINC01705"
"AC079942.1",0,2.71946951686268,0.026,0.004,0,"20","AC079942.1"
"AC078850.2",0,2.46372129683115,0.026,0.004,0,"20","AC078850.2"
"KCNJ16",0,3.6280721316485,0.024,0.002,0,"20","KCNJ16"
"AKR1D1",0,3.07537632551497,0.026,0.004,0,"20","AKR1D1"
"LINC01905",0,2.89275493625302,0.026,0.004,0,"20","LINC01905"
"AL033527.4",0,2.26101222097642,0.026,0.004,0,"20","AL033527.4"
"AL353148.1",0,4.26827470237683,0.024,0.002,0,"20","AL353148.1"
"AC010230.1",0,3.14427767234879,0.026,0.004,0,"20","AC010230.1"
"AC002127.2",0,2.88671814970073,0.027,0.005,0,"20","AC002127.2"
"RGSL1",0,2.87055744933909,0.025,0.004,0,"20","RGSL1"
"MOBP",0,2.95716015251368,0.025,0.004,0,"20","MOBP"
"LINC02015",0,3.85176949218269,0.024,0.003,0,"20","LINC02015"
"AC069285.1",0,2.92665044610977,0.025,0.004,0,"20","AC069285.1"
"MUC19",0,3.24893939629266,0.025,0.004,0,"20","MUC19"
"LINC02444",0,2.76794462593831,0.025,0.004,0,"20","LINC02444"
"LINC02262",0,3.06822759151395,0.024,0.003,0,"20","LINC02262"
"AC064834.1",0,3.24777143938534,0.024,0.003,0,"20","AC064834.1"
"MYOCOS",0,2.36704673583407,0.026,0.005,0,"20","MYOCOS"
"AL354719.2",0,2.74332178328599,0.026,0.005,0,"20","AL354719.2"
"TINAG",0,3.81077335215598,0.023,0.002,0,"20","TINAG"
"AC008662.1",0,4.98816442470591,0.022,0.001,0,"20","AC008662.1"
"AC018731.1",0,4.4516777433206,0.023,0.002,0,"20","AC018731.1"
"GABRA4",0,3.38338551700316,0.023,0.003,0,"20","GABRA4"
"AP001099.1",0,2.76905844935619,0.023,0.003,0,"20","AP001099.1"
"CASC201",0,2.79303013804283,0.023,0.003,0,"20","CASC20"
"AC004704.1",0,3.12428748336943,0.024,0.004,0,"20","AC004704.1"
"ADAM2",0,3.24925481784394,0.023,0.003,0,"20","ADAM2"
"AC011604.2",0,3.56097889031505,0.022,0.002,0,"20","AC011604.2"
"AL592463.1",0,4.00729538265993,0.021,0.002,0,"20","AL592463.1"
"AC012413.1",0,3.73875477223209,0.021,0.002,0,"20","AC012413.1"
"AL445218.1",0,3.41984481618238,0.021,0.002,0,"20","AL445218.1"
"LINC02503",0,3.07363085806368,0.022,0.003,0,"20","LINC02503"
"AC003092.1",0,3.10559841208648,0.022,0.003,0,"20","AC003092.1"
"AC016576.1",0,2.98783251634652,0.022,0.003,0,"20","AC016576.1"
"DCAF8L2",0,3.52441118854008,0.022,0.003,0,"20","DCAF8L2"
"LINC00879",0,3.96145677260741,0.022,0.003,0,"20","LINC00879"
"AC099673.1",0,3.68760679437537,0.022,0.003,0,"20","AC099673.1"
"C5orf47",0,2.79375945605791,0.021,0.003,0,"20","C5orf47"
"C8orf87",0,2.74708983160835,0.021,0.003,0,"20","C8orf87"
"LINC01498",0,2.86289766255608,0.021,0.003,0,"20","LINC01498"
"AL160162.1",0,4.15370205074444,0.02,0.002,0,"20","AL160162.1"
"AL451137.1",0,3.11828829960801,0.02,0.002,0,"20","AL451137.1"
"Z98949.3",0,3.31623199863784,0.02,0.002,0,"20","Z98949.3"
"C2orf66",0,2.96822550904124,0.02,0.003,0,"20","C2orf66"
"HYAL4",0,3.13316602241399,0.019,0.002,0,"20","HYAL4"
"LINC02394",0,2.40284506268346,0.02,0.003,0,"20","LINC02394"
"AC068672.2",0,3.22733202091273,0.02,0.003,0,"20","AC068672.2"
"SLCO6A1",0,3.78319318816481,0.019,0.002,0,"20","SLCO6A1"
"LINC00587",0,3.6600338517856,0.019,0.002,0,"20","LINC00587"
"AC012355.1",0,4.10654151923478,0.019,0.002,0,"20","AC012355.1"
"AC106744.1",0,3.38052048407732,0.02,0.003,0,"20","AC106744.1"
"AL354994.1",0,3.70301465463881,0.019,0.002,0,"20","AL354994.1"
"C2orf83",0,3.74010899538154,0.017,0.001,0,"20","C2orf83"
"LINC01655",0,3.57166352240068,0.017,0.001,0,"20","LINC01655"
"AC079150.1",0,3.4400749271068,0.018,0.002,0,"20","AC079150.1"
"LINC01231",0,2.87732064218299,0.018,0.002,0,"20","LINC01231"
"RXFP2",0,3.34031005395898,0.017,0.002,0,"20","RXFP2"
"AC097512.1",0,3.57857684225631,0.017,0.002,0,"20","AC097512.1"
"KCNU1",0,3.92813505227731,0.017,0.002,0,"20","KCNU1"
"AL954650.1",0,4.45808018698588,0.016,0.001,0,"20","AL954650.1"
"TRPC7-AS1",0,3.1142392944062,0.016,0.002,0,"20","TRPC7-AS1"
"LINC01080",0,3.16990440177385,0.016,0.002,0,"20","LINC01080"
"LINC01787",0,4.09877341325168,0.016,0.002,0,"20","LINC01787"
"AC011124.1",0,4.09855817366618,0.016,0.002,0,"20","AC011124.1"
"AP001993.1",0,3.79563435832731,0.015,0.001,0,"20","AP001993.1"
"LINC02552",0,4.10306229050776,0.015,0.001,0,"20","LINC02552"
"SLC13A1",0,4.4237539960253,0.015,0.001,0,"20","SLC13A1"
"LINC01920",0,3.6058905082985,0.014,0.001,0,"20","LINC01920"
"LINC02113",0,4.31594828491561,0.014,0.001,0,"20","LINC02113"
"LINC00348",0,4.49803482654075,0.014,0.001,0,"20","LINC00348"
"LINC01821",0,4.49038925186107,0.013,0.001,0,"20","LINC01821"
"AC087863.1",0,3.92215381309101,0.013,0.001,0,"20","AC087863.1"
"LINC00383",0,5.11473946323872,0.013,0.001,0,"20","LINC00383"
"LINC01687",0,4.55216773883979,0.013,0.001,0,"20","LINC01687"
"AC106874.1",0,4.58986714658541,0.012,0.001,0,"20","AC106874.1"
"AC105031.3",0,4.95481060404687,0.012,0.001,0,"20","AC105031.3"
"AC074237.1",0,4.33478491984023,0.012,0.001,0,"20","AC074237.1"
"AC006974.2",0,4.28856480128942,0.011,0.001,0,"20","AC006974.2"
"AC090679.1",0,4.92711176514367,0.011,0.001,0,"20","AC090679.1"
"LINC02549",0,5.01790145336888,0.011,0.001,0,"20","LINC02549"
"SLC22A2",5.07509955113081e-308,2.82768196132292,0.021,0.003,1.65630948950705e-303,"20","SLC22A2"
"AC078980.1",1.49355646281938e-307,2.71408840128082,0.035,0.008,4.87437087205734e-303,"20","AC078980.1"
"AC087564.1",1.83250388417123e-307,2.16147191150533,0.039,0.009,5.98055967638121e-303,"20","AC087564.1"
"PEX5L-AS2",2.94263658167835e-307,2.5807747193434,0.029,0.005,9.60358874796546e-303,"20","PEX5L-AS2"
"MAB21L3",7.96715568631972e-307,2.91482828765664,0.018,0.002,2.6001609297873e-302,"20","MAB21L3"
"LINC02377",8.83671209276423e-307,3.28623077809554,0.02,0.003,2.88394935859454e-302,"20","LINC02377"
"FER1L6-AS1",4.4507045140723e-306,3.96620953305878,0.012,0.001,1.45253192521263e-301,"20","FER1L6-AS1"
"OPN5",9.48996983871586e-306,3.78953672200626,0.013,0.001,3.09714655656331e-301,"20","OPN5"
"AJ006995.11",1.09657047610833e-305,2.16355693264161,0.052,0.015,3.57876740582716e-301,"20","AJ006995.1"
"AC016152.1",2.52139647454734e-305,2.73488976656346,0.025,0.004,8.2288295343327e-301,"20","AC016152.1"
"LRRC53",7.12647150822367e-305,2.26115623701311,0.028,0.005,2.32579524142388e-300,"20","LRRC53"
"RFX6",2.326458726485e-304,4.11732765775786,0.011,0.001,7.59263069975646e-300,"20","RFX6"
"AC130710.1",3.89222747446523e-304,5.04152075096566,0.017,0.002,1.27026735856647e-299,"20","AC130710.1"
"AC004947.1",5.52807519552106e-304,2.58825553993024,0.022,0.004,1.80414262081025e-299,"20","AC004947.1"
"AL445193.2",1.46507101959167e-302,2.03111004889274,0.029,0.006,4.78140577953938e-298,"20","AL445193.2"
"LINC01280",1.62627883193763e-302,3.65557152421412,0.014,0.001,5.30752359591165e-298,"20","LINC01280"
"AC105031.2",4.40336455726453e-301,2.96690746934906,0.02,0.003,1.43708205690885e-296,"20","AC105031.2"
"LINC02071",5.60328159149437e-301,2.99552125296273,0.02,0.003,1.8286869802001e-296,"20","LINC02071"
"GACAT3",7.72050307387901e-300,3.57778657173926,0.025,0.004,2.51966338319115e-295,"20","GACAT3"
"ALLC",8.68478427767255e-300,2.2250114290505,0.029,0.006,2.83436619686121e-295,"20","ALLC"
"LINC02360",3.55178076140846e-299,2.33193141948541,0.025,0.004,1.15915916929327e-294,"20","LINC02360"
"FERMT11",6.26875249320608e-299,2.10560452183453,0.032,0.007,2.04587006368274e-294,"20","FERMT1"
"AC117513.1",1.15759062791926e-298,2.58668320812982,0.018,0.002,3.7779127732773e-294,"20","AC117513.1"
"LINC01924",4.54361513051777e-297,3.18871469366328,0.025,0.004,1.48285423399578e-292,"20","LINC01924"
"TMPRSS15",2.46507810557084e-296,2.40359048624757,0.032,0.007,8.045028905341e-292,"20","TMPRSS15"
"AC068759.1",1.89975185407531e-295,3.28416491366652,0.019,0.003,6.2000301509602e-291,"20","AC068759.1"
"LINC02102",2.65522628906603e-295,2.05705717060222,0.033,0.007,8.6655965169959e-291,"20","LINC02102"
"DYTN",2.86261287091323e-295,3.362770166844,0.015,0.002,9.34242336551241e-291,"20","DYTN"
"GFRAL",1.51028767726007e-294,2.07963923492575,0.044,0.012,4.92897486350596e-290,"20","GFRAL"
"TMEM74",3.97993640926842e-294,2.05004933243238,0.052,0.015,1.29889204652884e-289,"20","TMEM74"
"LMOD2",4.08350371945404e-294,2.1185215773503,0.035,0.008,1.33269227388102e-289,"20","LMOD2"
"LINC01387",7.54199996489734e-294,2.80579873583043,0.023,0.004,2.4614071085439e-289,"20","LINC01387"
"AC009312.1",8.07997888039697e-294,2.14333154755292,0.038,0.009,2.63698190740636e-289,"20","AC009312.1"
"AF241728.1",1.51874077489607e-293,3.10372168366417,0.021,0.003,4.95656239295083e-289,"20","AF241728.1"
"MIR548A1HG1",4.18550237076685e-293,3.04676319994959,0.021,0.003,1.36598055372347e-288,"20","MIR548A1HG"
"TECRL",4.45258465156251e-293,3.88524195877975,0.015,0.002,1.45314552688394e-288,"20","TECRL"
"COL4A6",1.95920804562762e-291,2.96867401983307,0.021,0.003,6.39407137771031e-287,"20","COL4A6"
"CASC17",2.42316892676647e-291,3.30949489697476,0.016,0.002,7.90825410939504e-287,"20","CASC17"
"LINC02270",1.26744600382642e-289,2.58549236721669,0.021,0.003,4.13643677808792e-285,"20","LINC02270"
"AC093772.1",2.26807459863942e-289,2.95454421512029,0.027,0.005,7.40208826011961e-285,"20","AC093772.1"
"AC021006.2",2.44003644862537e-289,2.75454858171075,0.025,0.004,7.96330295373375e-285,"20","AC021006.2"
"AC090809.1",3.17307286528575e-289,2.91240127762517,0.027,0.005,1.03556406031466e-284,"20","AC090809.1"
"RGS21",1.0392957362743e-288,3.20888462222352,0.013,0.001,3.3918455649048e-284,"20","RGS21"
"LINC02234",4.92774789571717e-288,2.20834485155345,0.026,0.005,1.60821980324625e-283,"20","LINC02234"
"CASC6",1.41155487091383e-287,3.94972122895293,0.012,0.001,4.60675047671439e-283,"20","CASC6"
"LINC02438",4.14760227041221e-287,3.48670934257939,0.02,0.003,1.35361147697173e-282,"20","LINC02438"
"LINC01681",8.96361126933142e-287,3.37503751827671,0.015,0.002,2.925364173859e-282,"20","LINC01681"
"PWRN4",8.94365631164276e-286,2.212272546721,0.027,0.005,2.91885167386773e-281,"20","PWRN4"
"AL355306.2",1.88662810374384e-285,3.15022875387271,0.023,0.004,6.15719947937841e-281,"20","AL355306.2"
"AC239727.1",5.262489618176e-285,2.7241123168238,0.029,0.006,1.71746611178792e-280,"20","AC239727.1"
"PPP1R3A",1.68146098216244e-284,3.59167711448434,0.016,0.002,5.48761606138535e-280,"20","PPP1R3A"
"CSNKA2IP",1.68260564031357e-284,3.50916389616179,0.016,0.002,5.49135176772737e-280,"20","CSNKA2IP"
"LINC01847",6.1492117475096e-284,2.57992034644804,0.027,0.005,2.00685674591723e-279,"20","LINC01847"
"LINC01781",8.81959718594003e-284,3.46018915609237,0.016,0.002,2.87836373760339e-279,"20","LINC01781"
"LDHC",3.78326900400343e-283,2.33505680839671,0.035,0.008,1.23470767214656e-278,"20","LDHC"
"AC019330.1",1.63465815361384e-282,2.61031813786351,0.034,0.008,5.33487035013413e-278,"20","AC019330.1"
"AC135371.1",4.24337883756873e-282,2.07363093168793,0.03,0.006,1.38486911742893e-277,"20","AC135371.1"
"AL160191.1",5.90030188223562e-282,2.73692005710327,0.024,0.004,1.92562252228642e-277,"20","AL160191.1"
"AC068658.1",1.05159463142019e-281,2.07467505511156,0.027,0.005,3.43198423910295e-277,"20","AC068658.1"
"LINC01720",1.28267393611083e-281,3.84675375288704,0.014,0.002,4.18613465789132e-277,"20","LINC01720"
"CFAP52",3.31976498976861e-281,2.01912947030189,0.036,0.009,1.08343850206088e-276,"20","CFAP52"
"AC026167.11",5.67611886365282e-281,2.13502826496843,0.033,0.008,1.85245815234173e-276,"20","AC026167.1"
"SH2D6",9.00001544649876e-281,2.24626507204986,0.031,0.007,2.93724504111933e-276,"20","SH2D6"
"AC018697.1",2.01017632755951e-280,2.50331995313669,0.026,0.005,6.56041146262322e-276,"20","AC018697.1"
"DCAF4L1",2.07789884520007e-280,2.37749621826503,0.023,0.004,6.78143067119495e-276,"20","DCAF4L1"
"LINC02359",2.21451712031743e-280,3.63758380457051,0.012,0.001,7.22729807386797e-276,"20","LINC02359"
"AC026391.1",3.14400173048204e-280,2.86606642836338,0.022,0.004,1.02607640476012e-275,"20","AC026391.1"
"AC090993.1",1.35402778808105e-279,2.26804769687071,0.041,0.011,4.41900508918132e-275,"20","AC090993.1"
"LINC02141",2.15082461642286e-279,2.93612352191085,0.027,0.005,7.01943121815764e-275,"20","LINC02141"
"AL358335.2",2.29968503087168e-279,2.60767464403435,0.028,0.006,7.50525206675282e-275,"20","AL358335.2"
"VTCN1",4.51346204805959e-279,2.42076318015564,0.026,0.005,1.47301347400473e-274,"20","VTCN1"
"AL033530.1",6.99009687474979e-279,2.06305243907965,0.05,0.015,2.28128801604334e-274,"20","AL033530.1"
"SMIM2-AS1",8.61679595138283e-279,2.2619647637032,0.028,0.006,2.8121775266933e-274,"20","SMIM2-AS1"
"LINC024081",1.13073862464828e-278,2.19157958427476,0.026,0.005,3.69027857540211e-274,"20","LINC02408"
"AC046195.2",1.56199505550293e-277,3.03723211632879,0.018,0.002,5.09772706313936e-273,"20","AC046195.2"
"CDH18-AS1",5.66675920819587e-277,3.44272046936452,0.013,0.001,1.8494035351868e-272,"20","CDH18-AS1"
"AC024909.1",6.05217851653284e-277,2.06365694889214,0.036,0.009,1.97518898065566e-272,"20","AC024909.1"
"AC044810.3",1.66260001934263e-276,2.12620650089298,0.046,0.013,5.42606142312659e-272,"20","AC044810.3"
"C13orf42",1.75997903909328e-276,2.97666763358716,0.02,0.003,5.74386759198483e-272,"20","C13orf42"
"AC079098.1",3.36410194205164e-276,3.29285269181577,0.016,0.002,1.09790830980797e-271,"20","AC079098.1"
"AC007344.1",8.87761116154463e-276,3.14424188993508,0.02,0.003,2.8972971786817e-271,"20","AC007344.1"
"AC022784.61",2.90013837658677e-275,2.01934418150691,0.043,0.012,9.46489160582859e-271,"20","AC022784.6"
"BOLL",1.11332135664448e-274,2.25113672651908,0.026,0.005,3.63343557954491e-270,"20","BOLL"
"FYB2",1.41094639400421e-274,4.05204078225624,0.012,0.001,4.60476465147216e-270,"20","FYB2"
"LINC01947",2.92715885105936e-274,2.32976559631884,0.03,0.007,9.55307562631733e-270,"20","LINC01947"
"AC024022.1",4.06873849873367e-274,2.44115902372264,0.03,0.006,1.32787349644672e-269,"20","AC024022.1"
"COX7B2",1.1646949991871e-273,3.14424986641836,0.02,0.003,3.80109859934703e-269,"20","COX7B2"
"MYCNUT",6.08376725841029e-273,2.96324664429301,0.02,0.003,1.98549828245478e-268,"20","MYCNUT"
"WDR72",1.1639076696799e-272,3.00652198764224,0.026,0.005,3.79852907076734e-268,"20","WDR72"
"A1CF1",2.19583618529234e-272,2.36538291992403,0.024,0.004,7.16633097432007e-268,"20","A1CF"
"AC004852.2",2.78653995146758e-272,3.3136635001438,0.023,0.004,9.09415178560959e-268,"20","AC004852.2"
"AC020704.1",3.09230725931981e-272,2.38728350721351,0.026,0.005,1.00920539715161e-267,"20","AC020704.1"
"HAO1",1.90951393294643e-271,4.00790747067421,0.011,0.001,6.23188967156398e-267,"20","HAO1"
"AL358332.1",3.99927488699021e-271,2.50309136697344,0.017,0.002,1.30520335211812e-266,"20","AL358332.1"
"AC107373.1",5.01445071700252e-271,2.81130726082643,0.018,0.003,1.63651613600094e-266,"20","AC107373.1"
"PURPL",7.47707080803002e-271,2.57628100667963,0.029,0.006,2.44021682890868e-266,"20","PURPL"
"IL5RA",2.54656302995537e-269,2.72211240371337,0.021,0.004,8.31096310456235e-265,"20","IL5RA"
"TSPAN8",3.19280598513417e-269,2.31832821919572,0.048,0.014,1.04200416130839e-264,"20","TSPAN8"
"AC069133.1",6.0163117895086e-269,2.68426713004147,0.021,0.003,1.96348351562403e-264,"20","AC069133.1"
"CASC9",6.26253121579254e-269,2.02260118544401,0.048,0.014,2.04383968758605e-264,"20","CASC9"
"SNX31",6.44695808685273e-269,2.11944004246352,0.032,0.007,2.10402924122526e-264,"20","SNX31"
"SLC27A6",8.87175341493795e-269,2.08334891340928,0.051,0.016,2.89538544449915e-264,"20","SLC27A6"
"LINC02228",2.51913693629854e-268,2.25782393108336,0.027,0.006,8.2214553053039e-264,"20","LINC02228"
"LINC02355",4.12036966765552e-267,2.70335874076838,0.021,0.004,1.34472384473606e-262,"20","LINC02355"
"AC138646.1",4.70157795940254e-267,3.71166151868606,0.012,0.001,1.53440698283061e-262,"20","AC138646.1"
"LINC02046",5.46667058528875e-267,2.8666825362822,0.022,0.004,1.78410261221484e-262,"20","LINC02046"
"AC112178.1",2.27349012639313e-266,2.2642335704066,0.027,0.006,7.41976237649663e-262,"20","AC112178.1"
"AP003066.1",2.3167108984208e-266,3.37797853952293,0.016,0.002,7.56081768808613e-262,"20","AP003066.1"
"COLEC10",6.12854737813048e-266,3.12665592255341,0.015,0.002,2.00011272232666e-261,"20","COLEC10"
"AC015522.1",6.43243875982867e-266,3.26200624310269,0.021,0.004,2.09929071365769e-261,"20","AC015522.1"
"SI",1.83222987944413e-265,4.52211135038081,0.01,0.001,5.97966543455386e-261,"20","SI"
"AC112907.1",7.17531573109991e-265,2.36073122932211,0.02,0.003,2.34173604200177e-260,"20","AC112907.1"
"AL357052.1",9.57673206994579e-265,2.64676400877441,0.021,0.003,3.12546227834751e-260,"20","AL357052.1"
"HORMAD2",1.29170327173285e-264,2.92665044003605,0.017,0.002,4.21560279762733e-260,"20","HORMAD2"
"TEX48",1.39619585749536e-264,2.39091837302368,0.019,0.003,4.55662480052187e-260,"20","TEX48"
"AC090150.1",1.75129201779742e-264,2.81708720210375,0.022,0.004,5.71551662928367e-260,"20","AC090150.1"
"SLC25A31",2.12529740528955e-264,2.81129890790969,0.019,0.003,6.93612061190297e-260,"20","SLC25A31"
"LINC02505",5.0457696947049e-264,3.63345278922064,0.015,0.002,1.64673739756389e-259,"20","LINC02505"
"AJ009632.2",3.16088497551611e-263,2.45203822240367,0.031,0.007,1.03158642060944e-258,"20","AJ009632.2"
"AC010145.1",6.86585849435756e-263,3.09286006218728,0.021,0.004,2.24074157821853e-258,"20","AC010145.1"
"LINC01035",7.65039945334643e-263,3.50683593323165,0.016,0.002,2.49678436559414e-258,"20","LINC01035"
"AC096576.2",8.79055765687744e-263,2.26209704853789,0.024,0.004,2.86888639689852e-258,"20","AC096576.2"
"AC012594.1",3.36893220025942e-262,2.44108473737246,0.023,0.004,1.09948471287667e-257,"20","AC012594.1"
"AC124290.1",1.67385876050177e-261,3.45758522908481,0.014,0.002,5.46280545077357e-257,"20","AC124290.1"
"AC092378.2",2.91288483860446e-261,2.2555879949231,0.028,0.006,9.50649095926953e-257,"20","AC092378.2"
"DDX4",3.309059019847e-261,2.55757530843319,0.022,0.004,1.07994450171727e-256,"20","DDX4"
"AC067956.1",3.60853439817181e-261,2.3003003816053,0.03,0.007,1.17768128618735e-256,"20","AC067956.1"
"AC105460.2",6.62559966506198e-261,2.3830863420949,0.03,0.007,2.16233070668963e-256,"20","AC105460.2"
"AL450423.1",7.44462936141153e-261,4.03561820340627,0.011,0.001,2.42962923839027e-256,"20","AL450423.1"
"LINC01923",1.42924318255747e-260,3.64179551467955,0.013,0.001,4.66447805059456e-256,"20","LINC01923"
"AC007422.21",1.76509481674907e-260,2.64814820347762,0.018,0.003,5.76056344394226e-256,"20","AC007422.2"
"LINC01499",2.72180912417307e-260,2.70738247317839,0.024,0.004,8.88289625765123e-256,"20","LINC01499"
"PINCR",7.18355930131588e-260,3.57014378697415,0.012,0.001,2.34442641357745e-255,"20","PINCR"
"LINC01111",3.22452698105056e-259,2.42661882745498,0.027,0.006,1.05235662553566e-254,"20","LINC01111"
"LINC02099",3.32594434639108e-259,2.09635708596381,0.023,0.004,1.08545519688819e-254,"20","LINC02099"
"AP000146.1",2.0426515814375e-258,2.85180602092941,0.02,0.003,6.66639770117944e-254,"20","AP000146.1"
"AL355500.1",2.81121605166523e-258,2.34217812209882,0.023,0.004,9.17468470621464e-254,"20","AL355500.1"
"AC007656.1",2.23723811234388e-256,2.79541232171395,0.023,0.004,7.30145030344548e-252,"20","AC007656.1"
"EIF4E1B",2.81149770171806e-256,2.01989172716968,0.035,0.009,9.17560389932705e-252,"20","EIF4E1B"
"AL512506.3",6.98559433536264e-256,2.16471929599386,0.025,0.005,2.27981856728895e-251,"20","AL512506.3"
"AC093655.1",8.00528726079613e-256,2.18832438850978,0.03,0.007,2.61260555043343e-251,"20","AC093655.1"
"AC087235.1",1.18182750302418e-255,2.96980782860033,0.017,0.003,3.8570122388697e-251,"20","AC087235.1"
"GPRC6A",5.40685940556234e-255,3.71707700734214,0.011,0.001,1.76458263559933e-250,"20","GPRC6A"
"AC008133.1",1.1870500892589e-254,2.34002621294807,0.024,0.004,3.87405667130534e-250,"20","AC008133.1"
"LINC01204",4.48355973669647e-254,3.4547810956162,0.013,0.002,1.46325455566826e-249,"20","LINC01204"
"LINC01162",1.50907304668749e-253,3.142798191771,0.019,0.003,4.92501079516929e-249,"20","LINC01162"
"SOX30",1.98532727416936e-253,2.17456902306219,0.023,0.004,6.47931409197911e-249,"20","SOX30"
"HHLA1",4.60833073463418e-252,2.49897512986319,0.019,0.003,1.50397481855521e-247,"20","HHLA1"
"MMP26",5.43791681221331e-252,2.81266703906156,0.026,0.005,1.77471853083394e-247,"20","MMP26"
"LINC01949",1.73398061918901e-251,3.56722453311153,0.019,0.003,5.65901914878526e-247,"20","LINC01949"
"AC136188.1",3.16091667264437e-251,2.67016818255271,0.015,0.002,1.03159676528422e-246,"20","AC136188.1"
"LINC02263",3.47163263808239e-251,3.22149151601815,0.014,0.002,1.13300202776457e-246,"20","LINC02263"
"CCDC190",1.55615453425266e-250,2.38101429396853,0.027,0.006,5.078665937987e-246,"20","CCDC190"
"DUX4",7.01057884162259e-250,3.5514758370174,0.011,0.001,2.28797251075195e-245,"20","DUX4"
"LINC01508",7.38926900446449e-250,2.82293847057207,0.022,0.004,2.41156183229703e-245,"20","LINC01508"
"AL138737.1",9.45854028422123e-250,3.75069746345377,0.01,0.001,3.08688920715844e-245,"20","AL138737.1"
"ANKRD451",3.99086209122984e-249,2.36143692603799,0.026,0.005,1.30245775209377e-244,"20","ANKRD45"
"AC007277.1",1.47075269194157e-248,2.62478150696033,0.023,0.004,4.79994848542051e-244,"20","AC007277.1"
"LINC02492",2.07575358668093e-248,2.05481008960389,0.031,0.007,6.77442940549189e-244,"20","LINC02492"
"M1AP",4.04533646652171e-248,2.41962269731785,0.028,0.006,1.32023600921402e-243,"20","M1AP"
"MLIP-AS1",4.93693397156049e-248,2.77831983612654,0.019,0.003,1.61121777095848e-243,"20","MLIP-AS1"
"AC017091.1",3.79584813481845e-247,3.15473470844096,0.018,0.003,1.23881299727935e-242,"20","AC017091.1"
"AC108067.1",4.45541261794989e-247,2.37382783120833,0.021,0.004,1.45406846199413e-242,"20","AC108067.1"
"AC013546.1",7.6224751874622e-247,3.67175491530741,0.016,0.002,2.48767100218016e-242,"20","AC013546.1"
"ZNF716",9.76878112279272e-247,2.06469992031466,0.03,0.007,3.18813940723463e-242,"20","ZNF716"
"LINC01709",6.92682856312383e-246,2.60104803122506,0.031,0.007,2.26063976986109e-241,"20","LINC01709"
"AP000527.1",7.5103454783122e-246,2.670135472285,0.018,0.003,2.45107635030197e-241,"20","AP000527.1"
"CPLX4",2.83055283934758e-245,3.81027185792376,0.01,0.001,9.23779224649477e-241,"20","CPLX4"
"AC025272.1",3.1809897324418e-245,3.30869438776156,0.017,0.002,1.0381478090797e-240,"20","AC025272.1"
"SLC17A8",1.00573489569318e-244,2.61232645096239,0.022,0.004,3.28231640558426e-240,"20","SLC17A8"
"LINC01501",1.29378984516778e-244,3.40172309729551,0.015,0.002,4.22241253868956e-240,"20","LINC01501"
"AC046136.1",8.38868775840436e-243,2.01428329170717,0.032,0.008,2.73773213683285e-238,"20","AC046136.1"
"AL583836.1",1.1736486878545e-242,3.16023110175936,0.013,0.002,3.83031985768194e-238,"20","AL583836.1"
"AC090572.3",2.37580944675596e-242,2.46816260617072,0.021,0.004,7.75369171043276e-238,"20","AC090572.3"
"PANX3",5.81383282243982e-242,3.40562094942543,0.01,0.001,1.89740247993146e-237,"20","PANX3"
"AL161757.4",7.57821022454116e-242,2.32537683118657,0.023,0.005,2.47322468888125e-237,"20","AL161757.4"
"LINC02424",8.2488350179154e-242,3.37831332605408,0.015,0.002,2.69208979644687e-237,"20","LINC02424"
"AC116634.1",3.0303480716775e-240,3.13930928467476,0.017,0.003,9.88984396672669e-236,"20","AC116634.1"
"AC109635.2",6.96329112464044e-240,2.33223901421073,0.023,0.004,2.27253969143765e-235,"20","AC109635.2"
"AL356804.1",1.73668295756046e-239,2.61657078666168,0.021,0.004,5.6678385002943e-235,"20","AL356804.1"
"ADAM18",6.6742400065842e-239,2.95712215871322,0.017,0.003,2.17820496854882e-234,"20","ADAM18"
"LINC02338",8.37371258215298e-239,2.65012583393111,0.022,0.004,2.73284483831145e-234,"20","LINC02338"
"LINC01592",1.47460109232597e-238,2.66778179206418,0.024,0.005,4.81250812491502e-234,"20","LINC01592"
"AC009965.1",9.60027152543076e-238,3.67027882874026,0.011,0.001,3.13314461503958e-233,"20","AC009965.1"
"AC124657.1",1.04946743099238e-237,2.02446843007642,0.023,0.005,3.42504190778673e-233,"20","AC124657.1"
"AC090403.11",1.19217830814245e-237,2.89909869176108,0.021,0.004,3.89079312645371e-233,"20","AC090403.1"
"LINC01478",1.19251241945941e-237,2.04909658775183,0.025,0.005,3.89188353214773e-233,"20","LINC01478"
"SLC39A12",1.95319525127901e-237,2.05395620280294,0.024,0.005,6.37444802207417e-233,"20","SLC39A12"
"ABCA41",2.34640956940165e-237,2.52040611803622,0.023,0.005,7.65774227069923e-233,"20","ABCA4"
"AC104051.1",2.77494827859071e-237,2.49570598581924,0.03,0.007,9.05632120200864e-233,"20","AC104051.1"
"LINC01324",3.95407734549302e-237,3.81741960967935,0.012,0.001,1.2904526824751e-232,"20","LINC01324"
"AL354824.1",4.16876226572236e-237,2.01374484371058,0.031,0.007,1.36051725304115e-232,"20","AL354824.1"
"AC118758.3",5.31575014775308e-237,2.32984207652976,0.025,0.005,1.7348482182207e-232,"20","AC118758.3"
"AL135936.1",1.00025096125541e-236,3.10800231513473,0.011,0.001,3.26441903715314e-232,"20","AL135936.1"
"GABRB2",6.11100075664546e-236,2.1173104299093,0.032,0.008,1.99438620693881e-231,"20","GABRB2"
"LINC02248",1.2816870189237e-235,3.0769396290907,0.017,0.003,4.18291375495939e-231,"20","LINC02248"
"AC099542.1",2.00170966751445e-235,3.29192000837977,0.013,0.002,6.53277967090016e-231,"20","AC099542.1"
"LINC02107",2.22455052890027e-235,2.76052755451577,0.02,0.003,7.26004310611893e-231,"20","LINC02107"
"AC092440.11",2.729416381137e-235,2.33919832472211,0.018,0.003,8.9077233014787e-231,"20","AC092440.1"
"LINC01818",3.48495103936389e-235,3.06614822721518,0.019,0.003,1.1373486212068e-230,"20","LINC01818"
"AC018554.1",8.23131547858993e-234,2.84424192529265,0.018,0.003,2.68637211959261e-229,"20","AC018554.1"
"LINC00376",1.25285407686642e-233,4.11468646294259,0.015,0.002,4.08881456526125e-229,"20","LINC00376"
"AC114812.2",1.26987223428002e-231,3.38802505034055,0.01,0.001,4.14435502379626e-227,"20","AC114812.2"
"LINC02327",2.15818914381945e-231,2.24685180678078,0.025,0.005,7.04346608976916e-227,"20","LINC02327"
"MIR4527HG",9.13408186276829e-231,2.53954044078619,0.022,0.004,2.98099895673306e-226,"20","MIR4527HG"
"AC096746.1",9.76949419587796e-229,2.17103480224882,0.027,0.006,3.18837212576673e-224,"20","AC096746.1"
"C12orf50",1.72307076306521e-228,3.08340704791592,0.016,0.003,5.62341374233963e-224,"20","C12orf50"
"LINC01837",4.59010565915742e-228,3.00096372053588,0.017,0.003,1.49802688292262e-223,"20","LINC01837"
"AC026786.1",9.85113933398882e-228,2.42173334095936,0.022,0.004,3.21501783304059e-223,"20","AC026786.1"
"AL592182.1",5.28577321894066e-227,3.81352327804838,0.01,0.001,1.72506494773347e-222,"20","AL592182.1"
"CERKL",5.77381859644602e-226,2.16859146888639,0.024,0.005,1.88434343713612e-221,"20","CERKL"
"AC100802.1",1.10039072327362e-225,2.88114444783935,0.015,0.002,3.5912351644758e-221,"20","AC100802.1"
"AL354821.1",4.93795816663481e-225,2.13404528322643,0.023,0.005,1.61155202726294e-220,"20","AL354821.1"
"LINC01584",7.18977142383512e-225,3.5211999588382,0.01,0.001,2.34645380188283e-220,"20","LINC01584"
"LINC00971",9.57428700973026e-225,2.34570513657604,0.03,0.008,3.12466430849557e-220,"20","LINC00971"
"GCSAML",1.33336298797587e-224,2.3304351662442,0.023,0.005,4.35156344755805e-220,"20","GCSAML"
"AL355314.2",3.096218363589e-224,2.0270874035567,0.024,0.005,1.01048182514091e-219,"20","AL355314.2"
"AL157778.1",4.13949815840673e-224,2.69895830960046,0.024,0.005,1.35096661897762e-219,"20","AL157778.1"
"LINC01789",7.22955880344543e-224,3.53460347637067,0.014,0.002,2.35943881109245e-219,"20","LINC01789"
"AL139042.1",3.0778098531905e-223,3.0822531848157,0.015,0.002,1.00447402368725e-218,"20","AL139042.1"
"AC015574.1",1.24936801822106e-222,2.96322253167814,0.018,0.003,4.07743746426626e-218,"20","AC015574.1"
"IGSF5",1.49240273839231e-222,2.12531174821885,0.029,0.007,4.87060557701713e-218,"20","IGSF5"
"LINC01722",1.58375112859732e-222,2.64981039218655,0.019,0.003,5.16873018329022e-218,"20","LINC01722"
"CR383656.10",1.12594076327045e-221,4.38776691515426,0.01,0.001,3.67462027500945e-217,"20","CR383656.10"
"AC099786.11",1.62201804366687e-221,2.2148571628565,0.022,0.004,5.29361808731119e-217,"20","AC099786.1"
"AC104777.2",1.80262521776529e-221,3.09518344259944,0.013,0.002,5.8830476606988e-217,"20","AC104777.2"
"AL136234.1",4.17645592600407e-221,3.36102254809052,0.011,0.001,1.36302815601069e-216,"20","AL136234.1"
"AC005832.4",2.02483566248973e-220,2.10608619589489,0.021,0.004,6.60825366810149e-216,"20","AC005832.4"
"AC106894.1",1.04590319213979e-219,2.44955129786415,0.021,0.004,3.41340965786743e-215,"20","AC106894.1"
"SLCO4C1",2.69875149891994e-219,2.10810065352941,0.032,0.008,8.80764539187512e-215,"20","SLCO4C1"
"PKHD1L12",3.26386836098351e-219,2.19449387946902,0.024,0.005,1.06519607829058e-214,"20","PKHD1L1"
"AL606516.1",7.39976405173975e-219,2.54928610716806,0.019,0.003,2.41498699592578e-214,"20","AL606516.1"
"GADL1",8.77900209783953e-219,3.4127540027068,0.012,0.002,2.86511512465091e-214,"20","GADL1"
"LINC00992",1.58128313174796e-218,2.12175668142907,0.033,0.009,5.16067562877263e-214,"20","LINC00992"
"CES5A",1.54702208841685e-217,3.30150573276439,0.014,0.002,5.04886128775723e-213,"20","CES5A"
"ASB17",1.7050580088248e-217,2.39163838622237,0.018,0.003,5.56462731760062e-213,"20","ASB17"
"LINC00842",2.66044322774609e-217,2.22094035887714,0.019,0.003,8.68262251807213e-213,"20","LINC00842"
"AC087897.2",5.56585961771522e-217,2.72982363026086,0.019,0.004,1.81647394483754e-212,"20","AC087897.2"
"LINC01019",8.02436187657163e-216,2.54425596783986,0.017,0.003,2.61883074203792e-211,"20","LINC01019"
"AC090371.2",8.05483485518101e-216,3.62506428869686,0.012,0.002,2.62877590333688e-211,"20","AC090371.2"
"AL049812.2",2.48732912031488e-215,3.25582640425734,0.012,0.002,8.11764731705964e-211,"20","AL049812.2"
"GBX1",3.95284500263508e-215,3.11586772421912,0.014,0.002,1.29005049505998e-210,"20","GBX1"
"AC025524.2",1.46112504096068e-214,3.24839019027067,0.012,0.002,4.76852768367929e-210,"20","AC025524.2"
"AC020718.1",5.3846521879161e-214,3.92846953950843,0.011,0.001,1.7573350880483e-209,"20","AC020718.1"
"TOPAZ1",1.00323960179673e-213,2.96975248828069,0.019,0.003,3.27417276442379e-209,"20","TOPAZ1"
"STRA8",4.24374179377815e-213,2.4453407375658,0.018,0.003,1.38498757181744e-208,"20","STRA8"
"AC087242.1",4.53821879568482e-213,2.87648896068337,0.012,0.002,1.4810930861597e-208,"20","AC087242.1"
"AC009055.11",5.93609376588633e-213,2.38249789934067,0.022,0.005,1.93730356143466e-208,"20","AC009055.1"
"LINC01919",7.0760978310466e-213,3.11224689679304,0.012,0.002,2.30935528814037e-208,"20","LINC01919"
"OR2AT4",3.94685457610837e-212,2.47728359802014,0.012,0.002,1.28809545945873e-207,"20","OR2AT4"
"AC068643.1",7.21532169844163e-212,3.28465918017096,0.011,0.001,2.35479238950341e-207,"20","AC068643.1"
"MMP20",1.15793721256327e-211,2.0094271924226,0.026,0.006,3.77904388692148e-207,"20","MMP20"
"AC100801.1",1.25018258086664e-211,3.34255694823791,0.012,0.002,4.08009587091635e-207,"20","AC100801.1"
"AC092979.1",1.61394476022987e-211,2.91841452223509,0.015,0.002,5.26727011948622e-207,"20","AC092979.1"
"AC084200.1",3.55390837503802e-211,2.30695362251306,0.02,0.004,1.15985353727741e-206,"20","AC084200.1"
"AC099671.1",7.52025126937644e-211,3.72188172418432,0.012,0.001,2.4543092042737e-206,"20","AC099671.1"
"LINC01677",9.67674411158372e-211,3.54799208356125,0.012,0.001,3.15810220825646e-206,"20","LINC01677"
"SPACA7",2.45925206612787e-210,3.38352107577989,0.014,0.002,8.02601504301491e-206,"20","SPACA7"
"LINC01583",2.96482592738914e-210,2.22649734761792,0.024,0.005,9.67600589662721e-206,"20","LINC01583"
"AC096711.3",7.11243778376277e-210,2.29861499234014,0.023,0.005,2.32121519510882e-205,"20","AC096711.3"
"AC097521.1",2.07731727687486e-209,2.32913444199157,0.021,0.004,6.77953266480878e-205,"20","AC097521.1"
"POTEC",9.12625533689722e-209,2.80310135794311,0.012,0.002,2.97844469174978e-204,"20","POTEC"
"CLDN10-AS1",1.47075020873089e-208,2.5652900094146,0.017,0.003,4.79994038121413e-204,"20","CLDN10-AS1"
"UBE2U",4.1884287931089e-208,3.48034177514071,0.012,0.001,1.36693562091902e-203,"20","UBE2U"
"AP006621.4",8.48586158320616e-208,2.35455857597898,0.018,0.003,2.76944578629516e-203,"20","AP006621.4"
"AC022031.2",2.61121095729824e-207,2.10045185575136,0.025,0.006,8.52194808023852e-203,"20","AC022031.2"
"AC027801.1",7.33043142742122e-207,2.06928482698564,0.015,0.002,2.39235960065319e-202,"20","AC027801.1"
"FRMPD2",1.2448499127513e-206,2.06293108900014,0.024,0.005,4.06269217525514e-202,"20","FRMPD2"
"GABRA6",1.59791915228967e-206,3.13073875698749,0.019,0.003,5.21496894541258e-202,"20","GABRA6"
"AC097480.1",1.89912197048765e-206,3.35721900256768,0.015,0.002,6.19797446288348e-202,"20","AC097480.1"
"AL049775.2",4.68884898695803e-205,2.87300365294665,0.014,0.002,1.53025275538362e-200,"20","AL049775.2"
"AC078962.2",4.79285465966389e-205,2.3228632046014,0.015,0.002,1.56419604672791e-200,"20","AC078962.2"
"PASD1",1.93904995277193e-204,2.4571562808725,0.018,0.003,6.32828342586647e-200,"20","PASD1"
"LPA",3.39253397635518e-204,2.85413573875835,0.019,0.004,1.10718738852328e-199,"20","LPA"
"CAPN13",2.11052469401967e-203,3.13500012384036,0.013,0.002,6.88790839140259e-199,"20","CAPN13"
"LINC00658",2.6205528151247e-203,2.03670301195449,0.024,0.005,8.55243616744097e-199,"20","LINC00658"
"AC009646.2",3.85422827334237e-203,2.30268339460743,0.019,0.004,1.25786593928801e-198,"20","AC009646.2"
"AC090282.1",6.01362266707768e-203,2.15251007787608,0.021,0.004,1.96260589362747e-198,"20","AC090282.1"
"AL121852.1",1.22266382876395e-202,2.2675867852426,0.023,0.005,3.99028567155404e-198,"20","AL121852.1"
"AC008154.1",1.4107839166427e-202,3.19151652351589,0.01,0.001,4.60423439035511e-198,"20","AC008154.1"
"GPR1",1.04182243970136e-201,2.03018252876698,0.034,0.01,3.40009171420937e-197,"20","GPR1"
"MTUS2-AS1",2.15661878200319e-201,2.55940424990983,0.014,0.002,7.03834105694561e-197,"20","MTUS2-AS1"
"AC012349.1",7.49300980253136e-201,2.10083657250953,0.027,0.007,2.44541867915413e-196,"20","AC012349.1"
"AC068413.1",1.45233061884125e-200,2.3200693097245,0.024,0.006,4.73982620765032e-196,"20","AC068413.1"
"CASC16",2.77365980626255e-200,3.15489679079181,0.014,0.002,9.05211614371845e-196,"20","CASC16"
"LIPH",2.82171822652934e-200,2.07271504031905,0.022,0.005,9.20895960410115e-196,"20","LIPH"
"LINC01643",3.61338663830672e-200,2.21733016947804,0.025,0.006,1.17926486327778e-195,"20","LINC01643"
"OR4N2",1.95934525275839e-199,3.23719142183833,0.013,0.002,6.39451916690229e-195,"20","OR4N2"
"ADGRF4",7.61507094695776e-199,3.23492623016812,0.01,0.001,2.48525455424914e-194,"20","ADGRF4"
"AL137220.1",1.7662867055623e-198,2.47221908857967,0.017,0.003,5.76445329227313e-194,"20","AL137220.1"
"KLK41",2.81333834782539e-198,2.41504495460423,0.017,0.003,9.18161103196293e-194,"20","KLK4"
"AC104472.3",6.91794483334757e-198,2.37936076137991,0.017,0.003,2.25774047581131e-193,"20","AC104472.3"
"AC006296.2",1.61029296655115e-197,2.88781334004231,0.013,0.002,5.25535212563635e-193,"20","AC006296.2"
"AC068196.1",2.22954952718237e-197,2.25879578619855,0.022,0.005,7.27635783691238e-193,"20","AC068196.1"
"AL359237.1",3.8015240413784e-197,2.91328362379093,0.016,0.003,1.24066538614425e-192,"20","AL359237.1"
"AC100768.2",4.42395564361342e-197,2.89586837588904,0.014,0.002,1.44380216384967e-192,"20","AC100768.2"
"FP475955.3",5.48891076608626e-197,2.93307976379949,0.012,0.002,1.79136091761991e-192,"20","FP475955.3"
"AC090791.1",1.1330970746662e-196,3.48495890299855,0.01,0.001,3.69797561288062e-192,"20","AC090791.1"
"SMIM36",1.79296936705289e-196,2.62075277471016,0.015,0.002,5.85153482631382e-192,"20","SMIM36"
"LINC02426",3.4629790975971e-196,2.88845669643929,0.013,0.002,1.13017785829179e-191,"20","LINC02426"
"KLB1",7.50148147345872e-196,2.02481021009545,0.027,0.007,2.44818349367799e-191,"20","KLB"
"CLDN10",8.89079856488031e-196,2.08721704261158,0.037,0.011,2.90160101963434e-191,"20","CLDN10"
"AC096669.1",1.30619493502841e-195,3.0144440996281,0.012,0.002,4.26289778995873e-191,"20","AC096669.1"
"AC073325.1",1.48184063956916e-195,3.39222862280625,0.013,0.002,4.83613511129791e-191,"20","AC073325.1"
"NOX3",5.13040373425105e-195,2.72802445438921,0.021,0.005,1.67435856271017e-190,"20","NOX3"
"AP001604.11",5.58348872608193e-195,2.15705323452977,0.032,0.009,1.8222273806441e-190,"20","AP001604.1"
"AC090572.2",9.74976209344478e-195,2.48479517808078,0.018,0.003,3.18193235681664e-190,"20","AC090572.2"
"LINC02201",3.0609525102612e-194,2.04953184978361,0.024,0.006,9.98972461248846e-190,"20","LINC02201"
"AC009498.1",3.113223005557e-194,3.28517144590778,0.012,0.002,1.01603146009358e-189,"20","AC009498.1"
"LINC009221",4.23069173757708e-194,2.21287300459537,0.022,0.005,1.38072855547566e-189,"20","LINC00922"
"AC079340.1",4.47915819940844e-194,2.87732200778043,0.011,0.001,1.46181806995894e-189,"20","AC079340.1"
"NPFFR21",4.53180805052124e-194,2.2290497877543,0.037,0.011,1.47900087536811e-189,"20","NPFFR2"
"ADGRG7",5.41659596098408e-193,2.68094178901328,0.012,0.002,1.76776025782677e-188,"20","ADGRG7"
"TRPC3",2.1825662878211e-192,2.02785975613358,0.025,0.006,7.12302333693294e-188,"20","TRPC3"
"LINC024651",4.99895102007396e-192,2.47366175831895,0.019,0.004,1.63145765491134e-187,"20","LINC02465"
"FAM83A",3.06893161135742e-191,2.19398993479771,0.021,0.004,1.00157652068261e-186,"20","FAM83A"
"ENTHD1",3.29796108698831e-191,2.51169520931489,0.019,0.004,1.0763225803495e-186,"20","ENTHD1"
"AC004994.1",4.28802714462643e-191,2.41606339596335,0.016,0.003,1.39944053892028e-186,"20","AC004994.1"
"HSD17B2",5.98761375976105e-191,2.98839202958683,0.013,0.002,1.95411762663562e-186,"20","HSD17B2"
"SIM1",1.42283642085949e-190,2.84358254058795,0.013,0.002,4.64356894311703e-186,"20","SIM1"
"LINC00370",1.84351903635548e-190,2.84079023517494,0.013,0.002,6.01650872704975e-186,"20","LINC00370"
"LINC02542",3.12922372602435e-190,2.25882159039138,0.021,0.005,1.02125345522531e-185,"20","LINC02542"
"Z98949.1",8.02315571377501e-190,2.96833262122305,0.013,0.002,2.61843709874761e-185,"20","Z98949.1"
"SLC2A2",1.08475357099592e-189,2.36973171022646,0.014,0.002,3.54020175430229e-185,"20","SLC2A2"
"LINC00491",1.42650468271365e-189,2.28795549082054,0.018,0.004,4.65554068250427e-185,"20","LINC00491"
"LINC02215",3.5135243787608e-189,2.91995610450616,0.012,0.002,1.14667381625237e-184,"20","LINC02215"
"AC090987.1",5.54436461923124e-188,2.2051787103871,0.025,0.006,1.80945883713231e-183,"20","AC090987.1"
"AC019155.2",9.81253123772453e-188,2.20117031315309,0.02,0.004,3.20241769474378e-183,"20","AC019155.2"
"EGF",1.81644543655419e-187,2.95992965584524,0.012,0.002,5.92815132673826e-183,"20","EGF"
"AL592402.1",3.65133920848776e-187,2.88002942791633,0.014,0.002,1.19165106408207e-182,"20","AL592402.1"
"LINC02005",4.97999068163438e-187,3.60830057478718,0.011,0.001,1.6252697588582e-182,"20","LINC02005"
"AC079414.1",1.71547893012182e-186,3.56735248532538,0.01,0.001,5.59863703634557e-182,"20","AC079414.1"
"ERICH6B",8.65196004205714e-186,2.82748798727006,0.015,0.002,2.82365367932577e-181,"20","ERICH6B"
"CDH17",2.93086035976271e-185,2.01730128691543,0.021,0.005,9.56515587012158e-181,"20","CDH17"
"AL133372.3",5.29121018786394e-185,2.86034672272134,0.013,0.002,1.72683935691128e-180,"20","AL133372.3"
"TRPM1",5.39645984069222e-185,2.2267972253128,0.024,0.006,1.76118863360831e-180,"20","TRPM1"
"FAM216B",4.27100765165987e-184,2.43012571428861,0.017,0.003,1.39388605719572e-179,"20","FAM216B"
"GPR61",7.43563513365254e-184,2.08057169611113,0.022,0.005,2.42669388221884e-179,"20","GPR61"
"C6orf118",9.87497827230249e-184,2.73332448897401,0.016,0.003,3.22279790894864e-179,"20","C6orf118"
"LINC02378",1.08207707721783e-183,2.79915492658509,0.016,0.003,3.53146674920811e-179,"20","LINC02378"
"AC026116.1",1.38297009582674e-183,3.13391739759048,0.011,0.002,4.51346120474014e-179,"20","AC026116.1"
"C1orf141",2.52962920763082e-183,2.20534677886078,0.022,0.005,8.25569788202394e-179,"20","C1orf141"
"USP12-AS2",5.98519283722374e-182,2.50511602916939,0.014,0.002,1.95332753435634e-177,"20","USP12-AS2"
"GALNTL5",9.14481561929227e-182,2.60963530674012,0.014,0.002,2.98450202551222e-177,"20","GALNTL5"
"AC092017.3",1.16643621281144e-181,2.2052001104829,0.021,0.005,3.80678122413142e-177,"20","AC092017.3"
"AL583859.2",1.39382042691011e-181,2.86194400484731,0.014,0.002,4.54887234526384e-177,"20","AL583859.2"
"DCAF4L2",5.13251066326333e-180,3.388099396524,0.01,0.001,1.67504618006262e-175,"20","DCAF4L2"
"LINC02056",8.43222487826943e-180,2.46092659146191,0.016,0.003,2.75194091127201e-175,"20","LINC02056"
"AC012560.1",4.1491312933152e-179,2.57548022602544,0.015,0.003,1.35411048888635e-174,"20","AC012560.1"
"LINC01202",8.63239098061873e-179,3.44594755355873,0.011,0.001,2.81726712043473e-174,"20","LINC01202"
"AL359853.2",1.10401600106375e-178,2.03246925886425,0.02,0.004,3.60306662107166e-174,"20","AL359853.2"
"MIR3976HG",4.14290506245181e-178,3.50060892499965,0.011,0.001,1.35207849618177e-173,"20","MIR3976HG"
"LINC01416",7.57303013215762e-178,2.05172930287205,0.022,0.005,2.47153411393096e-173,"20","LINC01416"
"LHX1-DT",3.3643029192065e-177,2.64977907863421,0.013,0.002,1.09797390071223e-172,"20","LHX1-DT"
"CLCA1",4.15901666208814e-177,2.78054871003117,0.012,0.002,1.35733667783909e-172,"20","CLCA1"
"LINC02088",2.70013345048749e-176,2.17630286205209,0.016,0.003,8.81215552901097e-172,"20","LINC02088"
"AC007846.2",2.72249940713473e-176,2.45675275020661,0.023,0.006,8.88514906512489e-172,"20","AC007846.2"
"PDE11A-ENSG00000284741",4.51238612510501e-176,3.12282950657578,0.012,0.002,1.47266233578927e-171,"20","PDE11A-ENSG00000284741"
"AL136322.1",4.90429581244355e-176,2.33630918226386,0.013,0.002,1.60056598134908e-171,"20","AL136322.1"
"NMUR2",4.94441797203225e-176,2.18265219517388,0.019,0.004,1.61366024935245e-171,"20","NMUR2"
"AC114400.1",2.6068486637129e-174,3.03157184793248,0.012,0.002,8.50771129889342e-170,"20","AC114400.1"
"NFE4",4.11487217347904e-174,2.0021128148696,0.019,0.004,1.34292968253662e-169,"20","NFE4"
"C8orf89",4.20897205772059e-174,2.23734711868831,0.02,0.004,1.37364012075769e-169,"20","C8orf89"
"GRXCR1",5.37217146001352e-174,3.42364595051295,0.012,0.002,1.75326187769001e-169,"20","GRXCR1"
"PLA2G12B",7.90098057109611e-173,2.44600392296765,0.013,0.002,2.57856401918293e-168,"20","PLA2G12B"
"MCHR2-AS1",8.40376678808457e-173,2.44120354681177,0.016,0.003,2.74265332895928e-168,"20","MCHR2-AS1"
"SCNN1B1",1.00421604655224e-172,2.69323513946736,0.017,0.003,3.2773594895279e-168,"20","SCNN1B"
"MCHR2",1.52995636146662e-172,2.21577243549216,0.021,0.005,4.99316558128245e-168,"20","MCHR2"
"BAAT",2.0674434829666e-172,2.29307455689524,0.018,0.004,6.74730855100981e-168,"20","BAAT"
"LINC01649",5.14608330912504e-172,2.15306432198929,0.017,0.004,1.67947574876605e-167,"20","LINC01649"
"LINC02236",5.85190934618179e-172,2.05596893163716,0.021,0.005,1.90982913421989e-167,"20","LINC02236"
"LINC02548",1.03987957544793e-171,3.37078298902193,0.011,0.002,3.39375098243186e-167,"20","LINC02548"
"AC004862.1",1.09766764498457e-171,2.36337932430618,0.018,0.004,3.58234812617163e-167,"20","AC004862.1"
"GACAT1",1.39331991466506e-171,3.53634460837493,0.012,0.002,4.54723887350089e-167,"20","GACAT1"
"AC005392.31",3.3374847366277e-171,3.20136127250472,0.01,0.001,1.08922151864582e-166,"20","AC005392.3"
"LINC01880",1.08427461570104e-170,2.52074611715709,0.016,0.003,3.53863863580192e-166,"20","LINC01880"
"LINC02221",2.00061094366963e-170,2.37018540599339,0.013,0.002,6.52919387576019e-166,"20","LINC02221"
"AC020551.1",3.0798326724923e-170,3.53145163105249,0.011,0.001,1.00513419099459e-165,"20","AC020551.1"
"AL358394.12",4.22435807693363e-170,2.19294341891305,0.019,0.004,1.37866150198806e-165,"20","AL358394.1"
"LINC01717",5.58175535377904e-170,2.82509026329378,0.011,0.002,1.82166167725933e-165,"20","LINC01717"
"LYPLAL1-DT",1.34313215136568e-169,2.32855203172434,0.017,0.003,4.38344608919704e-165,"20","LYPLAL1-DT"
"LINC01392",1.69981347652594e-169,2.94965089872791,0.016,0.003,5.54751126199007e-165,"20","LINC01392"
"AL513478.2",2.914519982081e-169,2.76645878348956,0.014,0.002,9.51182741351956e-165,"20","AL513478.2"
"LINC02109",4.76796921851735e-169,2.84964904495593,0.014,0.002,1.55607443415532e-164,"20","LINC02109"
"AC068305.2",1.19666375772787e-168,2.24455621416904,0.02,0.005,3.90543183972068e-164,"20","AC068305.2"
"MDFIC2",1.33227104591206e-168,2.20634287206282,0.018,0.004,4.3479997854386e-164,"20","MDFIC2"
"AC010880.1",1.11374406194186e-166,3.36271442131688,0.011,0.002,3.63481512055345e-162,"20","AC010880.1"
"ABCB5",1.83395553592094e-166,2.04775053304434,0.026,0.007,5.98529728703159e-162,"20","ABCB5"
"AL035078.4",2.52827332580412e-166,2.60611503402437,0.02,0.005,8.25127282609431e-162,"20","AL035078.4"
"LINC01256",8.3221912359163e-166,2.27433591168046,0.02,0.005,2.71603033175365e-161,"20","LINC01256"
"AL583804.1",5.21415340494337e-165,2.85328678855193,0.015,0.003,1.70169110523732e-160,"20","AL583804.1"
"ASB5",8.30986327371574e-165,3.05945210659859,0.011,0.002,2.71200697800987e-160,"20","ASB5"
"ZNF728",1.00632581460519e-164,2.04917297241978,0.022,0.006,3.2842449285455e-160,"20","ZNF728"
"AC012494.1",1.1583977496958e-164,3.08501715315103,0.01,0.001,3.7805468959072e-160,"20","AC012494.1"
"AL359853.3",1.98518726389881e-164,2.99165731483696,0.01,0.001,6.47885715446015e-160,"20","AL359853.3"
"AC009262.1",3.78150716290123e-164,2.0046906067956,0.024,0.006,1.23413267768445e-159,"20","AC009262.1"
"AC141930.1",4.18375744776369e-164,2.15086994763469,0.016,0.003,1.36541108065216e-159,"20","AC141930.1"
"AC027701.1",4.22811894064903e-164,3.23747212206939,0.012,0.002,1.37988889747022e-159,"20","AC027701.1"
"GLOD5",8.81767872770586e-163,2.04398227648078,0.015,0.003,2.87773762957408e-158,"20","GLOD5"
"AL513323.1",4.00448869960149e-162,3.19322165242628,0.013,0.002,1.30690493200194e-157,"20","AL513323.1"
"AC004870.4",4.91725333017295e-162,2.20134079675069,0.015,0.003,1.60479479683524e-157,"20","AC004870.4"
"LINC02264",7.3558515173364e-162,3.31953783166784,0.012,0.002,2.40065570119791e-157,"20","LINC02264"
"NECAB2",1.22879243532709e-161,2.02639651991339,0.019,0.004,4.01028699193349e-157,"20","NECAB2"
"FILNC11",1.57346950660282e-161,2.51317369581195,0.016,0.003,5.13517508174897e-157,"20","FILNC1"
"TGM6",2.26621479755638e-161,2.69475561819548,0.016,0.003,7.39601861330501e-157,"20","TGM6"
"AC026746.1",2.04478642733527e-160,2.28033102017998,0.012,0.002,6.67336498425137e-156,"20","AC026746.1"
"SLC2A12",2.07223098675762e-160,2.08554499522085,0.019,0.005,6.76293304838217e-156,"20","SLC2A12"
"AL096799.1",2.35485687826513e-160,3.47885122576054,0.01,0.001,7.68531090790608e-156,"20","AL096799.1"
"AP003400.1",2.9838274256203e-160,3.15904557906251,0.01,0.001,9.73801918625442e-156,"20","AP003400.1"
"LINC01580",6.00528916964907e-159,2.65263064922456,0.013,0.002,1.95988617340667e-154,"20","LINC01580"
"AC007221.2",1.04245940742882e-158,2.01404350970207,0.02,0.005,3.40217052208471e-154,"20","AC007221.2"
"AC011396.2",2.17275931637e-158,2.33015600631691,0.013,0.002,7.09101730490512e-154,"20","AC011396.2"
"LINC01603",4.66616833008175e-158,2.59663867077207,0.011,0.002,1.52285069620548e-153,"20","LINC01603"
"LINC01428",7.37045255288e-158,3.34774842601813,0.013,0.002,2.40542089515792e-153,"20","LINC01428"
"LINC01591",8.05885270065958e-158,2.06184523245981,0.02,0.005,2.63008716738726e-153,"20","LINC01591"
"AC113607.1",1.30061103787993e-156,2.66662952885215,0.012,0.002,4.24467418322493e-152,"20","AC113607.1"
"AC104663.1",5.30780947410932e-156,3.00923566318668,0.013,0.002,1.73225669997032e-151,"20","AC104663.1"
"LINC00850",6.14487600974953e-156,3.04721503343509,0.01,0.002,2.00544173454186e-151,"20","LINC00850"
"LINC02550",1.37237389943665e-155,2.43061755829434,0.019,0.005,4.47887945820145e-151,"20","LINC02550"
"CRHR2",3.19614981805558e-155,2.20323507493982,0.014,0.002,1.04309545462062e-150,"20","CRHR2"
"TUSC7",4.6126075633734e-155,2.07457737750833,0.021,0.005,1.50537060438254e-150,"20","TUSC7"
"AC010197.1",1.85159665506786e-154,2.66083367326821,0.016,0.003,6.04287084347946e-150,"20","AC010197.1"
"AL606804.1",2.86646862166388e-154,3.04558219761194,0.01,0.001,9.35500699366223e-150,"20","AL606804.1"
"LINC02300",3.53418704812931e-154,2.42464186413009,0.013,0.002,1.15341728502748e-149,"20","LINC02300"
"LINC01790",7.28030109817807e-154,3.13093062040808,0.01,0.002,2.37599906640139e-149,"20","LINC01790"
"LINC00942",3.70741485227423e-153,2.15840596725163,0.016,0.003,1.20995191118822e-148,"20","LINC00942"
"LINC01331",3.85964589134351e-153,2.78912029247321,0.011,0.002,1.25963403309887e-148,"20","LINC01331"
"AC099499.1",5.25858062060068e-153,2.50158388784674,0.013,0.002,1.71619037133924e-148,"20","AC099499.1"
"AL355990.1",8.31975557915626e-153,2.6110267818139,0.01,0.001,2.71523543081344e-148,"20","AL355990.1"
"SLC7A13",2.05344507224388e-152,3.49150924399623,0.011,0.002,6.70162333777511e-148,"20","SLC7A13"
"LINC02346",3.76311545033017e-152,2.11041304816613,0.018,0.004,1.22813035836975e-147,"20","LINC02346"
"LINC01440",4.35911106819045e-152,2.42686257180327,0.019,0.005,1.42263948821464e-147,"20","LINC01440"
"PROM1",4.59730999982383e-152,2.29842365358267,0.02,0.005,1.5003780915425e-147,"20","PROM1"
"TMEM212",1.12721496207347e-151,3.19835426411943,0.01,0.002,3.67877875022299e-147,"20","TMEM212"
"LINC00113",3.07524745526316e-151,2.07382018326352,0.026,0.007,1.00363775949969e-146,"20","LINC00113"
"C1orf87",6.00892693042209e-151,3.37195251807695,0.01,0.001,1.96107339301255e-146,"20","C1orf87"
"AC096639.1",7.63501609593749e-151,2.63776777774503,0.013,0.002,2.49176385307016e-146,"20","AC096639.1"
"AC005394.11",1.20098100210242e-150,2.78184480948515,0.013,0.002,3.91952159846145e-146,"20","AC005394.1"
"AC021683.3",2.23504623238941e-150,2.44792443229632,0.013,0.002,7.29429688402608e-146,"20","AC021683.3"
"TAC1",4.37533419031351e-150,2.08111320750327,0.019,0.005,1.42793406635072e-145,"20","TAC1"
"AP000561.1",1.01724865557933e-149,2.16093114697733,0.024,0.007,3.3198927123487e-145,"20","AP000561.1"
"AC004835.1",7.12240899632374e-149,2.10303588661299,0.017,0.004,2.32446940004022e-144,"20","AC004835.1"
"AC130456.2",8.19403320257482e-149,2.34611685710241,0.014,0.003,2.67420467599232e-144,"20","AC130456.2"
"LINC02057",1.19013891881831e-148,2.79038032593323,0.011,0.002,3.88413737545543e-144,"20","LINC02057"
"AC079362.1",4.49816482015337e-148,2.66004975489945,0.013,0.002,1.46802107070525e-143,"20","AC079362.1"
"LINC00469",6.43230478497353e-148,2.54283195054783,0.01,0.002,2.09924698962396e-143,"20","LINC00469"
"EXD1",7.24456383984298e-148,2.11901773311818,0.02,0.005,2.36433585477115e-143,"20","EXD1"
"AC013448.1",1.48984713301877e-147,2.93252305923636,0.011,0.002,4.86226510332007e-143,"20","AC013448.1"
"AC087269.1",1.00621241896976e-146,2.57584569174727,0.011,0.002,3.2838748505497e-142,"20","AC087269.1"
"AC022166.1",6.17486461845045e-146,2.71087730721572,0.011,0.002,2.01522881687749e-141,"20","AC022166.1"
"AC009387.1",1.46993335802886e-145,2.5109793926342,0.011,0.002,4.79727450726298e-141,"20","AC009387.1"
"TMPRSS11F",3.19131206370732e-145,2.07427552680555,0.016,0.004,1.04151660511152e-140,"20","TMPRSS11F"
"FO393415.1",3.96862523323967e-145,2.03594645903815,0.017,0.004,1.2952005311201e-140,"20","FO393415.1"
"LINC014461",7.15887085405162e-145,2.42590352965459,0.013,0.003,2.33636909192829e-140,"20","LINC01446"
"LINC00499",1.97125607412016e-144,2.21556843627644,0.023,0.006,6.43339132349857e-140,"20","LINC00499"
"OR56A1",8.59480851176833e-144,2.70668793930318,0.012,0.002,2.80500170590071e-139,"20","OR56A1"
"AC093835.1",2.50315284422215e-143,2.1380822442147,0.014,0.003,8.1692896224034e-139,"20","AC093835.1"
"WNT21",3.25180395031565e-143,2.73323254082796,0.011,0.002,1.06125873722501e-138,"20","WNT2"
"TRPM8",6.96614402707212e-143,2.38581906296202,0.016,0.003,2.27347076467526e-138,"20","TRPM8"
"LINC01865",6.17864927076995e-142,2.52741150392978,0.01,0.001,2.01646397600848e-137,"20","LINC01865"
"OIT3",2.16006535352884e-141,2.11337769038148,0.014,0.003,7.04958928777672e-137,"20","OIT3"
"ATP13A5",4.05509488160972e-141,2.72211171297087,0.013,0.002,1.32342076556215e-136,"20","ATP13A5"
"AC137761.1",1.95634829983589e-140,2.27778771884599,0.014,0.003,6.38473831134441e-136,"20","AC137761.1"
"LINC00520",2.33515567165967e-140,2.07662926366878,0.018,0.004,7.62101405002849e-136,"20","LINC00520"
"AC010789.1",1.3547358169384e-139,2.34384244646109,0.013,0.003,4.42131581216016e-135,"20","AC010789.1"
"ANXA13",3.08220729423938e-139,2.00892540263697,0.018,0.004,1.00590917254796e-134,"20","ANXA13"
"AL133516.1",2.0860917975897e-138,2.03277282269788,0.02,0.005,6.80816919061373e-134,"20","AL133516.1"
"AC090592.1",2.53955568850987e-138,3.19218965139634,0.01,0.001,8.28809394502083e-134,"20","AC090592.1"
"WNT8A",3.39434672963641e-137,2.36625644353326,0.013,0.002,1.10777899868414e-132,"20","WNT8A"
"FAM9B",3.24184117538729e-136,2.74239760490837,0.012,0.002,1.0580072859994e-131,"20","FAM9B"
"AC073176.3",4.2318129099689e-136,2.47634141274432,0.012,0.002,1.38109446129745e-131,"20","AC073176.3"
"TGM3",1.1364907730185e-135,2.72362160573883,0.01,0.002,3.70905128682319e-131,"20","TGM3"
"LINC00927",1.86655449096883e-135,2.55399706952438,0.013,0.002,6.09168723672586e-131,"20","LINC00927"
"LRRC72",2.23179004431259e-135,3.18074791290683,0.01,0.002,7.28366998861856e-131,"20","LRRC72"
"LINC01205",1.11916320928013e-134,3.03475425554157,0.011,0.002,3.65250104980663e-130,"20","LINC01205"
"AL050338.1",2.67934110639698e-134,2.35134449760861,0.01,0.002,8.7442976348372e-130,"20","AL050338.1"
"NXF5",6.83368877156207e-134,2.01081263199909,0.016,0.004,2.230242667487e-129,"20","NXF5"
"TEX49",1.00149387513522e-133,2.26004852310184,0.016,0.004,3.26847541089131e-129,"20","TEX49"
"C10orf67",1.08624019062767e-133,2.03860229833204,0.017,0.004,3.54505348613246e-129,"20","C10orf67"
"ALX1",5.13901096239386e-133,2.13629015051913,0.025,0.008,1.67716761768686e-128,"20","ALX1"
"LINC01606",5.73048350035927e-132,3.31283191278928,0.01,0.002,1.87020059517725e-127,"20","LINC01606"
"AC015983.2",1.30403189974515e-131,2.32430751490688,0.011,0.002,4.25583850800828e-127,"20","AC015983.2"
"AC012499.1",2.2783714047668e-131,2.41842586226684,0.016,0.004,7.43569291659693e-127,"20","AC012499.1"
"CCDC168",3.70474767880169e-131,2.58112605673238,0.012,0.002,1.20908145245372e-126,"20","CCDC168"
"AC091939.1",4.7793155053195e-131,2.06387437229556,0.018,0.005,1.55977740831607e-126,"20","AC091939.1"
"AC105389.2",8.29882273648313e-131,2.14378724435546,0.013,0.003,2.70840378827864e-126,"20","AC105389.2"
"LINC01673",3.16715738176173e-130,2.43341643051252,0.018,0.004,1.03363348311176e-125,"20","LINC01673"
"LINC01663",4.09030785554876e-130,2.27979379477781,0.015,0.004,1.33491287173689e-125,"20","LINC01663"
"AC009478.1",5.55942707834919e-130,2.04067585465089,0.02,0.005,1.81437462129004e-125,"20","AC009478.1"
"MUC13",7.12975341803106e-130,2.41476844031604,0.011,0.002,2.32686632550862e-125,"20","MUC13"
"CPNE6",2.04812320194804e-129,2.14686496222554,0.019,0.005,6.68425488187763e-125,"20","CPNE6"
"MYBPC1",2.74333245228253e-129,2.72476972501004,0.017,0.004,8.95313979126927e-125,"20","MYBPC1"
"AC098828.3",4.0694019232253e-129,3.03956973843438,0.01,0.002,1.32809001166381e-124,"20","AC098828.3"
"TEKT5",5.32192832998742e-129,2.17097632343994,0.017,0.004,1.73686452977469e-124,"20","TEKT5"
"CLRN1-AS1",5.55622003450005e-129,2.10453150812266,0.016,0.004,1.81332797045944e-124,"20","CLRN1-AS1"
"HSD17B6",6.62579312501017e-129,2.28114501852035,0.02,0.006,2.16239384427832e-124,"20","HSD17B6"
"NOX1",8.81558197189817e-129,2.35849944425092,0.013,0.003,2.87705333234869e-124,"20","NOX1"
"HNF4A",2.06793671490425e-128,2.32061568737979,0.015,0.003,6.74891826276151e-124,"20","HNF4A"
"AC022140.1",6.08284497122861e-128,2.36192271325,0.015,0.003,1.98519728481017e-123,"20","AC022140.1"
"NLRP9",9.12683374632244e-128,2.10943834224078,0.013,0.003,2.97863346144979e-123,"20","NLRP9"
"AL500522.1",1.60293423277412e-127,2.51613374486511,0.01,0.002,5.23133616208161e-123,"20","AL500522.1"
"AC022017.1",5.50271666792406e-127,2.32393097887617,0.01,0.002,1.7958666117437e-122,"20","AC022017.1"
"AC004969.1",2.66424434603874e-126,2.05856630066539,0.011,0.002,8.69502784773202e-122,"20","AC004969.1"
"MORC1",5.05562385409198e-126,2.6310918242528,0.016,0.004,1.64995340102146e-121,"20","MORC1"
"LEP",5.68274303549062e-125,2.05807781429876,0.013,0.003,1.85462001706272e-120,"20","LEP"
"AL157884.2",6.37600926751127e-125,2.2913528896119,0.011,0.002,2.08087438454498e-120,"20","AL157884.2"
"AC010511.1",1.93522032214891e-124,2.35583662012912,0.014,0.003,6.31578504336519e-120,"20","AC010511.1"
"AC087463.11",4.3272993104539e-124,2.25558157498343,0.012,0.002,1.41225740295973e-119,"20","AC087463.1"
"AC096759.2",1.03108581718396e-123,2.25119991593605,0.011,0.002,3.36505167296158e-119,"20","AC096759.2"
"CRYGB",1.09038072077154e-123,2.11924862808146,0.011,0.002,3.55856652030998e-119,"20","CRYGB"
"PIWIL3",1.21712228635796e-123,2.5204842903528,0.011,0.002,3.97220029375784e-119,"20","PIWIL3"
"SYCP1",1.44359893952144e-123,2.46653152642961,0.014,0.003,4.71132949902217e-119,"20","SYCP1"
"LINC01495",2.168383233079e-123,2.19111417527381,0.011,0.002,7.07673551947663e-119,"20","LINC01495"
"GAD2",1.39065286074291e-121,2.08719453461843,0.014,0.003,4.53853467632057e-117,"20","GAD2"
"TTC39A-AS1",1.95446075017015e-121,2.04885396086633,0.013,0.003,6.37857810425531e-117,"20","TTC39A-AS1"
"SIM2",2.06117067125963e-121,2.03234907017654,0.016,0.004,6.72683660272291e-117,"20","SIM2"
"LINC01850",3.11095007394957e-121,2.54705190528768,0.011,0.002,1.01528966613418e-116,"20","LINC01850"
"AC090376.1",7.23987012965386e-121,2.53748567142887,0.01,0.002,2.36280401551384e-116,"20","AC090376.1"
"LINC01350",2.20098480046196e-120,2.64617105896181,0.01,0.002,7.18313399478765e-116,"20","LINC01350"
"CCDC39-ENSG00000145075",3.58176673642029e-120,2.18636751829925,0.01,0.002,1.16894539209813e-115,"20","CCDC39-ENSG00000145075"
"LPO",4.60691618100214e-120,2.27857156759998,0.015,0.004,1.50351316483186e-115,"20","LPO"
"LINC01068",2.47615005789971e-119,2.31701526745291,0.015,0.004,8.0811633289615e-115,"20","LINC01068"
"AC096588.1",3.98418044102659e-119,2.56122326377085,0.013,0.003,1.30027712873344e-114,"20","AC096588.1"
"KLHL31",1.13046564772234e-118,2.56494346142633,0.012,0.002,3.68938768790664e-114,"20","KLHL31"
"AL138826.1",6.50960856042554e-118,2.99540043158347,0.01,0.002,2.12447584978048e-113,"20","AL138826.1"
"ABCB111",1.51100677632584e-117,2.39139888274054,0.015,0.004,4.93132171521703e-113,"20","ABCB11"
"PITX1",1.64133875350661e-117,2.15820715680902,0.011,0.002,5.35667315594418e-113,"20","PITX1"
"AKAIN1",2.30443901647256e-117,3.0888673888722,0.012,0.003,7.52076717415984e-113,"20","AKAIN1"
"DAB1-AS1",4.84886456213555e-117,2.2483335176815,0.01,0.002,1.58247543849856e-112,"20","DAB1-AS1"
"LINC01793",7.15538422071749e-117,2.38132164293069,0.015,0.004,2.33523119427336e-112,"20","LINC01793"
"AC003988.1",1.05331355519609e-116,2.31386153357701,0.013,0.003,3.43759411873796e-112,"20","AC003988.1"
"HMSD",1.85196493987603e-116,2.17128381270962,0.014,0.003,6.0440727777794e-112,"20","HMSD"
"AC073062.1",4.43638329425868e-116,2.13944860013112,0.022,0.007,1.44785805191426e-111,"20","AC073062.1"
"DMRT1",6.43211934419661e-116,2.50794001917953,0.011,0.002,2.09918646917201e-111,"20","DMRT1"
"AL138767.3",8.00977819821879e-116,2.28894149328783,0.013,0.003,2.61407121277068e-111,"20","AL138767.3"
"LINC00964",2.3219894172595e-115,2.10979863250884,0.018,0.005,7.57804466216811e-111,"20","LINC00964"
"AC117377.1",2.52659784974568e-115,2.09637973165464,0.013,0.003,8.24580474243e-111,"20","AC117377.1"
"SPATA48",3.0941367504267e-115,2.58751853465211,0.011,0.002,1.00980246986926e-110,"20","SPATA48"
"COL9A11",5.80228555000678e-115,2.25945786806444,0.023,0.007,1.89363391210021e-110,"20","COL9A1"
"TSPAN19",3.73652895077148e-113,2.25856213425016,0.02,0.006,1.21945358837378e-108,"20","TSPAN19"
"AL136084.2",3.97061256516394e-113,2.13974762336259,0.01,0.002,1.2958491167669e-108,"20","AL136084.2"
"AL358075.2",8.5733329771848e-113,2.41061353384054,0.017,0.005,2.79799295043403e-108,"20","AL358075.2"
"OR9Q1",1.19110455271518e-112,2.19324038853672,0.017,0.004,3.88728881824126e-108,"20","OR9Q1"
"TEX36",3.30950055625552e-112,2.12971983510048,0.018,0.005,1.08008860153955e-107,"20","TEX36"
"AL138974.1",4.64953831598307e-112,2.34374658859835,0.011,0.002,1.51742332480423e-107,"20","AL138974.1"
"GALNT51",8.53457089816974e-112,2.05308607418354,0.013,0.003,2.78534255832667e-107,"20","GALNT5"
"AC005865.1",1.56327070451659e-111,2.25725747838899,0.01,0.002,5.10189027126036e-107,"20","AC005865.1"
"LINC01594",2.36516140332223e-111,2.6692336788508,0.01,0.002,7.71894075588243e-107,"20","LINC01594"
"SHCBP1L",4.92181898325744e-111,2.87103630789345,0.013,0.003,1.6062848433759e-106,"20","SHCBP1L"
"AC002101.1",7.38886292494273e-111,2.15274942186956,0.01,0.002,2.41142930418431e-106,"20","AC002101.1"
"AC093639.1",8.22457857987363e-111,2.98492160627683,0.011,0.002,2.68417346532756e-106,"20","AC093639.1"
"AC025366.1",9.52359235936215e-111,2.53545075485181,0.01,0.002,3.10811960240143e-106,"20","AC025366.1"
"AC079354.1",1.35179850439929e-110,2.10072377048966,0.013,0.003,4.41172959895751e-106,"20","AC079354.1"
"DAW1",1.64786512409165e-110,2.71246961417839,0.011,0.002,5.37797261898552e-106,"20","DAW1"
"LINC02293",3.99196716966233e-110,2.76292221069631,0.01,0.002,1.302818405491e-105,"20","LINC02293"
"SLC15A1",5.08949288216659e-110,2.03125679256823,0.013,0.003,1.66100689702389e-105,"20","SLC15A1"
"CR786580.1",8.91448071476036e-109,2.03941718418462,0.013,0.003,2.90932992606919e-104,"20","CR786580.1"
"HTR5A",9.23919367444986e-108,2.09669356176516,0.013,0.003,3.01530324759346e-103,"20","HTR5A"
"AL354754.1",1.63627284928157e-107,2.02423783973149,0.01,0.002,5.34014007091534e-103,"20","AL354754.1"
"LCT",1.67776571718923e-107,2.21829778524831,0.012,0.003,5.47555619461877e-103,"20","LCT"
"AL031674.1",2.03717348907713e-107,2.29677920833754,0.01,0.002,6.64851939895212e-103,"20","AL031674.1"
"SLC5A1",3.15889204941632e-107,2.02513264891147,0.012,0.003,1.03093600924751e-102,"20","SLC5A1"
"LINC01641",6.74584663398332e-107,2.46065849271051,0.01,0.002,2.2015745074668e-102,"20","LINC01641"
"GLYAT",1.44702696074664e-106,2.26202220421737,0.014,0.003,4.72251718909272e-102,"20","GLYAT"
"AC129807.1",2.9922416252181e-106,2.85235421811126,0.01,0.002,9.76547976806179e-102,"20","AC129807.1"
"AC079584.1",7.29375951873356e-106,2.34425586006978,0.01,0.002,2.38039135653388e-101,"20","AC079584.1"
"COL6A5",8.14293088794362e-106,3.42304117420119,0.01,0.002,2.65752692458928e-101,"20","COL6A5"
"CD741",0,3.0549520660586,0.891,0.138,0,"3","CD74"
"BANK1",0,7.49896318276759,0.69,0.025,0,"3","BANK1"
"HLA-DRA1",0,2.7581491923502,0.723,0.092,0,"3","HLA-DRA"
"PTPRC2",0,2.63326073286809,0.726,0.103,0,"3","PTPRC"
"MEF2C1",0,2.86302842245654,0.723,0.166,0,"3","MEF2C"
"RIPOR21",0,3.89667753585,0.641,0.094,0,"3","RIPOR2"
"MS4A1",0,9.2082574424457,0.544,0.002,0,"3","MS4A1"
"ARHGAP152",0,2.60833892388704,0.706,0.166,0,"3","ARHGAP15"
"ADAM281",0,4.84440046844521,0.579,0.039,0,"3","ADAM28"
"LYN1",0,4.09036606511807,0.613,0.078,0,"3","LYN"
"IGHM",0,7.59576554935701,0.498,0.002,0,"3","IGHM"
"RCSD11",0,4.65305359420894,0.543,0.048,0,"3","RCSD1"
"DOCK82",0,3.04412141102423,0.59,0.098,0,"3","DOCK8"
"PRKCB",0,3.6646851031413,0.699,0.212,0,"3","PRKCB"
"STK17B2",0,3.14867323945409,0.581,0.099,0,"3","STK17B"
"HLA-DRB11",0,2.47010843950155,0.562,0.086,0,"3","HLA-DRB1"
"LINC00926",0,7.4080335953155,0.483,0.013,0,"3","LINC00926"
"HLA-DQA11",0,3.62500739545429,0.513,0.044,0,"3","HLA-DQA1"
"BLK",0,7.6442490552951,0.472,0.007,0,"3","BLK"
"HLA-DPB11",0,2.70769439552824,0.534,0.072,0,"3","HLA-DPB1"
"INPP5D2",0,3.32256171638768,0.545,0.084,0,"3","INPP5D"
"CD372",0,4.59294457914614,0.502,0.041,0,"3","CD37"
"SP1001",0,2.84749915170999,0.599,0.141,0,"3","SP100"
"WDFY41",0,5.72849041892654,0.466,0.023,0,"3","WDFY4"
"MARCH11",0,3.05596564925126,0.581,0.144,0,"3","MARCH1"
"IKZF11",0,3.19351745971583,0.489,0.054,0,"3","IKZF1"
"CD532",0,3.39735570703069,0.491,0.058,0,"3","CD53"
"CXCR42",0,2.99777356315957,0.51,0.085,0,"3","CXCR4"
"CD831",0,4.07531078482874,0.481,0.056,0,"3","CD83"
"FCRL1",0,9.27067218594545,0.425,0.002,0,"3","FCRL1"
"HLA-DPA11",0,2.14850416434162,0.489,0.07,0,"3","HLA-DPA1"
"SYK1",0,4.30434483390441,0.451,0.035,0,"3","SYK"
"SEL1L3",0,3.89082110215949,0.511,0.098,0,"3","SEL1L3"
"LAPTM52",0,2.81611524397395,0.487,0.075,0,"3","LAPTM5"
"ST6GAL11",0,2.96159324862004,0.586,0.174,0,"3","ST6GAL1"
"DOCK22",0,3.08210496689244,0.506,0.095,0,"3","DOCK2"
"HLA-DQB11",0,3.46166230317488,0.463,0.053,0,"3","HLA-DQB1"
"IGKC",0,7.81679290068988,0.418,0.01,0,"3","IGKC"
"RHOH1",0,3.75333068284262,0.444,0.038,0,"3","RHOH"
"BCL11A",0,4.42970089569807,0.487,0.087,0,"3","BCL11A"
"CIITA1",0,4.05602143986259,0.449,0.05,0,"3","CIITA"
"TNFAIP81",0,3.33275146051912,0.469,0.074,0,"3","TNFAIP8"
"CD79B",0,6.97069294151064,0.399,0.008,0,"3","CD79B"
"IKZF31",0,4.94330634259334,0.4,0.017,0,"3","IKZF3"
"ANKRD441",0,3.02247348840875,0.74,0.361,0,"3","ANKRD44"
"PAX5",0,8.10327271842325,0.383,0.006,0,"3","PAX5"
"SP1401",0,4.61007904682315,0.407,0.031,0,"3","SP140"
"PLCG21",0,2.96371202400062,0.523,0.151,0,"3","PLCG2"
"GNG7",0,3.87078565667183,0.437,0.066,0,"3","GNG7"
"TMEM1561",0,4.51951117600792,0.396,0.026,0,"3","TMEM156"
"VAV31",0,3.4951612982304,0.429,0.062,0,"3","VAV3"
"APBB1IP2",0,3.11742971896338,0.424,0.058,0,"3","APBB1IP"
"STK41",0,2.37491988529159,0.578,0.212,0,"3","STK4"
"SP1101",0,3.2923909866518,0.434,0.072,0,"3","SP110"
"FAM129C",0,7.48098243439999,0.364,0.006,0,"3","FAM129C"
"SMAP22",0,2.86956937059949,0.514,0.164,0,"3","SMAP2"
"STX7",0,3.2285551598897,0.515,0.166,0,"3","STX7"
"RALGPS2",0,3.27977228899759,0.61,0.262,0,"3","RALGPS2"
"CHST111",0,2.39484808062658,0.543,0.196,0,"3","CHST11"
"ARHGAP241",0,2.54469517870802,0.542,0.196,0,"3","ARHGAP24"
"CYTIP2",0,3.05996455109756,0.383,0.045,0,"3","CYTIP"
"CYBA2",0,2.29667540573446,0.431,0.093,0,"3","CYBA"
"LTB1",0,3.49604152621257,0.361,0.026,0,"3","LTB"
"AFF3",0,3.30967375894813,0.719,0.391,0,"3","AFF3"
"MBNL11",0,2.02457748939474,0.744,0.418,0,"3","MBNL1"
"AC120193.1",0,3.1878988520805,0.461,0.135,0,"3","AC120193.1"
"BLNK",0,5.77269834184004,0.339,0.013,0,"3","BLNK"
"NCOA3",0,2.55570185417822,0.556,0.232,0,"3","NCOA3"
"ITPR1",0,2.82558737384695,0.489,0.165,0,"3","ITPR1"
"AC004687.12",0,4.26220850053057,0.346,0.023,0,"3","AC004687.1"
"CD692",0,3.52649213351772,0.355,0.035,0,"3","CD69"
"CLEC2D1",0,2.69376978516683,0.427,0.109,0,"3","CLEC2D"
"IRF81",0,4.84525773909804,0.342,0.024,0,"3","IRF8"
"STK17A1",0,2.6643202566755,0.467,0.15,0,"3","STK17A"
"CD79A",0,8.29556003046689,0.319,0.002,0,"3","CD79A"
"ADAM19",0,3.15778878269145,0.438,0.122,0,"3","ADAM19"
"FLI12",0,2.42451339838548,0.401,0.087,0,"3","FLI1"
"CARD111",0,3.97688889196406,0.347,0.033,0,"3","CARD11"
"REL",0,2.46075298223012,0.487,0.174,0,"3","REL"
"CD522",0,3.48170839675255,0.345,0.034,0,"3","CD52"
"FCMR1",0,4.70876820488816,0.323,0.014,0,"3","FCMR"
"NCF12",0,4.64896348848264,0.326,0.02,0,"3","NCF1"
"CD22",0,6.89878068988751,0.312,0.006,0,"3","CD22"
"OSBPL10",0,3.5885492178097,0.435,0.13,0,"3","OSBPL10"
"CCND31",0,2.57745912943195,0.45,0.149,0,"3","CCND3"
"SELL1",0,3.84983907712146,0.325,0.024,0,"3","SELL"
"PARP141",0,2.24306541113844,0.43,0.134,0,"3","PARP14"
"SWAP702",0,2.68386505561921,0.439,0.144,0,"3","SWAP70"
"HLA-DRB51",0,2.27402493444373,0.347,0.052,0,"3","HLA-DRB5"
"CTSS1",0,2.05976403108228,0.373,0.079,0,"3","CTSS"
"PLEKHA21",0,2.97440756448185,0.394,0.102,0,"3","PLEKHA2"
"TMEM131L1",0,2.75943218556719,0.469,0.181,0,"3","TMEM131L"
"ITGA41",0,2.97328350326352,0.33,0.046,0,"3","ITGA4"
"FCHSD2",0,2.72261455076186,0.684,0.401,0,"3","FCHSD2"
"HLA-DMB1",0,3.33460504954669,0.319,0.037,0,"3","HLA-DMB"
"RUBCNL",0,4.77705579472796,0.315,0.033,0,"3","RUBCNL"
"STRBP",0,2.97368860218092,0.488,0.21,0,"3","STRBP"
"CDC42SE21",0,2.10209102627461,0.576,0.302,0,"3","CDC42SE2"
"P2RY82",0,2.89051045523812,0.321,0.05,0,"3","P2RY8"
"LY861",0,4.14689426280283,0.298,0.027,0,"3","LY86"
"PDE7A1",0,2.51925016515776,0.538,0.271,0,"3","PDE7A"
"PIK3AP11",0,3.81704775195429,0.298,0.032,0,"3","PIK3AP1"
"PARP151",0,5.21217511586157,0.275,0.011,0,"3","PARP15"
"TMEM1542",0,4.86218338383098,0.279,0.016,0,"3","TMEM154"
"BIRC32",0,3.40991172896388,0.302,0.039,0,"3","BIRC3"
"ARID5B",0,2.06467896449714,0.474,0.211,0,"3","ARID5B"
"LCP12",0,2.61969908072073,0.347,0.086,0,"3","LCP1"
"TNFRSF13C",0,6.50757255835228,0.268,0.007,0,"3","TNFRSF13C"
"PLAC82",0,4.34204948581664,0.278,0.019,0,"3","PLAC8"
"PPP1R16B3",0,2.76965464478616,0.355,0.098,0,"3","PPP1R16B"
"MAP3K1",0,2.46020826816766,0.395,0.139,0,"3","MAP3K1"
"IGHD",0,9.4033841427751,0.256,0.001,0,"3","IGHD"
"ARHGAP251",0,2.99068179605723,0.297,0.047,0,"3","ARHGAP25"
"CD482",0,3.49864402201723,0.277,0.032,0,"3","CD48"
"SNX29",0,2.41311945111963,0.527,0.283,0,"3","SNX29"
"HVCN1",0,3.84056843440927,0.306,0.065,0,"3","HVCN1"
"SIPA1L3",0,2.67054693141401,0.461,0.221,0,"3","SIPA1L3"
"DAPP11",0,5.12587588262593,0.249,0.011,0,"3","DAPP1"
"TRAF3IP31",0,3.37713579116949,0.265,0.029,0,"3","TRAF3IP3"
"KHDRBS2",0,3.27478331785049,0.339,0.104,0,"3","KHDRBS2"
"PTK2B2",0,2.80374135886104,0.311,0.077,0,"3","PTK2B"
"EZR",0,2.39876021216637,0.379,0.147,0,"3","EZR"
"TRIM381",0,2.89192464614917,0.283,0.052,0,"3","TRIM38"
"UVRAG",0,2.16738990830722,0.536,0.309,0,"3","UVRAG"
"POU2AF1",0,6.77061311645334,0.229,0.003,0,"3","POU2AF1"
"GPR1831",0,2.89366273050174,0.27,0.045,0,"3","GPR183"
"TBC1D22A",0,2.10073885661923,0.547,0.322,0,"3","TBC1D22A"
"COBLL12",0,2.20723508009105,0.305,0.08,0,"3","COBLL1"
"VPREB3",0,7.44462901508509,0.227,0.003,0,"3","VPREB3"
"C12orf421",0,5.05605233510013,0.241,0.017,0,"3","C12orf42"
"LRMP1",0,3.58541563201203,0.254,0.033,0,"3","LRMP"
"NCKAP1L2",0,3.13650814875501,0.258,0.037,0,"3","NCKAP1L"
"KYNU1",0,2.73465071850277,0.256,0.036,0,"3","KYNU"
"SNX2",0,2.38081577554357,0.428,0.208,0,"3","SNX2"
"HSH2D1",0,4.79736693647171,0.229,0.01,0,"3","HSH2D"
"FGD21",0,3.91639419736017,0.236,0.019,0,"3","FGD2"
"FCRL2",0,9.25143471279283,0.215,0.001,0,"3","FCRL2"
"LY91",0,4.69514910879198,0.224,0.011,0,"3","LY9"
"STAP1",0,6.90170023262919,0.217,0.004,0,"3","STAP1"
"CNR2",0,6.32953001955382,0.217,0.005,0,"3","CNR2"
"AKNA1",0,2.59146641137821,0.266,0.055,0,"3","AKNA"
"MBP1",0,2.18890189376164,0.334,0.123,0,"3","MBP"
"SKAP2",0,2.14909075169615,0.318,0.109,0,"3","SKAP2"
"MCTP21",0,3.01164643487295,0.268,0.061,0,"3","MCTP2"
"TRIM221",0,2.29593773621107,0.28,0.074,0,"3","TRIM22"
"CR11",0,4.02021287380834,0.226,0.02,0,"3","CR1"
"KIAA15511",0,2.12017086546797,0.349,0.143,0,"3","KIAA1551"
"TMEM2431",0,2.54080735124059,0.306,0.102,0,"3","TMEM243"
"TPD52",0,2.89196243783606,0.356,0.152,0,"3","TPD52"
"ALOX51",0,3.71036807991533,0.234,0.031,0,"3","ALOX5"
"TRAF5",0,2.86494559843703,0.297,0.095,0,"3","TRAF5"
"ACAP11",0,2.65551368131062,0.24,0.039,0,"3","ACAP1"
"HERPUD11",0,2.24789053865135,0.382,0.184,0,"3","HERPUD1"
"CCR71",0,3.40705107543027,0.214,0.016,0,"3","CCR7"
"ARAP22",0,2.07352233044968,0.265,0.068,0,"3","ARAP2"
"TMC81",0,3.04665858896688,0.224,0.027,0,"3","TMC8"
"GGA2",0,2.50521927400221,0.346,0.149,0,"3","GGA2"
"TAGAP2",0,3.22360562314639,0.228,0.033,0,"3","TAGAP"
"USP6NL",0,2.53735064088339,0.303,0.109,0,"3","USP6NL"
"SMAD31",0,2.28382336685723,0.272,0.08,0,"3","SMAD3"
"ATP2A32",0,3.43100094713026,0.228,0.036,0,"3","ATP2A3"
"SIDT11",0,3.14502233926108,0.24,0.049,0,"3","SIDT1"
"GSAP",0,2.41265263383277,0.307,0.118,0,"3","GSAP"
"RHBDF21",0,2.94027089923738,0.233,0.044,0,"3","RHBDF2"
"HLA-F1",0,2.23339798539263,0.259,0.071,0,"3","HLA-F"
"CORO1A3",0,2.48229489275492,0.236,0.049,0,"3","CORO1A"
"KLF21",0,2.38431970058305,0.263,0.077,0,"3","KLF2"
"TBC1D11",0,2.16868452154817,0.302,0.117,0,"3","TBC1D1"
"SHISAL2A1",0,4.25842204023348,0.203,0.019,0,"3","SHISAL2A"
"STIM2",0,2.17513545237106,0.349,0.165,0,"3","STIM2"
"HCLS12",0,2.36428050866191,0.235,0.052,0,"3","HCLS1"
"PREX12",0,2.27537511593539,0.247,0.064,0,"3","PREX1"
"DRAM2",0,2.52715771206898,0.313,0.131,0,"3","DRAM2"
"EMB1",0,2.41842513057246,0.258,0.076,0,"3","EMB"
"AC119396.11",0,3.55441922764743,0.225,0.043,0,"3","AC119396.1"
"IGLC2",0,7.6979631118464,0.183,0.002,0,"3","IGLC2"
"CCDC88C1",0,2.61765273263767,0.24,0.06,0,"3","CCDC88C"
"C22orf342",0,2.40880796700738,0.242,0.062,0,"3","C22orf34"
"SP140L1",0,2.99381462299391,0.221,0.043,0,"3","SP140L"
"AP002075.1",0,2.94945000538829,0.295,0.118,0,"3","AP002075.1"
"IFNG-AS11",0,3.94984498630266,0.189,0.014,0,"3","IFNG-AS1"
"COL19A1",0,2.46849610227227,0.401,0.228,0,"3","COL19A1"
"RAC23",0,2.86727381909601,0.2,0.027,0,"3","RAC2"
"AC114760.21",0,2.67585214474457,0.202,0.03,0,"3","AC114760.2"
"ERAP21",0,2.6797617188256,0.231,0.059,0,"3","ERAP2"
"RABEP2",0,3.7637234137565,0.208,0.038,0,"3","RABEP2"
"ATP8B1",0,2.02248221383009,0.388,0.219,0,"3","ATP8B1"
"ZCCHC7",0,2.05849437344148,0.602,0.435,0,"3","ZCCHC7"
"MCOLN21",0,4.32418264897171,0.178,0.012,0,"3","MCOLN2"
"CD401",0,3.89633256615503,0.188,0.023,0,"3","CD40"
"ENTPD12",0,2.05392169073828,0.244,0.08,0,"3","ENTPD1"
"MEF2C-AS11",0,2.45403393240431,0.233,0.071,0,"3","MEF2C-AS1"
"RAB11FIP1",0,2.96039172010939,0.217,0.055,0,"3","RAB11FIP1"
"SMIM14",0,2.02558612791949,0.374,0.213,0,"3","SMIM14"
"FAM196B1",0,3.04127741492996,0.203,0.043,0,"3","FAM196B"
"VAV12",0,3.02753422719004,0.19,0.03,0,"3","VAV1"
"ISG202",0,2.12106709607792,0.206,0.046,0,"3","ISG20"
"LSP13",0,2.29763617099145,0.202,0.043,0,"3","LSP1"
"PIK3CD1",0,2.63418578657561,0.233,0.075,0,"3","PIK3CD"
"BTLA1",0,5.82320044512699,0.163,0.005,0,"3","BTLA"
"CTSH1",0,2.03564118153405,0.217,0.06,0,"3","CTSH"
"PIK3R52",0,2.26756561916579,0.198,0.041,0,"3","PIK3R5"
"LINC02397",0,8.27337878256797,0.158,0.001,0,"3","LINC02397"
"LY86-AS1",0,5.135103660628,0.163,0.007,0,"3","LY86-AS1"
"FAM214A",0,2.02863566554139,0.357,0.201,0,"3","FAM214A"
"KLHL62",0,2.78513516422046,0.186,0.032,0,"3","KLHL6"
"BTK1",0,4.61865240213276,0.167,0.013,0,"3","BTK"
"RAB30",0,2.50285943803511,0.323,0.169,0,"3","RAB30"
"CRYBG11",0,2.38424980860906,0.219,0.066,0,"3","CRYBG1"
"CD821",0,3.15818922109178,0.181,0.029,0,"3","CD82"
"NFKBID1",0,2.85380303218059,0.191,0.039,0,"3","NFKBID"
"TLR10",0,7.14235859866947,0.154,0.002,0,"3","TLR10"
"CMTM71",0,2.14691421282585,0.234,0.084,0,"3","CMTM7"
"IL4R1",0,2.57748622072867,0.216,0.066,0,"3","IL4R"
"RASGRP21",0,2.96974089554807,0.198,0.05,0,"3","RASGRP2"
"VRK2",0,2.21553428321492,0.244,0.096,0,"3","VRK2"
"CLEC17A",0,7.17218248569917,0.15,0.002,0,"3","CLEC17A"
"AP001636.3",0,4.82360710340804,0.159,0.011,0,"3","AP001636.3"
"LRRK21",0,2.74794664312288,0.191,0.044,0,"3","LRRK2"
"PIP5K1B1",0,3.04059472280898,0.183,0.037,0,"3","PIP5K1B"
"RHEX",0,5.29201404012747,0.159,0.015,0,"3","RHEX"
"RHBDD1",0,2.29032039365559,0.287,0.144,0,"3","RHBDD1"
"CCR61",0,5.1781084772008,0.15,0.008,0,"3","CCR6"
"UCP22",0,2.71881814394635,0.182,0.042,0,"3","UCP2"
"LIMD1",0,2.50714713575765,0.198,0.06,0,"3","LIMD1"
"AL157402.21",0,3.33442400188133,0.152,0.014,0,"3","AL157402.2"
"IGHG3",0,8.1807727695857,0.138,0.001,0,"3","IGHG3"
"FAM30A",0,6.624301082115,0.14,0.003,0,"3","FAM30A"
"AIM2",0,4.56862986769685,0.148,0.011,0,"3","AIM2"
"BCAS4",0,2.99548582075297,0.191,0.055,0,"3","BCAS4"
"IQSEC1",0,2.16165657015861,0.315,0.18,0,"3","IQSEC1"
"EVI2B2",0,3.05140680629378,0.157,0.022,0,"3","EVI2B"
"RASGRP32",0,2.01473496755198,0.193,0.059,0,"3","RASGRP3"
"TPK1",0,2.09188911125971,0.263,0.129,0,"3","TPK1"
"SYNGR21",0,2.35631962178243,0.218,0.084,0,"3","SYNGR2"
"ANGPTL1",0,2.25179537497755,0.254,0.12,0,"3","ANGPTL1"
"CXCR51",0,5.28872903280537,0.139,0.005,0,"3","CXCR5"
"ARHGAP302",0,2.75805115692659,0.168,0.035,0,"3","ARHGAP30"
"LRRK11",0,2.44703800443812,0.195,0.062,0,"3","LRRK1"
"NOTCH22",0,2.0916989930596,0.189,0.056,0,"3","NOTCH2"
"CYSLTR11",0,3.97033038345822,0.147,0.014,0,"3","CYSLTR1"
"PLEKHF2",0,3.46204907167004,0.158,0.026,0,"3","PLEKHF2"
"TBC1D10C1",0,3.2749610999445,0.146,0.014,0,"3","TBC1D10C"
"LAT21",0,2.61328542682231,0.189,0.058,0,"3","LAT2"
"SLC9A7",0,2.63156354021113,0.239,0.108,0,"3","SLC9A7"
"LINC015881",0,3.08845171686596,0.179,0.048,0,"3","LINC01588"
"AC027097.2",0,2.03943416596209,0.244,0.113,0,"3","AC027097.2"
"GPSM32",0,2.55449292930713,0.164,0.034,0,"3","GPSM3"
"HLA-DOA1",0,3.80607921056034,0.148,0.018,0,"3","HLA-DOA"
"FCRL5",0,8.15200526501083,0.131,0.001,0,"3","FCRL5"
"CR2",0,6.76724532524765,0.131,0.001,0,"3","CR2"
"PPM1K",0,2.07125558784777,0.278,0.149,0,"3","PPM1K"
"FGD31",0,2.7511482463982,0.16,0.031,0,"3","FGD3"
"CYB561A31",0,2.88198422499905,0.183,0.055,0,"3","CYB561A3"
"C16orf74",0,4.8807430041436,0.139,0.011,0,"3","C16orf74"
"SASH32",0,3.68069775546087,0.139,0.013,0,"3","SASH3"
"TCL1A",0,8.79754219348423,0.125,0,0,"3","TCL1A"
"AC025164.11",0,2.94444900789463,0.168,0.045,0,"3","AC025164.1"
"EAF21",0,3.69701577983988,0.151,0.028,0,"3","EAF2"
"PTPN61",0,2.85965084949295,0.155,0.032,0,"3","PTPN6"
"RASSF21",0,2.2530988125317,0.173,0.05,0,"3","RASSF2"
"ICAM32",0,2.8290700327581,0.142,0.019,0,"3","ICAM3"
"ARHGAP452",0,2.95622178286739,0.144,0.022,0,"3","ARHGAP45"
"SCIMP",0,2.51464432948506,0.19,0.069,0,"3","SCIMP"
"FMNL12",0,2.03071620303617,0.218,0.097,0,"3","FMNL1"
"PARVG2",0,2.79547398012222,0.149,0.028,0,"3","PARVG"
"TFEB",0,2.61120228853101,0.194,0.074,0,"3","TFEB"
"TENT5C1",0,3.57108706524278,0.132,0.012,0,"3","TENT5C"
"FCRL31",0,5.66594217478619,0.123,0.003,0,"3","FCRL3"
"AC008937.2",0,2.64051682824355,0.167,0.048,0,"3","AC008937.2"
"MTFR11",0,2.11753263443926,0.259,0.14,0,"3","MTFR1"
"FCER2",0,7.18950516450938,0.121,0.002,0,"3","FCER2"
"PATL21",0,3.29654298266455,0.145,0.027,0,"3","PATL2"
"CD19",0,8.21406007933564,0.119,0.001,0,"3","CD19"
"HLA-DOB",0,6.71923096146494,0.119,0.002,0,"3","HLA-DOB"
"TNFRSF13B",0,6.05557952749304,0.12,0.003,0,"3","TNFRSF13B"
"ZNF107",0,2.46111083923754,0.192,0.076,0,"3","ZNF107"
"PRAG11",0,2.56871457469225,0.165,0.049,0,"3","PRAG1"
"BACH2",0,2.62830834603433,0.506,0.39,0,"3","BACH2"
"KMO1",0,3.21294357441562,0.131,0.016,0,"3","KMO"
"IGLC3",0,7.02122279187918,0.116,0.001,0,"3","IGLC3"
"RUNX31",0,2.01571056830707,0.146,0.031,0,"3","RUNX3"
"CCDC692",0,2.8039812405213,0.144,0.029,0,"3","CCDC69"
"MPEG11",0,2.7733879405961,0.141,0.026,0,"3","MPEG1"
"MBD4",0,2.2806200511287,0.21,0.096,0,"3","MBD4"
"CLECL11",0,4.71581919431922,0.121,0.007,0,"3","CLECL1"
"TMC61",0,2.25706584456798,0.155,0.041,0,"3","TMC6"
"P2RY101",0,4.13341005307394,0.12,0.006,0,"3","P2RY10"
"CASP81",0,2.30356798441272,0.156,0.043,0,"3","CASP8"
"SPIB",0,6.34644682915147,0.115,0.002,0,"3","SPIB"
"GAPT1",0,5.42352447675142,0.117,0.005,0,"3","GAPT"
"HIST1H2AC",0,2.86151419402142,0.19,0.078,0,"3","HIST1H2AC"
"AC133065.11",0,4.60593479463248,0.119,0.007,0,"3","AC133065.1"
"RGS192",0,3.17128381868059,0.138,0.028,0,"3","RGS19"
"SLAMF61",0,3.85770677178183,0.117,0.008,0,"3","SLAMF6"
"LINC012151",0,5.31731121815941,0.112,0.003,0,"3","LINC01215"
"EDEM1",0,2.40731454555092,0.176,0.068,0,"3","EDEM1"
"FCRLA",0,8.3897558092651,0.108,0.001,0,"3","FCRLA"
"IL10RA2",0,2.18588129277382,0.142,0.035,0,"3","IL10RA"
"AC092652.22",0,2.03573705396873,0.134,0.028,0,"3","AC092652.2"
"U91328.2",0,2.78400474468523,0.129,0.023,0,"3","U91328.2"
"JCHAIN",0,6.67848312249143,0.107,0.002,0,"3","JCHAIN"
"DPEP22",0,3.28637993263944,0.121,0.016,0,"3","DPEP2"
"LINC02422",0,7.54191880484329,0.106,0.001,0,"3","LINC02422"
"ALOX5AP3",0,2.27520010412396,0.128,0.024,0,"3","ALOX5AP"
"MZB11",0,6.22029215303172,0.106,0.002,0,"3","MZB1"
"RNASET21",0,2.01497792377312,0.15,0.046,0,"3","RNASET2"
"AC022182.11",0,4.13715515861562,0.121,0.017,0,"3","AC022182.1"
"AC009313.11",0,3.22975473066759,0.118,0.014,0,"3","AC009313.1"
"IRF41",0,5.13783133128514,0.107,0.004,0,"3","IRF4"
"GRAPL1",0,2.75297858933522,0.126,0.024,0,"3","GRAPL"
"CBFA2T3",0,4.24116908296512,0.11,0.008,0,"3","CBFA2T3"
"CLNK1",0,4.35693126895027,0.121,0.019,0,"3","CLNK"
"ABCB41",0,2.85785402479552,0.141,0.039,0,"3","ABCB4"
"CD381",0,2.69019608743229,0.128,0.027,0,"3","CD38"
"UNC93B11",0,2.8126380259337,0.129,0.028,0,"3","UNC93B1"
"LIMD22",0,2.41321140377372,0.154,0.053,0,"3","LIMD2"
"LIX1-AS1",0,3.61378762831742,0.182,0.081,0,"3","LIX1-AS1"
"AC008878.31",0,3.67199134366773,0.119,0.018,0,"3","AC008878.3"
"TLR11",0,3.18130880516173,0.119,0.019,0,"3","TLR1"
"CD721",0,3.16911702239132,0.123,0.024,0,"3","CD72"
"LYL12",0,3.72168954644219,0.114,0.015,0,"3","LYL1"
"AC009950.11",0,2.78139021925142,0.123,0.024,0,"3","AC009950.1"
"IER51",0,2.34365659827714,0.155,0.057,0,"3","IER5"
"TSPAN331",0,4.26553271310319,0.116,0.018,0,"3","TSPAN33"
"RBM382",0,2.83102608232269,0.123,0.026,0,"3","RBM38"
"AL161781.2",0,9.0197885309351,0.097,0,0,"3","AL161781.2"
"NFKB21",0,2.54545179255489,0.125,0.029,0,"3","NFKB2"
"PLEK1",0,2.72597040594249,0.118,0.023,0,"3","PLEK"
"DEF61",0,2.62162326866584,0.121,0.026,0,"3","DEF6"
"FCGR2B1",0,3.21255841351229,0.107,0.012,0,"3","FCGR2B"
"IGHA1",0,6.69393186957493,0.096,0.001,0,"3","IGHA1"
"AC010149.11",0,2.92512731287833,0.114,0.019,0,"3","AC010149.1"
"BCL2A11",0,3.54642463721873,0.107,0.014,0,"3","BCL2A1"
"DERL3",0,5.78479729407795,0.096,0.003,0,"3","DERL3"
"FAM177B",0,4.80743753418872,0.099,0.006,0,"3","FAM177B"
"AP1S3",0,2.62052899053591,0.149,0.057,0,"3","AP1S3"
"ARHGAP91",0,2.82461918593637,0.112,0.02,0,"3","ARHGAP9"
"ACSM3",0,3.16963858676962,0.143,0.052,0,"3","ACSM3"
"SLC6A161",0,3.22480685898483,0.104,0.013,0,"3","SLC6A16"
"GLYATL1",0,4.51327318484861,0.099,0.009,0,"3","GLYATL1"
"AL355076.21",0,4.48145812820594,0.101,0.011,0,"3","AL355076.2"
"BTN2A2",0,3.15670322674982,0.111,0.021,0,"3","BTN2A2"
"IGHG1",0,7.50627453581547,0.091,0.001,0,"3","IGHG1"
"PIK3CG2",0,3.61521726783412,0.099,0.01,0,"3","PIK3CG"
"CYTH42",0,2.75745235917267,0.107,0.018,0,"3","CYTH4"
"L3MBTL3",0,2.23651919992719,0.137,0.05,0,"3","L3MBTL3"
"VAV3-AS1",0,5.99221372242837,0.09,0.003,0,"3","VAV3-AS1"
"KLHL14",0,3.37664644935944,0.116,0.031,0,"3","KLHL14"
"SYTL11",0,2.57270698168469,0.106,0.021,0,"3","SYTL1"
"ZC3H12D1",0,3.7466574965069,0.094,0.01,0,"3","ZC3H12D"
"BIN22",0,2.10258053876564,0.115,0.031,0,"3","BIN2"
"MBNL3",0,2.53409443404941,0.129,0.045,0,"3","MBNL3"
"AC007384.11",0,3.55760517341278,0.096,0.013,0,"3","AC007384.1"
"KIAA0040",0,3.14065589412596,0.1,0.018,0,"3","KIAA0040"
"SIPA11",0,2.12209162634902,0.117,0.037,0,"3","SIPA1"
"AL034397.31",0,4.04432100284958,0.086,0.006,0,"3","AL034397.3"
"GPR181",0,3.19872457342026,0.094,0.015,0,"3","GPR18"
"AC009226.1",0,2.97554533110819,0.103,0.025,0,"3","AC009226.1"
"UGT81",0,4.07077784810919,0.089,0.012,0,"3","UGT8"
"ACSS11",0,2.29141904127365,0.099,0.023,0,"3","ACSS1"
"ADGRG51",0,4.34870080811135,0.081,0.005,0,"3","ADGRG5"
"GPR652",0,2.54953248198898,0.091,0.016,0,"3","GPR65"
"AC108879.1",0,6.41364912609491,0.079,0.004,0,"3","AC108879.1"
"TNFRSF10A3",0,2.604095826998,0.095,0.021,0,"3","TNFRSF10A"
"MYO1G2",0,3.08586808953182,0.083,0.01,0,"3","MYO1G"
"AL161725.11",0,3.26173549566128,0.083,0.01,0,"3","AL161725.1"
"LINC018111",0,4.09593740218001,0.088,0.015,0,"3","LINC01811"
"LILRB11",0,3.43258651763452,0.083,0.011,0,"3","LILRB1"
"NCF41",0,2.67487525271076,0.089,0.017,0,"3","NCF4"
"FLT31",0,4.11418821104358,0.091,0.019,0,"3","FLT3"
"CD1801",0,4.96483772415583,0.077,0.006,0,"3","CD180"
"SLC15A2",0,3.85849898625255,0.084,0.014,0,"3","SLC15A2"
"CDCA7L",0,3.79463097024422,0.083,0.013,0,"3","CDCA7L"
"PSD41",0,3.1036440915348,0.084,0.015,0,"3","PSD4"
"CNN21",0,2.02514725186508,0.095,0.026,0,"3","CNN2"
"RASAL31",0,2.55684969060956,0.084,0.015,0,"3","RASAL3"
"CCDC1411",0,2.8687718450213,0.083,0.015,0,"3","CCDC141"
"LINC004261",0,3.60586862708649,0.076,0.008,0,"3","LINC00426"
"MAP4K11",0,3.41088787894587,0.076,0.009,0,"3","MAP4K1"
"PIM21",0,3.15555243952382,0.079,0.013,0,"3","PIM2"
"JAML2",0,2.8510482444873,0.092,0.026,0,"3","JAML"
"IL2RG2",0,2.03996543411579,0.078,0.013,0,"3","IL2RG"
"PNOC",0,3.66831269384404,0.077,0.012,0,"3","PNOC"
"GPR1741",0,2.7787141053567,0.074,0.009,0,"3","GPR174"
"SLAMF11",0,3.25555998129795,0.072,0.007,0,"3","SLAMF1"
"CEACAM211",0,3.84561723143155,0.07,0.006,0,"3","CEACAM21"
"AL137789.1",0,4.10112534023006,0.068,0.004,0,"3","AL137789.1"
"DENND1C1",0,3.14531561367628,0.072,0.009,0,"3","DENND1C"
"SIGLEC101",0,3.45801597997524,0.072,0.009,0,"3","SIGLEC10"
"LINC018571",0,4.6216498561293,0.067,0.005,0,"3","LINC01857"
"AC005258.1",0,2.96578778754558,0.083,0.021,0,"3","AC005258.1"
"SLAMF72",0,3.39852147952633,0.07,0.009,0,"3","SLAMF7"
"LIX1",0,5.6398913339473,0.065,0.005,0,"3","LIX1"
"SUSD32",0,3.01080379071234,0.07,0.01,0,"3","SUSD3"
"ZNF860",0,5.6743960224463,0.063,0.004,0,"3","ZNF860"
"OSBPL10-AS1",0,3.18743450694414,0.073,0.015,0,"3","OSBPL10-AS1"
"HIST1H1D2",0,2.96135853218043,0.078,0.02,0,"3","HIST1H1D"
"P2RX52",0,5.01716687849875,0.061,0.003,0,"3","P2RX5"
"HLA-DQA21",0,2.08904042935759,0.072,0.014,0,"3","HLA-DQA2"
"SIT12",0,3.2293300502063,0.061,0.005,0,"3","SIT1"
"P2RX11",0,3.83697271347906,0.063,0.007,0,"3","P2RX1"
"GPR1322",0,2.58386089773895,0.067,0.012,0,"3","GPR132"
"CELSR11",0,2.92280618022599,0.07,0.015,0,"3","CELSR1"
"C16orf541",0,2.80243052011283,0.062,0.007,0,"3","C16orf54"
"CCDC88B2",0,2.76166038566402,0.068,0.015,0,"3","CCDC88B"
"S1PR43",0,2.41653494575632,0.063,0.011,0,"3","S1PR4"
"AC093010.21",0,3.33650671296636,0.062,0.01,0,"3","AC093010.2"
"ZBP11",0,3.54469108878508,0.055,0.004,0,"3","ZBP1"
"LINC00996",0,2.72875730572653,0.061,0.01,0,"3","LINC00996"
"LINC00494",0,6.6280594414261,0.052,0.001,0,"3","LINC00494"
"CXorf211",0,3.32470507168637,0.061,0.011,0,"3","CXorf21"
"ST141",0,3.55001032276209,0.058,0.008,0,"3","ST14"
"PLD41",0,3.83017315103454,0.058,0.008,0,"3","PLD4"
"AC092436.4",0,3.43325833691205,0.061,0.011,0,"3","AC092436.4"
"LPAR5",0,3.27593658634299,0.06,0.01,0,"3","LPAR5"
"ENAM",0,5.52829425626864,0.053,0.003,0,"3","ENAM"
"STK261",0,3.2631842727444,0.06,0.011,0,"3","STK26"
"AL356276.11",0,5.92948482948655,0.05,0.001,0,"3","AL356276.1"
"SNX22",0,3.67482348585987,0.059,0.01,0,"3","SNX22"
"NUAK2",0,3.26488881165975,0.057,0.01,0,"3","NUAK2"
"AC119396.21",0,4.3187716202947,0.051,0.004,0,"3","AC119396.2"
"ITGB71",0,2.60149664760429,0.053,0.007,0,"3","ITGB7"
"LINC014801",0,4.12977171678688,0.05,0.004,0,"3","LINC01480"
"ITGB2-AS12",0,2.85729105368845,0.055,0.009,0,"3","ITGB2-AS1"
"AC100861.2",0,4.95502185789935,0.047,0.002,0,"3","AC100861.2"
"HHEX3",0,2.97676497748736,0.057,0.012,0,"3","HHEX"
"GRAP3",0,3.32517009655519,0.051,0.006,0,"3","GRAP"
"IGLL5",0,7.4848997054888,0.045,0,0,"3","IGLL5"
"AC021678.21",0,3.92378615092867,0.054,0.009,0,"3","AC021678.2"
"LAX11",0,3.2991453467679,0.049,0.005,0,"3","LAX1"
"LARGE2",0,5.2904321087462,0.046,0.002,0,"3","LARGE2"
"PLEKHG7",0,5.15244100979243,0.046,0.002,0,"3","PLEKHG7"
"VNN22",0,3.28302581138393,0.049,0.006,0,"3","VNN2"
"ARL111",0,3.94006396024899,0.048,0.006,0,"3","ARL11"
"AL139020.1",0,6.76548072025478,0.043,0.001,0,"3","AL139020.1"
"KCNN41",0,3.38961804287001,0.048,0.007,0,"3","KCNN4"
"SHISA8",0,5.41827717333727,0.042,0.001,0,"3","SHISA8"
"RASSF6",0,5.92933430703992,0.043,0.002,0,"3","RASSF6"
"ACSM11",0,4.40276621472792,0.045,0.004,0,"3","ACSM1"
"AC011450.1",0,5.108631724389,0.043,0.002,0,"3","AC011450.1"
"AC103831.1",0,8.18298287978574,0.04,0,0,"3","AC103831.1"
"AL390036.11",0,4.55855961465898,0.043,0.003,0,"3","AL390036.1"
"CD1C1",0,4.40211265649168,0.041,0.002,0,"3","CD1C"
"IDO12",0,4.85154266371463,0.046,0.007,0,"3","IDO1"
"CD1D1",0,3.44972441370786,0.044,0.006,0,"3","CD1D"
"LINC017811",0,4.74825912268303,0.039,0.002,0,"3","LINC01781"
"KBTBD81",0,3.52210276068225,0.045,0.008,0,"3","KBTBD8"
"NCR32",0,3.21895763971683,0.039,0.002,0,"3","NCR3"
"AC022239.1",0,3.8779710788087,0.043,0.007,0,"3","AC022239.1"
"SIDT1-AS12",0,3.27939231269613,0.042,0.007,0,"3","SIDT1-AS1"
"ARRDC51",0,3.30695826971396,0.04,0.005,0,"3","ARRDC5"
"AC099560.11",0,4.93741023816293,0.038,0.004,0,"3","AC099560.1"
"AL158850.1",0,3.46341367990807,0.039,0.005,0,"3","AL158850.1"
"AL590764.11",0,3.23168960573676,0.038,0.005,0,"3","AL590764.1"
"CHI3L21",0,3.07571624922373,0.038,0.005,0,"3","CHI3L2"
"LINC014781",0,5.4271620591507,0.038,0.005,0,"3","LINC01478"
"IGHG2",0,6.92170027493244,0.029,0,0,"3","IGHG2"
"AC018695.2",0,5.27465282934334,0.031,0.002,0,"3","AC018695.2"
"IDO21",0,4.48855595893962,0.031,0.003,0,"3","IDO2"
"CLEC4C",0,5.15716858435928,0.031,0.003,0,"3","CLEC4C"
"ERP271",0,3.14122904244151,0.032,0.004,0,"3","ERP27"
"AC084200.11",0,4.1445580292763,0.031,0.004,0,"3","AC084200.1"
"CD701",0,3.4787604362774,0.029,0.003,0,"3","CD70"
"AC243960.12",0,2.68179871688973,0.03,0.004,0,"3","AC243960.1"
"IL241",0,4.69938234574084,0.027,0.001,0,"3","IL24"
"AC092384.1",0,4.25844810847098,0.027,0.002,0,"3","AC092384.1"
"AP001059.2",0,5.26957610832222,0.026,0.001,0,"3","AP001059.2"
"MIR4432HG",0,6.64096521253609,0.026,0.001,0,"3","MIR4432HG"
"AC119428.2",0,5.89878449700033,0.021,0,0,"3","AC119428.2"
"IGHA2",0,9.84053667454727,0.021,0,0,"3","IGHA2"
"GCSAM1",0,3.99388080858162,0.023,0.002,0,"3","GCSAM"
"AP001059.31",0,4.41841977320916,0.023,0.002,0,"3","AP001059.3"
"TNFRSF17",0,4.68913154392219,0.021,0.001,0,"3","TNFRSF17"
"AC239799.2",0,6.83988557293919,0.02,0,0,"3","AC239799.2"
"AC108718.1",0,4.5721558438433,0.022,0.002,0,"3","AC108718.1"
"AC124014.11",0,3.44462194991016,0.022,0.002,0,"3","AC124014.1"
"LILRA41",0,6.47466022042051,0.02,0.001,0,"3","LILRA4"
"AC012236.1",0,4.78756525103232,0.02,0.001,0,"3","AC012236.1"
"LINC01685",0,5.41366155005313,0.019,0.001,0,"3","LINC01685"
"GLYATL1B",0,7.01863004145861,0.018,0,0,"3","GLYATL1B"
"IGHG4",0,8.84938457160157,0.017,0,0,"3","IGHG4"
"ERMN1",0,3.8014880317127,0.018,0.001,0,"3","ERMN"
"IGHGP",0,5.44231199315586,0.017,0.001,0,"3","IGHGP"
"AC104024.1",0,5.95720002201069,0.015,0,0,"3","AC104024.1"
"TREML2",0,6.09915697464709,0.012,0,0,"3","TREML2"
"XCR1",0,5.87370992291587,0.011,0,0,"3","XCR1"
"LCN8",0,8.94877094658167,0.011,0,0,"3","LCN8"
"ARHGAP43",1.47126050295983e-307,2.2934107165748,0.109,0.035,4.80160577745971e-303,"3","ARHGAP4"
"TNF2",1.08776813616317e-306,2.84409500213515,0.048,0.009,3.55004008918214e-302,"3","TNF"
"P2RY141",2.16523866609086e-303,2.55514413249544,0.16,0.066,7.06647291065414e-299,"3","P2RY14"
"AC002480.4",2.7339928029579e-302,4.92239897005458,0.015,0.001,8.92265891173339e-298,"3","AC002480.4"
"FAM78A2",5.2884748596156e-302,2.77253715364588,0.057,0.012,1.72594665518415e-297,"3","FAM78A"
"RASSF52",4.21615136749545e-301,2.14988802747174,0.095,0.028,1.37598316029582e-296,"3","RASSF5"
"RRAS2",1.35381401100085e-289,2.09434270207045,0.247,0.132,4.41830740630237e-285,"3","RRAS2"
"NFAM11",2.11811004894045e-286,2.67927269862107,0.074,0.02,6.91266395572206e-282,"3","NFAM1"
"ADA22",3.47765579616201e-284,2.06614366939951,0.136,0.052,1.13496774563543e-279,"3","ADA2"
"SLC38A11",6.4753286811713e-282,2.88653341344999,0.039,0.007,2.11328826838707e-277,"3","SLC38A11"
"JAK31",3.32952384423022e-281,2.15054120666173,0.098,0.031,1.08662340180297e-276,"3","JAK3"
"NLRC31",2.66931397626926e-280,2.40796881921108,0.074,0.02,8.71157309295236e-276,"3","NLRC3"
"E2F5",5.79213217591328e-278,2.77735439545303,0.136,0.053,1.89032025693106e-273,"3","E2F5"
"IL21R1",5.90858038973978e-276,2.79159819598158,0.063,0.015,1.92832429599548e-271,"3","IL21R"
"AC008014.1",2.95051848405074e-275,2.0887216559843,0.288,0.175,9.62931212454799e-271,"3","AC008014.1"
"LINC01800",2.33303986131686e-273,4.60765268185769,0.028,0.004,7.6141088913937e-269,"3","LINC01800"
"TFEC1",3.09333558899399e-271,2.10351592653341,0.093,0.029,1.00954100282408e-266,"3","TFEC"
"AC007991.31",1.29264100865231e-270,4.23562394162127,0.038,0.006,4.21866319583767e-266,"3","AC007991.3"
"HIST1H1E1",1.9112735487251e-269,2.95487571769433,0.086,0.026,6.23763235361925e-265,"3","HIST1H1E"
"PIK3CD-AS21",3.57590479668111e-268,3.07737194641028,0.074,0.021,1.16703228944485e-263,"3","PIK3CD-AS2"
"RELT1",3.46314550086206e-265,2.66665821412474,0.083,0.025,1.13023216566134e-260,"3","RELT"
"GDF71",6.80155064938735e-265,3.7579442035676,0.02,0.002,2.21975406993405e-260,"3","GDF7"
"CSK",6.13963565878929e-263,2.17872170217009,0.163,0.073,2.00373149360247e-258,"3","CSK"
"NBPF141",8.63961635732803e-261,2.3949643393238,0.063,0.016,2.81962519437758e-256,"3","NBPF14"
"IFNLR1",2.05809012842189e-260,3.49558982922464,0.055,0.013,6.71678294311767e-256,"3","IFNLR1"
"CRACR2A1",9.52172223640573e-260,2.43207039345495,0.073,0.02,3.10750926907337e-255,"3","CRACR2A"
"TNFSF93",1.68178528026e-255,3.18373715965569,0.036,0.006,5.48867444065653e-251,"3","TNFSF9"
"AC083949.1",5.94902590971191e-249,3.67685582528194,0.029,0.004,1.94152409589358e-244,"3","AC083949.1"
"HMGA1P4",2.68614505965672e-248,4.01205127379717,0.014,0.001,8.76650301669567e-244,"3","HMGA1P4"
"AL121985.11",7.36313978909184e-247,3.27268299662775,0.039,0.007,2.40303430156801e-242,"3","AL121985.1"
"AC023510.1",1.67733431805712e-246,3.78927150596434,0.017,0.002,5.47414828041123e-242,"3","AC023510.1"
"AC013437.11",6.0720861664997e-246,3.68621597037339,0.014,0.001,1.98168604129884e-241,"3","AC013437.1"
"QRSL1",9.27861155542542e-246,2.29073238111132,0.19,0.095,3.02816766722864e-241,"3","QRSL1"
"RNASE61",6.31014986988301e-245,2.28389143784993,0.065,0.017,2.05938051153502e-240,"3","RNASE6"
"ST181",4.5857422602691e-242,2.30905515082034,0.107,0.039,1.49660284406142e-237,"3","ST18"
"GM2A1",2.31156898744141e-240,2.30868173718471,0.097,0.034,7.54403654741379e-236,"3","GM2A"
"TP53INP1",3.34032214068178e-239,2.46119274839705,0.127,0.051,1.0901475338329e-234,"3","TP53INP1"
"LINC021001",7.57686999581335e-239,2.55535897459467,0.063,0.017,2.47278729183364e-234,"3","LINC02100"
"IL261",8.69606090290765e-239,3.55419713170877,0.018,0.002,2.83804643627294e-234,"3","IL26"
"STEAP1B1",5.27183407971472e-237,2.56001024523067,0.19,0.096,1.7205157702557e-232,"3","STEAP1B"
"CSF2RA1",1.84069246770706e-236,2.37961940704928,0.105,0.038,6.00728393760877e-232,"3","CSF2RA"
"SH2D3A1",3.08981130561841e-236,2.69197609370128,0.03,0.005,1.00839081770162e-231,"3","SH2D3A"
"TLR71",5.3381118491777e-236,3.27227946752884,0.035,0.006,1.74214618309763e-231,"3","TLR7"
"ARRDC2",9.81735169352751e-236,2.00434696063188,0.077,0.023,3.20399089869964e-231,"3","ARRDC2"
"AL031777.3",1.27892627567274e-235,3.29221826111773,0.046,0.01,4.17390379328554e-231,"3","AL031777.3"
"PKHD1L13",3.99159489425884e-235,2.12726659343091,0.032,0.005,1.30269690969032e-230,"3","PKHD1L1"
"LINC02324",6.13158276296717e-235,4.21758973736765,0.015,0.001,2.00110335052196e-230,"3","LINC02324"
"LTA1",2.91974212967442e-233,3.64253243922193,0.015,0.001,9.52887041440543e-229,"3","LTA"
"AL139246.52",4.91165223171702e-233,2.91221445289108,0.039,0.008,1.60296682234317e-228,"3","AL139246.5"
"AC092068.1",7.1694789424204e-231,4.46442500697889,0.013,0.001,2.33983114764832e-226,"3","AC092068.1"
"GPR1601",6.38659747151761e-230,2.62792499808133,0.061,0.016,2.08432995080449e-225,"3","GPR160"
"AC108863.1",7.44976602595342e-229,2.6900345873453,0.058,0.015,2.43130564023016e-224,"3","AC108863.1"
"SERPINB9P1",4.16304294763663e-227,2.97741757602978,0.056,0.014,1.35865069639069e-222,"3","SERPINB9P1"
"UBR5-AS1",4.88365454792188e-225,2.93011826214454,0.081,0.026,1.59382949825979e-220,"3","UBR5-AS1"
"SEMA7A1",3.15976273447771e-222,2.96943330889229,0.047,0.011,1.03122016602415e-217,"3","SEMA7A"
"ADAM82",1.09359765663214e-218,2.41065985924473,0.059,0.016,3.56906531218466e-214,"3","ADAM8"
"OTUD11",1.70692279473881e-217,2.17671297548935,0.097,0.035,5.57071323290959e-213,"3","OTUD1"
"AC245014.31",1.84846311066248e-217,2.41599512227664,0.052,0.013,6.03264420795805e-213,"3","AC245014.3"
"GAB31",5.77259034910813e-216,2.10087159699043,0.077,0.024,1.88394258633493e-211,"3","GAB3"
"AL121944.1",1.68869510883758e-215,2.47032144559836,0.068,0.02,5.51122535720232e-211,"3","AL121944.1"
"AC004585.11",2.26591929539048e-215,3.62494029038052,0.018,0.002,7.39505421243636e-211,"3","AC004585.1"
"HLA-DQB21",4.32648070151702e-214,3.92696379897809,0.028,0.005,1.41199024174709e-209,"3","HLA-DQB2"
"WAS2",1.62595311572788e-213,2.01343986324333,0.082,0.027,5.30646058848949e-209,"3","WAS"
"SNX202",7.31264017756259e-203,2.78331250892336,0.036,0.007,2.38655324834933e-198,"3","SNX20"
"AC008649.1",2.92916666306309e-202,3.63972351440867,0.013,0.001,9.55962832157269e-198,"3","AC008649.1"
"WNT16",1.53453778439384e-199,3.77080955812341,0.018,0.002,5.00811751314774e-195,"3","WNT16"
"LINC02245",2.09893124475696e-199,5.28326053515193,0.01,0.001,6.85007201038882e-195,"3","LINC02245"
"SLC14A12",6.60974508814165e-198,2.6416611585371,0.046,0.011,2.15715640696591e-193,"3","SLC14A1"
"AC007952.4",2.08462338911876e-193,2.04532281381027,0.098,0.037,6.80337689272797e-189,"3","AC007952.4"
"AC087500.1",3.21909057069076e-192,2.25112327420577,0.182,0.098,1.05058239865063e-187,"3","AC087500.1"
"PSMB8-AS13",4.19828797567405e-190,2.49568241655205,0.048,0.012,1.37015326374098e-185,"3","PSMB8-AS1"
"LINC02576",2.30666372392865e-188,2.39733084476105,0.118,0.052,7.52802772941356e-184,"3","LINC02576"
"KLHL6-AS1",7.0155103627547e-187,2.94273569838348,0.024,0.004,2.28958196198862e-182,"3","KLHL6-AS1"
"DOK31",7.93082437855639e-186,2.55844117028464,0.074,0.025,2.58830384418566e-181,"3","DOK3"
"AC103591.31",1.07603075138248e-185,2.36342428926776,0.073,0.025,3.51173396021185e-181,"3","AC103591.3"
"ICOSLG1",2.89202512421085e-185,3.33044398601737,0.028,0.005,9.43841319537454e-181,"3","ICOSLG"
"SNX10",5.44313273107839e-185,2.20416862151282,0.206,0.121,1.77642079811474e-180,"3","SNX10"
"ANO91",7.06071549191158e-179,2.51517144009092,0.026,0.004,2.30433510794026e-174,"3","ANO9"
"C1orf1121",1.5938377750044e-174,2.1439153680733,0.168,0.09,5.20164896250435e-170,"3","C1orf112"
"HIST1H2BC",1.23543292032964e-172,3.32368703445598,0.043,0.011,4.03195887878782e-168,"3","HIST1H2BC"
"EHF",8.89831852629753e-171,4.64930159130121,0.011,0.001,2.90405523424246e-166,"3","EHF"
"Z97192.13",6.01642169390942e-168,2.53346038712414,0.028,0.006,1.96351938402428e-163,"3","Z97192.1"
"PLAG11",1.88836822750732e-166,2.51333218745085,0.041,0.011,6.16287854729288e-162,"3","PLAG1"
"MAN2B1",5.97655668878302e-165,2.22193708596328,0.099,0.041,1.95050904095123e-160,"3","MAN2B1"
"TIFA1",2.10227835482676e-163,2.87396043116728,0.037,0.009,6.8609956388126e-159,"3","TIFA"
"HCK1",2.68113117100087e-162,2.05265040648077,0.074,0.027,8.75013968967843e-158,"3","HCK"
"AC026347.1",4.11981777600871e-162,2.37555278841375,0.077,0.029,1.3445437293782e-157,"3","AC026347.1"
"AC008083.11",1.01886240675782e-161,2.50440236579094,0.035,0.008,3.32515935069481e-157,"3","AC008083.1"
"AL683807.11",2.27889148878925e-161,2.50925601266612,0.047,0.013,7.43739026281259e-157,"3","AL683807.1"
"SLC24A42",2.82172987401165e-158,3.29003557216362,0.03,0.007,9.20899761682443e-154,"3","SLC24A4"
"S100Z1",9.87803111041069e-158,2.27047153513552,0.047,0.014,3.22379423319363e-153,"3","S100Z"
"AL512428.1",1.96735022422586e-154,3.73944238563452,0.015,0.002,6.42064419178353e-150,"3","AL512428.1"
"RAB291",7.19858924054936e-153,2.31398217863837,0.074,0.028,2.34933158454569e-148,"3","RAB29"
"APOBEC3C3",4.49699765893586e-150,2.16487689349578,0.041,0.011,1.46764015597031e-145,"3","APOBEC3C"
"LINC016842",9.64223715185786e-149,2.58493747776491,0.033,0.008,3.14684051688033e-144,"3","LINC01684"
"CSF2RB2",7.58449552547781e-148,2.6161053525254,0.04,0.011,2.47527595969494e-143,"3","CSF2RB"
"CARD8-AS12",1.11981495381015e-147,2.90435044562224,0.033,0.008,3.65462808325482e-143,"3","CARD8-AS1"
"EBLN3P",5.77995783325171e-141,2.01013598555522,0.172,0.101,1.88634703846003e-136,"3","EBLN3P"
"AL354794.11",1.06263276096784e-139,3.19996024368997,0.013,0.002,3.46800827869466e-135,"3","AL354794.1"
"POLD4",1.41817889862083e-138,2.62187941686846,0.038,0.01,4.62836865353894e-134,"3","POLD4"
"FA2H1",3.256582862601e-135,2.90032948182393,0.024,0.005,1.06281838303846e-130,"3","FA2H"
"AC020659.11",5.75806919509412e-134,2.66519530317542,0.017,0.003,1.87920346251092e-129,"3","AC020659.1"
"RPS6KA12",9.24181935703415e-133,2.13575286487379,0.072,0.029,3.01616016536166e-128,"3","RPS6KA1"
"DEXI",1.57960851150487e-132,2.42846956511565,0.132,0.07,5.1552103381473e-128,"3","DEXI"
"ANGPTL6",3.83022924538123e-132,2.97260956341006,0.016,0.002,1.25003361652262e-127,"3","ANGPTL6"
"AC007569.1",3.95107889106054e-127,2.9007569758084,0.05,0.017,1.28947410688652e-122,"3","AC007569.1"
"ANXA2R1",4.49940282668696e-127,2.14503028612994,0.036,0.01,1.46842510651756e-122,"3","ANXA2R"
"TXLNB",1.00179197607521e-125,2.32553464712841,0.043,0.014,3.26944829311904e-121,"3","TXLNB"
"AP000763.3",1.22809394827721e-124,2.56206706633973,0.053,0.018,4.00800740959751e-120,"3","AP000763.3"
"SSPN1",4.71327713746412e-123,2.29760304581843,0.115,0.058,1.53822512658279e-118,"3","SSPN"
"LINC02413",1.25138032935387e-122,2.70098344924023,0.015,0.002,4.08400484287928e-118,"3","LINC02413"
"LINC01375",1.45079067514402e-120,3.44592910334827,0.016,0.003,4.73480044740001e-116,"3","LINC01375"
"AL357992.11",1.10893979244089e-119,2.64784352813823,0.017,0.003,3.61913590661009e-115,"3","AL357992.1"
"CLEC9A3",1.71342537416596e-119,3.24323831401171,0.024,0.005,5.59193505112801e-115,"3","CLEC9A"
"IL23A1",1.0600705495587e-118,2.44546440088899,0.019,0.004,3.45964624553976e-114,"3","IL23A"
"ZNF296",8.1635366012232e-118,2.86793742266982,0.022,0.005,2.6642518051752e-113,"3","ZNF296"
"FAM53B-AS1",9.82259755852165e-118,2.47411021527476,0.048,0.016,3.20570293919913e-113,"3","FAM53B-AS1"
"MATN1-AS1",4.16113765855637e-115,2.70022025870856,0.022,0.005,1.35802888624646e-110,"3","MATN1-AS1"
"JADE3",1.53880723637572e-114,2.12429638230942,0.13,0.073,5.02205129663581e-110,"3","JADE3"
"EGOT",1.10475119275403e-113,2.78670417623283,0.029,0.007,3.60546599267206e-109,"3","EGOT"
"TCF3",3.54802084448832e-113,2.04346039622739,0.129,0.071,1.15793208280721e-108,"3","TCF3"
"AC007728.21",4.02937992758814e-113,3.20196705251368,0.014,0.002,1.31502843316766e-108,"3","AC007728.2"
"MNDA1",1.23558887787152e-112,2.60763051187651,0.051,0.018,4.03246786182149e-108,"3","MNDA"
"MICB2",2.24881056852138e-112,2.74234267200073,0.022,0.005,7.33921817142636e-108,"3","MICB"
"CCR22",1.14131746696963e-111,2.53424913600181,0.013,0.002,3.72480368520208e-107,"3","CCR2"
"AC091045.1",6.30451013344282e-111,2.02701051753401,0.116,0.062,2.0575399271504e-106,"3","AC091045.1"
"LINC02149",9.43672964399244e-110,3.61884429079517,0.013,0.002,3.07977108661337e-105,"3","LINC02149"
"AC025031.1",3.83975228615681e-109,2.6117951864818,0.045,0.015,1.25314155611014e-104,"3","AC025031.1"
"GPR157",1.27628380354835e-108,3.17445956810191,0.035,0.01,4.16527982126038e-104,"3","GPR157"
"LINC01568",0,2.09640590780438,0.426,0.14,0,"4","LINC01568"
"LRTM1",0,2.03249839099496,0.43,0.151,0,"4","LRTM1"
"AC069228.1",0,2.10185541566874,0.266,0.089,0,"4","AC069228.1"
"CACNA2D3-AS1",0,2.19379212196117,0.227,0.07,0,"4","CACNA2D3-AS1"
"AC084361.1",0,2.05433125053893,0.23,0.078,0,"4","AC084361.1"
"TMC2",0,2.18971430787609,0.189,0.057,0,"4","TMC2"
"MEI4",0,2.30089849100313,0.158,0.044,0,"4","MEI4"
"MYRFL",0,2.05932451421194,0.156,0.051,0,"4","MYRFL"
"AC084032.1",0,2.13488984742031,0.143,0.044,0,"4","AC084032.1"
"AL354771.1",0,2.0305608599405,0.099,0.032,0,"4","AL354771.1"
"AC012050.1",0,2.08579782602056,0.087,0.028,0,"4","AC012050.1"
"CNTFR-AS1",0,2.04612142210918,0.067,0.022,0,"4","CNTFR-AS1"
"AC090138.1",0,2.01229831906031,0.065,0.02,0,"4","AC090138.1"
"BCO1",0,2.06169811984688,0.06,0.019,0,"4","BCO1"
"AL592182.2",0,2.16314900332141,0.054,0.016,0,"4","AL592182.2"
"TMPRSS12",0,2.05858770451371,0.052,0.015,0,"4","TMPRSS12"
"AC006004.1",0,2.1112858319534,0.054,0.017,0,"4","AC006004.1"
"AC011625.1",0,2.05490887688544,0.051,0.016,0,"4","AC011625.1"
"LINC00708",0,2.24135098469044,0.044,0.012,0,"4","LINC00708"
"KCNQ5-AS1",0,2.02029593714044,0.048,0.016,0,"4","KCNQ5-AS1"
"GRID1-AS1",0,2.10845382924855,0.047,0.015,0,"4","GRID1-AS1"
"AC018643.1",0,2.11282080259937,0.045,0.014,0,"4","AC018643.1"
"AL080273.1",0,2.07432881584393,0.037,0.012,0,"4","AL080273.1"
"LINC01570",0,2.09208900846381,0.034,0.011,0,"4","LINC01570"
"BX547991.1",0,2.08411254107581,0.031,0.009,0,"4","BX547991.1"
"AC023136.1",0,2.00584453420098,0.025,0.008,0,"4","AC023136.1"
"AC073283.2",0,2.25302650303169,0.024,0.007,0,"4","AC073283.2"
"AC093766.1",0,2.02670933422909,0.022,0.006,0,"4","AC093766.1"
"TRPC5OS",0,2.34323783915637,0.022,0.006,0,"4","TRPC5OS"
"AC107031.1",0,2.04150078394389,0.023,0.007,0,"4","AC107031.1"
"AC016229.1",0,2.07065909121011,0.022,0.007,0,"4","AC016229.1"
"UCP1",6.5312590202778e-307,2.15118412867697,0.022,0.007,2.13154169385786e-302,"4","UCP1"
"AL354821.11",2.17980100071803e-286,2.74748503854073,0.015,0.004,7.11399854594337e-282,"4","AL354821.1"
"SERPINA9",7.42408666224105e-274,2.36898860417358,0.015,0.004,2.42292492308899e-269,"4","SERPINA9"
"AC016229.2",6.87444977918435e-194,2.04133003800289,0.014,0.005,2.2435454299346e-189,"4","AC016229.2"
"AL365184.1",9.7088124175646e-191,2.21889118594197,0.014,0.004,3.16856802059638e-186,"4","AL365184.1"
"AC019155.21",1.06124423201756e-184,2.14191433125709,0.012,0.004,3.46347667561252e-180,"4","AC019155.2"
"AC010280.3",6.71289843387265e-183,2.02915305457584,0.014,0.004,2.19082153287868e-178,"4","AC010280.3"
"AC245187.1",2.96735960817027e-172,2.12518429061859,0.011,0.003,9.68427481722449e-168,"4","AC245187.1"
"AC140125.2",5.39806557163114e-128,2.06208312911779,0.01,0.003,1.76171267995754e-123,"4","AC140125.2"
"AC112178.11",1.03310709254241e-139,2.1040443893866,0.019,0.006,3.37164830722141e-135,"5","AC112178.1"
"YWHAG",0,2.04456499292473,0.645,0.294,0,"6","YWHAG"
"PTPRN",0,2.49036927452033,0.498,0.179,0,"6","PTPRN"
"PEG10",0,2.25475496843096,0.512,0.198,0,"6","PEG10"
"TMEM130",0,2.04641557651844,0.473,0.167,0,"6","TMEM130"
"NEFL",0,2.98680058067344,0.398,0.095,0,"6","NEFL"
"SYT4",0,2.3236191168121,0.465,0.167,0,"6","SYT4"
"CYB561",0,2.08922435136412,0.482,0.202,0,"6","CYB561"
"MT-ATP8",0,2.02950811977928,0.449,0.17,0,"6","MT-ATP8"
"NFE2L1",0,2.06795215993412,0.465,0.191,0,"6","NFE2L1"
"MAP1A",0,2.43124582204891,0.338,0.107,0,"6","MAP1A"
"OLFM1",0,2.30715641738361,0.343,0.115,0,"6","OLFM1"
"ECEL1",0,2.12071476051081,0.331,0.117,0,"6","ECEL1"
"FASN",0,2.11249171988413,0.317,0.103,0,"6","FASN"
"ACHE",0,2.02557883226817,0.308,0.103,0,"6","ACHE"
"NEFM",0,2.57632702494631,0.291,0.086,0,"6","NEFM"
"THY11",0,2.42567678189455,0.275,0.09,0,"6","THY1"
"ADCYAP1",0,2.9437729267072,0.259,0.078,0,"6","ADCYAP1"
"SYNGR3",0,2.6929890521055,0.239,0.06,0,"6","SYNGR3"
"B4GAT1",0,2.14237293745487,0.257,0.089,0,"6","B4GAT1"
"VGF",0,3.11712885547466,0.223,0.065,0,"6","VGF"
"GNAZ",0,2.05009488916889,0.202,0.061,0,"6","GNAZ"
"TMEM35A",0,2.00483921972223,0.216,0.077,0,"6","TMEM35A"
"ARHGDIG",0,2.06501519996954,0.195,0.057,0,"6","ARHGDIG"
"AC097468.2",0,2.19805136381428,0.182,0.045,0,"6","AC097468.2"
"PCSK1",0,2.54190850673759,0.175,0.045,0,"6","PCSK1"
"KBTBD6",0,2.04142724288252,0.181,0.052,0,"6","KBTBD6"
"NCDN",0,2.11617336559225,0.177,0.053,0,"6","NCDN"
"PNMA8A",0,2.25945670527159,0.165,0.045,0,"6","PNMA8A"
"EHD3",0,2.10395881386838,0.162,0.046,0,"6","EHD3"
"LGI3",0,2.71500076798941,0.135,0.024,0,"6","LGI3"
"NEFH",0,2.41681728586349,0.147,0.043,0,"6","NEFH"
"CREG2",0,2.35134968425407,0.14,0.04,0,"6","CREG2"
"CEND1",0,2.03112904675443,0.154,0.055,0,"6","CEND1"
"GPR27",0,2.07740585450612,0.124,0.032,0,"6","GPR27"
"NPB",0,2.14757069875265,0.117,0.026,0,"6","NPB"
"TPPP",0,2.00234425678069,0.123,0.033,0,"6","TPPP"
"PCDH9-AS1",0,2.20339079264465,0.12,0.031,0,"6","PCDH9-AS1"
"RET",0,2.11833253112947,0.125,0.038,0,"6","RET"
"CHRNB2",0,2.29639935696323,0.107,0.024,0,"6","CHRNB2"
"ZCCHC12",0,2.14682442185293,0.123,0.04,0,"6","ZCCHC12"
"AC093503.2",0,2.66357997587126,0.099,0.017,0,"6","AC093503.2"
"TMEM151A",0,2.2471866753683,0.107,0.028,0,"6","TMEM151A"
"TUBB4A",0,2.25654003546457,0.102,0.026,0,"6","TUBB4A"
"FBXO2",0,2.0065203949869,0.102,0.028,0,"6","FBXO2"
"SLC6A17",0,2.27217660394666,0.093,0.022,0,"6","SLC6A17"
"AHNAK2",0,2.26729483004433,0.091,0.022,0,"6","AHNAK2"
"CDHR1",0,2.51420946700876,0.086,0.019,0,"6","CDHR1"
"SPRN",0,2.3817794277838,0.08,0.015,0,"6","SPRN"
"VIP",0,3.94499842254175,0.081,0.017,0,"6","VIP"
"MAGEE1",0,2.23531750470062,0.083,0.019,0,"6","MAGEE1"
"PHF24",0,2.1782133990339,0.077,0.016,0,"6","PHF24"
"PCDHB6",0,2.03809863005396,0.083,0.023,0,"6","PCDHB6"
"GABRQ",0,2.81395061240013,0.078,0.018,0,"6","GABRQ"
"SMIM10L2A",0,2.20562502166248,0.075,0.017,0,"6","SMIM10L2A"
"CHRM1",0,2.18704068666969,0.073,0.018,0,"6","CHRM1"
"AC114947.2",0,2.11747351599911,0.069,0.015,0,"6","AC114947.2"
"TAC3",0,2.01373600375348,0.079,0.025,0,"6","TAC3"
"DIRAS3",0,2.29946982104522,0.068,0.015,0,"6","DIRAS3"
"KCNJ12",0,2.01148839116719,0.067,0.015,0,"6","KCNJ12"
"CRH1",0,3.4719249958331,0.065,0.014,0,"6","CRH"
"ISLR2",0,2.11028438828928,0.071,0.02,0,"6","ISLR2"
"LINC01561",0,2.23104170089977,0.064,0.014,0,"6","LINC01561"
"PTGES1",0,2.56889411125905,0.056,0.01,0,"6","PTGES"
"CRABP1",0,2.40382147989295,0.055,0.009,0,"6","CRABP1"
"AC008852.1",0,2.42870331042424,0.057,0.012,0,"6","AC008852.1"
"FNDC10",0,2.12117495906696,0.053,0.011,0,"6","FNDC10"
"AMIGO1",0,2.02038273170894,0.049,0.011,0,"6","AMIGO1"
"SDC1",0,2.25675098087605,0.05,0.014,0,"6","SDC1"
"SST",0,2.60815501476481,0.067,0.031,0,"6","SST"
"SNCB",0,2.09862475969633,0.047,0.012,0,"6","SNCB"
"SCN2B",0,2.5672962059914,0.041,0.006,0,"6","SCN2B"
"TPBGL",0,2.77382893741494,0.038,0.005,0,"6","TPBGL"
"CBLN1",0,2.50784284954137,0.04,0.008,0,"6","CBLN1"
"SLC7A4",0,2.2272868979131,0.041,0.009,0,"6","SLC7A4"
"NAP1L2",0,2.23266313370639,0.038,0.006,0,"6","NAP1L2"
"CARTPT",0,2.32063506857812,0.051,0.02,0,"6","CARTPT"
"CTAG21",0,2.00748549533685,0.04,0.01,0,"6","CTAG2"
"ZDHHC22",0,2.16635635272749,0.035,0.007,0,"6","ZDHHC22"
"NGB",0,2.60283286494975,0.033,0.005,0,"6","NGB"
"HRH3",0,2.18056536710595,0.034,0.007,0,"6","HRH3"
"HTR3A",0,2.01656333421435,0.037,0.01,0,"6","HTR3A"
"NPTX1",0,2.23554764289648,0.03,0.006,0,"6","NPTX1"
"MCHR1",0,2.31336551172204,0.028,0.005,0,"6","MCHR1"
"C11orf87",0,2.03700788168966,0.029,0.007,0,"6","C11orf87"
"AC116565.1",0,2.00030315636655,0.028,0.006,0,"6","AC116565.1"
"CPNE61",0,2.08634697711917,0.026,0.004,0,"6","CPNE6"
"AP003392.3",0,2.05577969279286,0.026,0.005,0,"6","AP003392.3"
"MC4R",0,2.37206868041142,0.026,0.006,0,"6","MC4R"
"CALCA",0,3.54108854332705,0.025,0.006,0,"6","CALCA"
"KISS11",0,2.03408416677371,0.024,0.006,0,"6","KISS1"
"AC107373.2",0,2.40704344977025,0.018,0.003,0,"6","AC107373.2"
"CHAC1",0,2.09011659276472,0.02,0.005,0,"6","CHAC1"
"ADRA2C1",0,2.01562284652683,0.019,0.004,0,"6","ADRA2C"
"AC141928.1",0,2.38935179466307,0.017,0.003,0,"6","AC141928.1"
"ADM2",0,2.07019528963101,0.016,0.003,0,"6","ADM2"
"LINGO4",0,2.62811167056744,0.015,0.002,0,"6","LINGO4"
"FAM87A",0,2.12313901284544,0.015,0.002,0,"6","FAM87A"
"AC010503.1",0,2.35143187491754,0.014,0.002,0,"6","AC010503.1"
"AC008897.3",0,2.17961714014034,0.013,0.002,0,"6","AC008897.3"
"CCK",0,2.66577025664479,0.012,0.002,0,"6","CCK"
"CGA",4.57197335350184e-305,3.30612295789947,0.015,0.003,1.49210922364886e-300,"6","CGA"
"TRH",5.29092762203336e-287,2.33029370700343,0.019,0.005,1.72674713872681e-282,"6","TRH"
"AC010624.2",7.01938519889001e-279,2.03754759527001,0.018,0.004,2.29084655350974e-274,"6","AC010624.2"
"CHRNA4",3.90918886210542e-276,2.3267734130975,0.014,0.003,1.27580287703673e-271,"6","CHRNA4"
"AC005387.1",1.29165691415344e-271,2.01073448664697,0.014,0.003,4.21545150503116e-267,"6","AC005387.1"
"SSTR3",8.44413627317147e-264,2.05962924895413,0.011,0.002,2.75582831411224e-259,"6","SSTR3"
"MAGEA1",1.34674878723108e-239,2.13217611816882,0.011,0.002,4.39524934200735e-235,"6","MAGEA1"
"UTS2",2.43556923622787e-215,2.20671182499694,0.021,0.007,7.94872375935329e-211,"6","UTS2"
"SLC35D3",3.35441624812936e-212,2.22104721348299,0.012,0.002,1.0947472867395e-207,"6","SLC35D3"
"AC104793.1",4.22346229991082e-200,2.38276659123078,0.011,0.002,1.3783691561989e-195,"6","AC104793.1"
"MTRNR2L10",1.74707449210738e-162,2.41736210729514,0.015,0.005,5.70175231244166e-158,"6","MTRNR2L10"
"AL136373.1",8.28809260594323e-159,2.26663317108053,0.011,0.003,2.70490190287563e-154,"6","AL136373.1"
"PENK",1.65467672846202e-144,2.02720489765107,0.012,0.003,5.40020297100866e-140,"6","PENK"
"SAT12",0,3.75621277374449,0.926,0.178,0,"7","SAT1"
"RBM472",0,3.9805250972618,0.76,0.057,0,"7","RBM47"
"CD742",0,3.24688929043226,0.799,0.123,0,"7","CD74"
"MSR11",0,5.68874215873979,0.669,0.027,0,"7","MSR1"
"SRGN2",0,3.37263472898381,0.739,0.108,0,"7","SRGN"
"HLA-DRA2",0,3.23219355264517,0.68,0.079,0,"7","HLA-DRA"
"TBXAS11",0,4.73231851437003,0.649,0.053,0,"7","TBXAS1"
"SLCO2B11",0,5.54343151761986,0.624,0.031,0,"7","SLCO2B1"
"PTPRC3",0,2.07459766939831,0.672,0.09,0,"7","PTPRC"
"CTSB1",0,3.91049579568966,0.769,0.196,0,"7","CTSB"
"AOAH2",0,3.61285232817333,0.637,0.066,0,"7","AOAH"
"MS4A6A1",0,5.25091235854665,0.581,0.021,0,"7","MS4A6A"
"SELENOP1",0,4.9937644133142,0.611,0.056,0,"7","SELENOP"
"LGMN1",0,5.21946313695884,0.622,0.068,0,"7","LGMN"
"CPVL1",0,4.34527385270412,0.622,0.076,0,"7","CPVL"
"PLXDC2",0,2.85002129654361,0.867,0.325,0,"7","PLXDC2"
"ABCA1",0,3.50159672909267,0.685,0.146,0,"7","ABCA1"
"LRMDA",0,2.7825054432423,0.805,0.266,0,"7","LRMDA"
"SLC1A31",0,5.18742826503295,0.558,0.026,0,"7","SLC1A3"
"IQGAP21",0,3.07942596088577,0.661,0.132,0,"7","IQGAP2"
"SAMSN12",0,4.07096745117403,0.581,0.052,0,"7","SAMSN1"
"ARHGAP18",0,3.85328053870719,0.599,0.073,0,"7","ARHGAP18"
"RGS12",0,4.02703369298693,0.564,0.038,0,"7","RGS1"
"HLA-DRB12",0,3.20943817986902,0.585,0.073,0,"7","HLA-DRB1"
"FRMD4B",0,3.30088500193829,0.652,0.156,0,"7","FRMD4B"
"MERTK",0,5.14823050171227,0.521,0.034,0,"7","MERTK"
"NPL1",0,4.51903085997689,0.534,0.051,0,"7","NPL"
"SLC9A9",0,3.69161798712422,0.585,0.102,0,"7","SLC9A9"
"RAB311",0,3.81513141096709,0.586,0.107,0,"7","RAB31"
"APOE2",0,3.06875924047034,0.543,0.069,0,"7","APOE"
"DOCK83",0,2.88158865985914,0.556,0.087,0,"7","DOCK8"
"DOCK23",0,3.24741571080147,0.552,0.083,0,"7","DOCK2"
"BMP2K",0,3.25437773795759,0.636,0.167,0,"7","BMP2K"
"CLEC7A1",0,5.23090235813695,0.485,0.018,0,"7","CLEC7A"
"ZEB21",0,2.37213165731865,0.804,0.339,0,"7","ZEB2"
"RAB201",0,4.12750087910717,0.505,0.041,0,"7","RAB20"
"CSF2RA2",0,5.19901288923419,0.484,0.02,0,"7","CSF2RA"
"CD861",0,5.31911267516285,0.475,0.018,0,"7","CD86"
"IL181",0,5.22943501993689,0.492,0.037,0,"7","IL18"
"ATP8B41",0,4.78270108280288,0.488,0.035,0,"7","ATP8B4"
"LYN2",0,3.35508999719065,0.521,0.069,0,"7","LYN"
"CHST112",0,2.94362041056575,0.634,0.184,0,"7","CHST11"
"FYB12",0,3.22373432207765,0.503,0.058,0,"7","FYB1"
"ITPR2",0,2.70798464260351,0.691,0.247,0,"7","ITPR2"
"LAPTM53",0,2.96480912596897,0.507,0.064,0,"7","LAPTM5"
"MRC11",0,5.48672980449422,0.46,0.023,0,"7","MRC1"
"C1QA1",0,4.33478921349224,0.451,0.02,0,"7","C1QA"
"QKI1",0,2.27356026618472,0.789,0.359,0,"7","QKI"
"FCGR2A1",0,5.14087471424428,0.447,0.02,0,"7","FCGR2A"
"PSAP1",0,2.67131533384545,0.79,0.369,0,"7","PSAP"
"MITF1",0,4.74710200457562,0.457,0.038,0,"7","MITF"
"SFMBT2",0,3.27865416587174,0.572,0.155,0,"7","SFMBT2"
"CD1631",0,6.09673208771365,0.429,0.013,0,"7","CD163"
"FCHO2",0,3.32394049646584,0.634,0.221,0,"7","FCHO2"
"CSF1R1",0,5.0105739763572,0.432,0.02,0,"7","CSF1R"
"HIF1A",0,2.75484435990233,0.704,0.295,0,"7","HIF1A"
"HLA-DPB12",0,3.03561816383159,0.471,0.063,0,"7","HLA-DPB1"
"FPR31",0,5.73701874439211,0.417,0.012,0,"7","FPR3"
"FAM49A1",0,3.58705804712887,0.51,0.106,0,"7","FAM49A"
"C1QB1",0,4.28030197651498,0.422,0.019,0,"7","C1QB"
"TFEC2",0,5.87439842817608,0.416,0.014,0,"7","TFEC"
"CTSS2",0,3.21715226009111,0.468,0.068,0,"7","CTSS"
"MS4A4A1",0,5.38551103912211,0.413,0.014,0,"7","MS4A4A"
"INPP5D3",0,2.80942280179617,0.472,0.076,0,"7","INPP5D"
"SYK2",0,4.15592873264069,0.422,0.026,0,"7","SYK"
"FTL1",0,2.92581235045667,0.681,0.286,0,"7","FTL"
"HLA-DQA12",0,3.49049209166189,0.43,0.036,0,"7","HLA-DQA1"
"CTSC1",0,3.36137344766559,0.468,0.074,0,"7","CTSC"
"TNFRSF1B2",0,3.17456537612378,0.457,0.064,0,"7","TNFRSF1B"
"NABP11",0,3.69821961932376,0.443,0.051,0,"7","NABP1"
"RNF144B2",0,4.13691983738052,0.425,0.034,0,"7","RNF144B"
"TGFBI2",0,3.59417032384529,0.445,0.055,0,"7","TGFBI"
"GPNMB1",0,3.5701614481599,0.449,0.059,0,"7","GPNMB"
"TRPS1",0,2.85275731574423,0.579,0.19,0,"7","TRPS1"
"ETV6",0,2.25955590764068,0.669,0.282,0,"7","ETV6"
"HLA-DPA12",0,3.19747099133838,0.448,0.061,0,"7","HLA-DPA1"
"PLSCR11",0,2.71174041465183,0.498,0.112,0,"7","PLSCR1"
"ITGAX1",0,5.09157321468515,0.404,0.018,0,"7","ITGAX"
"ADAM282",0,4.1868134798603,0.417,0.032,0,"7","ADAM28"
"MANBA",0,3.34321086111334,0.546,0.162,0,"7","MANBA"
"HLA-DQB12",0,3.37053501668852,0.424,0.045,0,"7","HLA-DQB1"
"ADAP21",0,4.81973276196837,0.414,0.035,0,"7","ADAP2"
"SIPA1L11",0,2.88529886689869,0.639,0.261,0,"7","SIPA1L1"
"RAPGEF11",0,2.62598817841249,0.631,0.254,0,"7","RAPGEF1"
"THEMIS21",0,4.70351645174395,0.398,0.023,0,"7","THEMIS2"
"SLC40A11",0,4.95561156924193,0.411,0.039,0,"7","SLC40A1"
"ATG7",0,2.79368932970387,0.672,0.303,0,"7","ATG7"
"ELMO11",0,2.19844449776234,0.662,0.293,0,"7","ELMO1"
"TNS3",0,3.0179675786114,0.467,0.098,0,"7","TNS3"
"LCP22",0,3.73945652701334,0.404,0.036,0,"7","LCP2"
"CD842",0,4.63411755503186,0.387,0.019,0,"7","CD84"
"C5AR11",0,4.54414949720812,0.398,0.03,0,"7","C5AR1"
"SGK11",0,2.77988215737812,0.498,0.133,0,"7","SGK1"
"TYMP1",0,3.34286532297486,0.436,0.071,0,"7","TYMP"
"ACSL11",0,3.77049633743806,0.462,0.1,0,"7","ACSL1"
"CTSZ1",0,3.67425067626459,0.419,0.058,0,"7","CTSZ"
"RREB1",0,2.93640687562939,0.436,0.077,0,"7","RREB1"
"KYNU2",0,4.21599242906533,0.384,0.026,0,"7","KYNU"
"LITAF1",0,2.72818378848826,0.501,0.144,0,"7","LITAF"
"PDGFC",0,3.78356517273379,0.408,0.052,0,"7","PDGFC"
"PLA2G71",0,5.78374415486739,0.368,0.013,0,"7","PLA2G7"
"CD141",0,4.27736984036657,0.38,0.026,0,"7","CD14"
"PIK3R53",0,3.84154800761485,0.383,0.029,0,"7","PIK3R5"
"DMXL2",0,3.24874723643229,0.583,0.23,0,"7","DMXL2"
"PLAUR1",0,3.67223833972174,0.391,0.039,0,"7","PLAUR"
"FGL21",0,3.77881117193634,0.387,0.035,0,"7","FGL2"
"GLUL1",0,3.11276056964518,0.514,0.163,0,"7","GLUL"
"LPAR6",0,3.15501108141093,0.456,0.108,0,"7","LPAR6"
"PARP142",0,2.29275399229175,0.473,0.125,0,"7","PARP14"
"EPSTI11",0,2.82033293443375,0.415,0.067,0,"7","EPSTI1"
"TLR21",0,5.19279187876581,0.36,0.014,0,"7","TLR2"
"MFSD11",0,3.3143612530411,0.468,0.124,0,"7","MFSD1"
"MARCH12",0,2.21400691359279,0.481,0.138,0,"7","MARCH1"
"NAMPT1",0,2.75726971984716,0.56,0.219,0,"7","NAMPT"
"MYO1F2",0,3.29670658554517,0.39,0.049,0,"7","MYO1F"
"C1QC1",0,4.34727449892931,0.355,0.016,0,"7","C1QC"
"HCLS13",0,3.53569586486753,0.379,0.041,0,"7","HCLS1"
"CIITA2",0,3.71142137075889,0.379,0.043,0,"7","CIITA"
"REL1",0,2.60378652600099,0.501,0.165,0,"7","REL"
"ASAH11",0,2.72326644275529,0.564,0.228,0,"7","ASAH1"
"TYROBP1",0,3.59066350188746,0.359,0.024,0,"7","TYROBP"
"CPM",0,3.87511955806648,0.387,0.053,0,"7","CPM"
"IRAK32",0,2.71485757630397,0.431,0.097,0,"7","IRAK3"
"MGAT11",0,3.17492089631902,0.435,0.103,0,"7","MGAT1"
"GPR1832",0,3.7879237209492,0.367,0.035,0,"7","GPR183"
"CD832",0,3.83285689916004,0.381,0.05,0,"7","CD83"
"NCKAP1L3",0,3.85030453394367,0.358,0.027,0,"7","NCKAP1L"
"CD533",0,2.58578019482591,0.382,0.052,0,"7","CD53"
"SNX291",0,2.5221226070509,0.604,0.274,0,"7","SNX29"
"GAS71",0,2.56589209781054,0.425,0.095,0,"7","GAS7"
"FPR11",0,5.24635406876609,0.343,0.014,0,"7","FPR1"
"DAPK1",0,2.95707334163324,0.556,0.228,0,"7","DAPK1"
"HLA-DMB2",0,3.90589161221565,0.356,0.028,0,"7","HLA-DMB"
"CEBPD2",0,2.44395041025737,0.423,0.095,0,"7","CEBPD"
"TFRC1",0,4.19043015870242,0.449,0.122,0,"7","TFRC"
"MAP3K81",0,3.18921642397915,0.39,0.064,0,"7","MAP3K8"
"MYO9B",0,2.3523278822387,0.605,0.281,0,"7","MYO9B"
"MIR181A1HG1",0,3.38077156488215,0.405,0.083,0,"7","MIR181A1HG"
"ELL2",0,2.52562187629105,0.512,0.191,0,"7","ELL2"
"BNC21",0,2.15021548396683,0.433,0.112,0,"7","BNC2"
"CTSL1",0,3.48953542667972,0.449,0.128,0,"7","CTSL"
"HNMT1",0,4.68337186296561,0.346,0.026,0,"7","HNMT"
"GSAP1",0,3.11763195845389,0.427,0.108,0,"7","GSAP"
"PTPRJ1",0,2.06619843079802,0.488,0.169,0,"7","PTPRJ"
"MPEG12",0,4.65265656842187,0.334,0.016,0,"7","MPEG1"
"APBB1IP3",0,2.844519263653,0.367,0.052,0,"7","APBB1IP"
"GNA13",0,2.93776479175076,0.499,0.185,0,"7","GNA13"
"GNB41",0,2.98379274390067,0.402,0.091,0,"7","GNB4"
"CD163L1",0,4.70328004228809,0.424,0.113,0,"7","CD163L1"
"ZNF3311",0,2.16512330866743,0.489,0.178,0,"7","ZNF331"
"ZNF710",0,3.2906374567575,0.409,0.098,0,"7","ZNF710"
"ZFP36L12",0,2.21482284647968,0.436,0.126,0,"7","ZFP36L1"
"MAFB1",0,4.30001007906226,0.353,0.043,0,"7","MAFB"
"AXL1",0,2.04842460922243,0.39,0.08,0,"7","AXL"
"PREX13",0,2.94333500682768,0.365,0.055,0,"7","PREX1"
"KLHL63",0,4.30387387838888,0.331,0.022,0,"7","KLHL6"
"SKAP21",0,2.52968899688505,0.409,0.1,0,"7","SKAP2"
"RUNX11",0,2.00777919727769,0.478,0.169,0,"7","RUNX1"
"GPRIN31",0,3.2474718251731,0.377,0.069,0,"7","GPRIN3"
"RNF1491",0,2.38832848420942,0.588,0.282,0,"7","RNF149"
"CD681",0,3.71715934140291,0.33,0.025,0,"7","CD68"
"FCGRT1",0,3.22265218257864,0.394,0.091,0,"7","FCGRT"
"DOCK4",0,2.33029647285979,0.819,0.516,0,"7","DOCK4"
"AP1B1",0,2.92276628323758,0.438,0.136,0,"7","AP1B1"
"CREG11",0,3.77305906933699,0.365,0.064,0,"7","CREG1"
"SH2B3",0,2.82822527512939,0.404,0.104,0,"7","SH2B3"
"CREM1",0,2.13356501024395,0.544,0.245,0,"7","CREM"
"STAB11",0,4.78971365598391,0.322,0.023,0,"7","STAB1"
"RNF13",0,2.42028710669486,0.551,0.254,0,"7","RNF13"
"STX71",0,2.56591710184982,0.457,0.16,0,"7","STX7"
"CD42",0,3.77280224917771,0.327,0.031,0,"7","CD4"
"HAVCR21",0,3.40957084400831,0.362,0.066,0,"7","HAVCR2"
"IL10RA3",0,3.89382609609332,0.32,0.025,0,"7","IL10RA"
"PFKFB3",0,2.45673621382788,0.402,0.109,0,"7","PFKFB3"
"ENTPD13",0,2.54183226349761,0.364,0.071,0,"7","ENTPD1"
"FNBP11",0,2.18567228752296,0.62,0.329,0,"7","FNBP1"
"PIK3AP12",0,4.09014514457358,0.314,0.025,0,"7","PIK3AP1"
"RIN31",0,2.75737998635921,0.354,0.068,0,"7","RIN3"
"ARL4C",0,2.62123484992698,0.462,0.18,0,"7","ARL4C"
"FCER1G1",0,3.55571168536349,0.303,0.021,0,"7","FCER1G"
"SLA3",0,3.00828667003587,0.323,0.042,0,"7","SLA"
"GRN1",0,2.73334472094364,0.428,0.147,0,"7","GRN"
"KCNMA1",0,2.56434662727079,0.614,0.334,0,"7","KCNMA1"
"SMAP23",0,2.34140308484123,0.437,0.158,0,"7","SMAP2"
"SRGAP2",0,2.56045735362199,0.397,0.118,0,"7","SRGAP2"
"HERPUD12",0,2.66232390571213,0.455,0.176,0,"7","HERPUD1"
"GK1",0,3.62263129010838,0.35,0.071,0,"7","GK"
"TNFAIP21",0,4.21134859372288,0.303,0.025,0,"7","TNFAIP2"
"TTYH3",0,2.70591433715422,0.433,0.156,0,"7","TTYH3"
"LY862",0,4.03223087892361,0.297,0.02,0,"7","LY86"
"SLC16A10",0,4.43614363912493,0.39,0.116,0,"7","SLC16A10"
"GPR137B",0,3.22605629178653,0.342,0.07,0,"7","GPR137B"
"MAN1A11",0,2.08038779867822,0.444,0.172,0,"7","MAN1A1"
"UBASH3B1",0,2.64728704362928,0.392,0.121,0,"7","UBASH3B"
"NHSL11",0,3.05827663683648,0.332,0.061,0,"7","NHSL1"
"APOC11",0,3.53083384932948,0.297,0.026,0,"7","APOC1"
"ARHGAP252",0,3.30028589265595,0.31,0.04,0,"7","ARHGAP25"
"FGD41",0,2.48371333309942,0.43,0.16,0,"7","FGD4"
"MBP2",0,2.30707192342192,0.385,0.116,0,"7","MBP"
"SPRED1",0,2.46363400171448,0.427,0.159,0,"7","SPRED1"
"CMTM72",0,2.67033099816944,0.342,0.075,0,"7","CMTM7"
"SH3BGRL1",0,2.1057422988001,0.396,0.131,0,"7","SH3BGRL"
"TBC1D22A1",0,2.15368280876385,0.58,0.315,0,"7","TBC1D22A"
"MGAT4A",0,2.35691389010251,0.449,0.186,0,"7","MGAT4A"
"SH3TC12",0,3.74907379005592,0.298,0.035,0,"7","SH3TC1"
"NPC21",0,2.98060600735495,0.346,0.083,0,"7","NPC2"
"FGD22",0,4.87842227893774,0.274,0.012,0,"7","FGD2"
"HCK2",0,4.3752257761906,0.278,0.017,0,"7","HCK"
"ABR",0,2.23274188291491,0.509,0.249,0,"7","ABR"
"ACER3",0,2.43595688044602,0.454,0.195,0,"7","ACER3"
"CEBPB2",0,2.36893517197716,0.336,0.078,0,"7","CEBPB"
"SDCBP1",0,2.18152690965866,0.449,0.192,0,"7","SDCBP"
"HLA-DRB52",0,3.16068213748239,0.302,0.046,0,"7","HLA-DRB5"
"RASSF41",0,2.55693123112382,0.33,0.074,0,"7","RASSF4"
"TRPM21",0,5.53525910567377,0.264,0.009,0,"7","TRPM2"
"SUSD6",0,2.18514667814023,0.412,0.158,0,"7","SUSD6"
"RILPL21",0,3.22460792103506,0.308,0.055,0,"7","RILPL2"
"DLEU71",0,3.6571045156939,0.325,0.074,0,"7","DLEU7"
"FMNL2",0,2.36461297744437,0.694,0.445,0,"7","FMNL2"
"HIF1A-AS2",0,2.71064998194718,0.405,0.157,0,"7","HIF1A-AS2"
"LAIR11",0,4.12748643218821,0.267,0.02,0,"7","LAIR1"
"CD300A1",0,4.45834579843593,0.261,0.014,0,"7","CD300A"
"HMOX11",0,4.76249169863659,0.264,0.017,0,"7","HMOX1"
"MS4A4E2",0,5.83906749859418,0.254,0.007,0,"7","MS4A4E"
"LILRB41",0,4.91515929176845,0.257,0.012,0,"7","LILRB4"
"SIGLEC13",0,5.78277803305441,0.252,0.007,0,"7","SIGLEC1"
"FAM20A",0,4.00390524773181,0.285,0.041,0,"7","FAM20A"
"CCL31",0,4.42942519516693,0.256,0.013,0,"7","CCL3"
"SPP11",0,3.68388167457813,0.285,0.042,0,"7","SPP1"
"CSF3R1",0,3.86353020337204,0.258,0.016,0,"7","CSF3R"
"RASGEF1B",0,2.1774819426636,0.437,0.195,0,"7","RASGEF1B"
"RHBDF22",0,3.31511840841672,0.279,0.038,0,"7","RHBDF2"
"OSTF1",0,2.52054762308026,0.323,0.082,0,"7","OSTF1"
"IFNGR11",0,2.25191902205572,0.39,0.15,0,"7","IFNGR1"
"TPCN1",0,2.67072133368663,0.331,0.092,0,"7","TPCN1"
"MAF1",0,3.66983605486931,0.268,0.029,0,"7","MAF"
"ITGB22",0,2.67133606196998,0.274,0.035,0,"7","ITGB2"
"LY961",0,3.66017872030809,0.267,0.029,0,"7","LY96"
"FUCA11",0,3.88226895159242,0.282,0.044,0,"7","FUCA1"
"PLEKHA22",0,2.17898686290604,0.335,0.098,0,"7","PLEKHA2"
"F13A11",0,5.47493367628695,0.253,0.017,0,"7","F13A1"
"SDS1",0,5.04045635620227,0.25,0.014,0,"7","SDS"
"ST8SIA4",0,2.4804867986749,0.379,0.144,0,"7","ST8SIA4"
"EMILIN21",0,3.86909521434548,0.261,0.027,0,"7","EMILIN2"
"ITSN1",0,2.17551712674144,0.538,0.305,0,"7","ITSN1"
"CARMIL11",0,2.4928265619965,0.443,0.21,0,"7","CARMIL1"
"PLEK3",0,4.41314368292355,0.248,0.015,0,"7","PLEK"
"TNFRSF141",0,3.06094262759561,0.273,0.043,0,"7","TNFRSF14"
"PELI12",0,2.07476778347242,0.395,0.165,0,"7","PELI1"
"PLD11",0,2.06193795044711,0.326,0.096,0,"7","PLD1"
"SGK3",0,2.36104358895689,0.363,0.134,0,"7","SGK3"
"VAV32",0,2.3519420514888,0.287,0.059,0,"7","VAV3"
"AC074327.1",0,5.92085199557326,0.239,0.011,0,"7","AC074327.1"
"C3AR11",0,4.41191849169501,0.242,0.014,0,"7","C3AR1"
"AC009093.21",0,3.25378071470636,0.282,0.054,0,"7","AC009093.2"
"PPARD",0,2.63180407025778,0.343,0.116,0,"7","PPARD"
"RCSD12",0,2.37659741912012,0.273,0.047,0,"7","RCSD1"
"SPI11",0,3.620963821114,0.248,0.024,0,"7","SPI1"
"RASSF31",0,2.31534253634638,0.313,0.089,0,"7","RASSF3"
"RBPJ",0,2.47377800423629,0.563,0.339,0,"7","RBPJ"
"WDFY42",0,3.23667227906777,0.244,0.021,0,"7","WDFY4"
"CYBA3",0,2.26654008317176,0.312,0.089,0,"7","CYBA"
"ANKUB1",0,2.43414685940538,0.487,0.264,0,"7","ANKUB1"
"ID21",0,2.3268805176416,0.315,0.093,0,"7","ID2"
"FOLR21",0,4.98828066698998,0.231,0.011,0,"7","FOLR2"
"ARRB21",0,2.61606557095203,0.32,0.1,0,"7","ARRB2"
"MALT1",0,2.56401898439945,0.377,0.157,0,"7","MALT1"
"CR12",0,4.09735586383281,0.235,0.015,0,"7","CR1"
"ALPK1",0,2.74060860071738,0.266,0.047,0,"7","ALPK1"
"CXCL161",0,3.9665058510013,0.241,0.022,0,"7","CXCL16"
"ADGRE21",0,4.48213384678827,0.232,0.013,0,"7","ADGRE2"
"AC120193.11",0,2.74901488475287,0.35,0.131,0,"7","AC120193.1"
"CMTM61",0,2.22800606486509,0.334,0.116,0,"7","CMTM6"
"CTSH2",0,2.53347559293895,0.271,0.054,0,"7","CTSH"
"MB21D21",0,2.61802536731972,0.303,0.087,0,"7","MB21D2"
"RGL1",0,2.4803396755918,0.397,0.183,0,"7","RGL1"
"MPP11",0,3.64405664867009,0.265,0.051,0,"7","MPP1"
"SLC38A6",0,2.88086883030516,0.327,0.113,0,"7","SLC38A6"
"ALOX52",0,3.83464993490624,0.239,0.026,0,"7","ALOX5"
"CMKLR12",0,4.4992824926737,0.221,0.011,0,"7","CMKLR1"
"RGS102",0,2.72776212968121,0.271,0.062,0,"7","RGS10"
"EEPD11",0,2.74452082504685,0.309,0.1,0,"7","EEPD1"
"ANKH",0,2.65939842756697,0.541,0.333,0,"7","ANKH"
"PTK2B3",0,2.63762124484186,0.281,0.073,0,"7","PTK2B"
"PLTP2",0,3.94218971441768,0.252,0.045,0,"7","PLTP"
"MKNK1",0,2.48646511110077,0.321,0.115,0,"7","MKNK1"
"IL6R1",0,3.09602404417152,0.241,0.035,0,"7","IL6R"
"SEL1L31",0,2.52681435048031,0.301,0.096,0,"7","SEL1L3"
"SLC18B1",0,4.32585846691571,0.221,0.017,0,"7","SLC18B1"
"TNFSF13B1",0,2.67673726552374,0.26,0.056,0,"7","TNFSF13B"
"CYFIP1",0,2.06735139416549,0.362,0.158,0,"7","CYFIP1"
"SNX9",0,2.0355500217251,0.5,0.299,0,"7","SNX9"
"GAB32",0,3.99355884250533,0.218,0.017,0,"7","GAB3"
"KMO2",0,5.33515710070694,0.211,0.01,0,"7","KMO"
"TPP11",0,2.45370382621337,0.293,0.094,0,"7","TPP1"
"PARVG3",0,3.71362396774391,0.22,0.022,0,"7","PARVG"
"LST11",0,3.16721344393182,0.217,0.02,0,"7","LST1"
"GPR341",0,3.88236964373221,0.22,0.023,0,"7","GPR34"
"IL2RA1",0,5.18591165554661,0.206,0.01,0,"7","IL2RA"
"UNC93B12",0,3.46143447510536,0.217,0.022,0,"7","UNC93B1"
"SIRPA1",0,3.11590969493053,0.243,0.049,0,"7","SIRPA"
"TMEM51",0,3.07093522248662,0.262,0.069,0,"7","TMEM51"
"SMPDL3A1",0,3.8724140972668,0.223,0.03,0,"7","SMPDL3A"
"RGS22",0,2.56712369414865,0.287,0.094,0,"7","RGS2"
"SLC11A11",0,3.68551444721747,0.21,0.018,0,"7","SLC11A1"
"LINC009961",0,6.54151356128015,0.194,0.003,0,"7","LINC00996"
"KIF16B1",0,2.11483796810859,0.293,0.102,0,"7","KIF16B"
"PILRA1",0,2.53598298442586,0.274,0.084,0,"7","PILRA"
"IL13RA11",0,2.37450494927996,0.269,0.079,0,"7","IL13RA1"
"PLIN21",0,2.86532110813922,0.247,0.057,0,"7","PLIN2"
"SLC7A8",0,4.08998608396196,0.216,0.027,0,"7","SLC7A8"
"AIF11",0,3.15263715914309,0.207,0.019,0,"7","AIF1"
"PLAU2",0,4.49285748608203,0.204,0.016,0,"7","PLAU"
"NFAM12",0,4.42896763884321,0.201,0.013,0,"7","NFAM1"
"ADA23",0,2.7691456098245,0.233,0.046,0,"7","ADA2"
"VSIR2",0,2.35635518226736,0.233,0.047,0,"7","VSIR"
"ABCG11",0,2.14657430046484,0.307,0.121,0,"7","ABCG1"
"METRNL3",0,2.48341062744749,0.239,0.055,0,"7","METRNL"
"TBC1D14",0,2.45052351383066,0.334,0.151,0,"7","TBC1D14"
"LRRK12",0,2.67358792457072,0.24,0.057,0,"7","LRRK1"
"NFKBID2",0,3.28823895408685,0.217,0.034,0,"7","NFKBID"
"CYTH43",0,4.07294985918566,0.196,0.013,0,"7","CYTH4"
"FCGR3A1",0,3.91247730009264,0.193,0.011,0,"7","FCGR3A"
"PPFIBP2",0,2.77126467332218,0.242,0.062,0,"7","PPFIBP2"
"SLC22A23",0,2.4212155156475,0.292,0.112,0,"7","SLC22A23"
"AP000311.1",0,2.29615796145404,0.422,0.242,0,"7","AP000311.1"
"RAP2B1",0,3.56938954755463,0.207,0.028,0,"7","RAP2B"
"BLVRB1",0,2.85637046229867,0.246,0.067,0,"7","BLVRB"
"SLC7A71",0,3.64864631254323,0.199,0.021,0,"7","SLC7A7"
"FAM102B",0,2.31570707004955,0.336,0.159,0,"7","FAM102B"
"SGPL1",0,2.20209282044643,0.393,0.216,0,"7","SGPL1"
"IER31",0,2.62080955374541,0.248,0.071,0,"7","IER3"
"TBC1D2B",0,2.22011164827158,0.277,0.102,0,"7","TBC1D2B"
"ADPGK",0,2.17761518197307,0.287,0.113,0,"7","ADPGK"
"ZNF267",0,2.98005175777789,0.216,0.042,0,"7","ZNF267"
"PTAFR1",0,4.03940665552217,0.188,0.015,0,"7","PTAFR"
"STX111",0,3.87880393043618,0.189,0.016,0,"7","STX11"
"OLR11",0,4.13050830465981,0.185,0.012,0,"7","OLR1"
"LPCAT1",0,2.53053338698322,0.266,0.094,0,"7","LPCAT1"
"C22orf343",0,2.23318623520917,0.23,0.058,0,"7","C22orf34"
"STAT41",0,2.11659222916522,0.239,0.067,0,"7","STAT4"
"COLEC122",0,3.13228800618075,0.217,0.045,0,"7","COLEC12"
"VSIG41",0,4.15953878160766,0.182,0.011,0,"7","VSIG4"
"SNX8",0,2.64057957755585,0.256,0.086,0,"7","SNX8"
"IRF82",0,3.07203537512016,0.193,0.023,0,"7","IRF8"
"AC084871.21",0,4.12834351940725,0.19,0.02,0,"7","AC084871.2"
"CCL43",0,2.94899819828734,0.187,0.017,0,"7","CCL4"
"NR4A21",0,2.27008410662891,0.264,0.095,0,"7","NR4A2"
"AC008957.2",0,5.39915515736671,0.175,0.006,0,"7","AC008957.2"
"DAB21",0,4.52354344649781,0.187,0.02,0,"7","DAB2"
"TRIM382",0,2.11445034516568,0.216,0.049,0,"7","TRIM38"
"DENND31",0,2.41789840832219,0.252,0.085,0,"7","DENND3"
"TRIM14",0,2.37471872898812,0.241,0.075,0,"7","TRIM14"
"NOTCH23",0,2.04686253649605,0.216,0.051,0,"7","NOTCH2"
"NCF42",0,4.27029665985614,0.176,0.011,0,"7","NCF4"
"NR4A31",0,2.26413492781709,0.226,0.063,0,"7","NR4A3"
"JDP21",0,2.86652254538407,0.216,0.053,0,"7","JDP2"
"ABHD12",0,2.20218532704436,0.321,0.158,0,"7","ABHD12"
"DLEU7-AS11",0,3.69256089269638,0.194,0.031,0,"7","DLEU7-AS1"
"TG2",0,3.11123690298339,0.221,0.059,0,"7","TG"
"IGSF61",0,3.13301612759717,0.2,0.038,0,"7","IGSF6"
"OTULINL1",0,3.15291334196175,0.206,0.044,0,"7","OTULINL"
"MS4A71",0,4.95110879027159,0.174,0.012,0,"7","MS4A7"
"SLC8B11",0,2.42258924277876,0.207,0.045,0,"7","SLC8B1"
"CHKA",0,2.29988095274743,0.303,0.142,0,"7","CHKA"
"ARAP11",0,2.56750049034659,0.224,0.063,0,"7","ARAP1"
"ICAM12",0,2.48867254457105,0.191,0.03,0,"7","ICAM1"
"SLC2A9",0,3.32650196253136,0.187,0.027,0,"7","SLC2A9"
"RNF135",0,3.53802366274101,0.192,0.032,0,"7","RNF135"
"AC100849.1",0,6.17370000482473,0.168,0.008,0,"7","AC100849.1"
"FKBP15",0,2.36148362922378,0.256,0.097,0,"7","FKBP15"
"LRRK22",0,2.597404016752,0.199,0.04,0,"7","LRRK2"
"FAM196B2",0,3.09197597667728,0.198,0.039,0,"7","FAM196B"
"AC011933.4",0,2.15707560018587,0.321,0.162,0,"7","AC011933.4"
"TPK11",0,2.0863133973526,0.283,0.125,0,"7","TPK1"
"TLR12",0,3.95739430831931,0.172,0.015,0,"7","TLR1"
"HEXB1",0,2.10593559150377,0.261,0.105,0,"7","HEXB"
"RAB7B2",0,4.92327834117779,0.164,0.008,0,"7","RAB7B"
"CCL4L22",0,4.59212303594678,0.164,0.008,0,"7","CCL4L2"
"WIPI1",0,2.42720033441881,0.209,0.053,0,"7","WIPI1"
"CRYL1",0,2.75131530370902,0.211,0.056,0,"7","CRYL1"
"RNASE62",0,3.84335187694034,0.167,0.012,0,"7","RNASE6"
"SLC11A2",0,2.20520460454251,0.287,0.132,0,"7","SLC11A2"
"SRGAP2B",0,2.19876430645147,0.252,0.098,0,"7","SRGAP2B"
"NCEH1",0,2.40773801917873,0.215,0.061,0,"7","NCEH1"
"MCOLN1",0,2.98327557625731,0.211,0.057,0,"7","MCOLN1"
"SLC15A32",0,2.59489013674461,0.181,0.028,0,"7","SLC15A3"
"CHST151",0,2.49964015121948,0.215,0.063,0,"7","CHST15"
"LINC023281",0,2.814922556792,0.191,0.039,0,"7","LINC02328"
"VAV13",0,2.83395650548266,0.179,0.027,0,"7","VAV1"
"ST182",0,3.48909165593574,0.186,0.034,0,"7","ST18"
"CD58",0,2.20187771145099,0.232,0.081,0,"7","CD58"
"RASGRP33",0,2.22383763844686,0.206,0.055,0,"7","RASGRP3"
"ATG16L2",0,2.16550878174659,0.244,0.093,0,"7","ATG16L2"
"HBEGF2",0,2.78085321940319,0.193,0.044,0,"7","HBEGF"
"PYGL2",0,2.85683582475049,0.181,0.032,0,"7","PYGL"
"ITGAM1",0,3.69182585926616,0.163,0.014,0,"7","ITGAM"
"C1orf1621",0,2.77572866758503,0.173,0.025,0,"7","C1orf162"
"TM6SF1",0,2.29723077048345,0.225,0.078,0,"7","TM6SF1"
"ACP51",0,3.38126240439107,0.162,0.015,0,"7","ACP5"
"HEATR3",0,2.93859177048604,0.206,0.059,0,"7","HEATR3"
"FERMT31",0,2.59972233233905,0.181,0.035,0,"7","FERMT3"
"TEC",0,3.3112009143188,0.173,0.027,0,"7","TEC"
"AC104365.1",0,2.68427161631357,0.246,0.1,0,"7","AC104365.1"
"VAMP82",0,2.26123381824736,0.181,0.036,0,"7","VAMP8"
"TNFRSF21",0,3.06112684099514,0.208,0.063,0,"7","TNFRSF21"
"RNASE11",0,4.07669291140173,0.178,0.033,0,"7","RNASE1"
"FLVCR21",0,2.44195752844421,0.172,0.028,0,"7","FLVCR2"
"CD382",0,3.02346247502143,0.166,0.023,0,"7","CD38"
"GLIPR12",0,2.06352752834948,0.193,0.05,0,"7","GLIPR1"
"ADCY71",0,2.36694674621278,0.217,0.074,0,"7","ADCY7"
"RASSF22",0,2.19171991451179,0.189,0.046,0,"7","RASSF2"
"ESR11",0,2.07235300416363,0.194,0.051,0,"7","ESR1"
"LILRB21",0,4.52859633241547,0.151,0.008,0,"7","LILRB2"
"CD722",0,3.41653238358718,0.162,0.02,0,"7","CD72"
"SEMA4A",0,2.62676468966385,0.168,0.028,0,"7","SEMA4A"
"NINJ11",0,2.58614150513564,0.204,0.064,0,"7","NINJ1"
"CASS42",0,4.26681832830427,0.151,0.011,0,"7","CASS4"
"ELMO1-AS12",0,2.42886486777095,0.186,0.047,0,"7","ELMO1-AS1"
"ZNF577",0,3.05558723139786,0.204,0.065,0,"7","ZNF577"
"GM2A2",0,2.78189865083483,0.167,0.029,0,"7","GM2A"
"VASH1",0,2.63735107681209,0.211,0.073,0,"7","VASH1"
"MMP191",0,3.1321515890087,0.168,0.03,0,"7","MMP19"
"HLA-DMA1",0,3.04309622629392,0.175,0.037,0,"7","HLA-DMA"
"PALD11",0,3.17624857439058,0.173,0.035,0,"7","PALD1"
"AKR1A11",0,2.05984504922965,0.268,0.131,0,"7","AKR1A1"
"LIMD11",0,2.23112198991717,0.194,0.057,0,"7","LIMD1"
"PRDM14",0,2.78671005843612,0.162,0.025,0,"7","PRDM1"
"SLC43A21",0,2.06554381700694,0.271,0.134,0,"7","SLC43A2"
"LGALS93",0,2.69983108334641,0.164,0.027,0,"7","LGALS9"
"CTSA1",0,2.13200771931296,0.228,0.091,0,"7","CTSA"
"LILRB51",0,6.39422023245577,0.139,0.002,0,"7","LILRB5"
"DRAM1",0,2.24959124617224,0.194,0.058,0,"7","DRAM1"
"MRC22",0,2.6297038887452,0.181,0.046,0,"7","MRC2"
"GNA12",0,2.05262240160025,0.348,0.213,0,"7","GNA12"
"IGSF21",0,4.01425839572895,0.165,0.031,0,"7","IGSF21"
"KCNE11",0,4.68053439800895,0.144,0.01,0,"7","KCNE1"
"OLFML2B2",0,2.12111901871708,0.167,0.034,0,"7","OLFML2B"
"GRAMD4",0,2.12071516476993,0.232,0.099,0,"7","GRAMD4"
"DIRC2",0,2.14891544896136,0.246,0.114,0,"7","DIRC2"
"HLA-DOA2",0,3.36989025860887,0.147,0.015,0,"7","HLA-DOA"
"AP000812.1",0,5.30053156524981,0.14,0.008,0,"7","AP000812.1"
"CCR11",0,4.24454488224024,0.141,0.009,0,"7","CCR1"
"CYBB1",0,3.84900108042601,0.144,0.012,0,"7","CYBB"
"NCF21",0,3.19750666438751,0.146,0.016,0,"7","NCF2"
"CDH231",0,3.07149711478539,0.16,0.03,0,"7","CDH23"
"CCL3L11",0,4.7168105704747,0.136,0.006,0,"7","CCL3L1"
"AC004687.13",0,2.33994407424445,0.153,0.023,0,"7","AC004687.1"
"ELL1",0,2.05160703337667,0.191,0.061,0,"7","ELL"
"TMC62",0,2.05045878727742,0.167,0.038,0,"7","TMC6"
"KCNAB21",0,2.15246627729758,0.214,0.086,0,"7","KCNAB2"
"MNDA2",0,2.97240599811458,0.142,0.014,0,"7","MNDA"
"CDCP11",0,4.80376921157707,0.135,0.008,0,"7","CDCP1"
"ME1",0,2.23737987303477,0.294,0.167,0,"7","ME1"
"RNASET22",0,2.81092541987247,0.169,0.043,0,"7","RNASET2"
"NMRK1",0,2.35329355012393,0.173,0.047,0,"7","NMRK1"
"CABLES1",0,2.77899202145649,0.204,0.078,0,"7","CABLES1"
"PSTPIP21",0,3.35924131932716,0.152,0.026,0,"7","PSTPIP2"
"LILRB12",0,4.33283728713881,0.133,0.007,0,"7","LILRB1"
"MR11",0,2.70807939964947,0.153,0.028,0,"7","MR1"
"CD300LF1",0,4.33459361179304,0.138,0.013,0,"7","CD300LF"
"CYP27A11",0,2.48179008073071,0.177,0.053,0,"7","CYP27A1"
"AC023051.1",0,3.03512006259025,0.172,0.048,0,"7","AC023051.1"
"NEK61",0,2.02183729270486,0.166,0.044,0,"7","NEK6"
"CD801",0,5.32494642526223,0.128,0.006,0,"7","CD80"
"AMPD3",0,2.77935548995578,0.175,0.053,0,"7","AMPD3"
"SLC46A3",0,2.72151787022454,0.157,0.035,0,"7","SLC46A3"
"PTGER42",0,2.40949588712522,0.158,0.039,0,"7","PTGER4"
"C33",0,2.27433310153323,0.144,0.025,0,"7","C3"
"RUBCNL1",0,2.79621618990128,0.152,0.033,0,"7","RUBCNL"
"PDK3",0,2.23598299847989,0.192,0.074,0,"7","PDK3"
"CFLAR-AS1",0,2.08754440761515,0.173,0.055,0,"7","CFLAR-AS1"
"TREM21",0,3.75212011021216,0.126,0.008,0,"7","TREM2"
"ARHGAP44",0,2.51805849105779,0.15,0.032,0,"7","ARHGAP4"
"SLC37A22",0,4.48907516522311,0.126,0.008,0,"7","SLC37A2"
"CCDC1701",0,2.98781918720523,0.138,0.021,0,"7","CCDC170"
"DPEP23",0,3.1973082998659,0.13,0.013,0,"7","DPEP2"
"HPS3",0,2.4166197326827,0.191,0.075,0,"7","HPS3"
"JAML3",0,2.28288942646497,0.137,0.022,0,"7","JAML"
"LYVE11",0,3.74275526327492,0.135,0.02,0,"7","LYVE1"
"TGIF11",0,2.26575603552278,0.155,0.041,0,"7","TGIF1"
"NAAA1",0,2.25565373852642,0.169,0.056,0,"7","NAAA"
"BIN23",0,2.01009029976939,0.141,0.028,0,"7","BIN2"
"TGFA",0,5.18120737343734,0.117,0.005,0,"7","TGFA"
"RNASEH2B-AS11",0,3.68407233804079,0.132,0.02,0,"7","RNASEH2B-AS1"
"SLC31A21",0,3.37740975935919,0.135,0.024,0,"7","SLC31A2"
"AC066613.2",0,3.20756549970626,0.156,0.045,0,"7","AC066613.2"
"PLBD11",0,2.36751615259191,0.137,0.027,0,"7","PLBD1"
"SIRPB21",0,4.7102701733541,0.115,0.005,0,"7","SIRPB2"
"AC044781.11",0,2.25488051511656,0.192,0.082,0,"7","AC044781.1"
"CAPG1",0,2.70366657433943,0.131,0.022,0,"7","CAPG"
"WAS3",0,2.51600228858247,0.133,0.024,0,"7","WAS"
"STX41",0,2.1651324081657,0.172,0.063,0,"7","STX4"
"LRMP2",0,2.25204622245192,0.139,0.032,0,"7","LRMP"
"NLRP31",0,3.91298239569281,0.12,0.013,0,"7","NLRP3"
"WDR91",0,2.67895572475278,0.155,0.048,0,"7","WDR91"
"GAS2L31",0,2.06089383793783,0.156,0.049,0,"7","GAS2L3"
"SLC36A1",0,2.48416253350192,0.175,0.068,0,"7","SLC36A1"
"SETDB2",0,2.00194943083879,0.208,0.101,0,"7","SETDB2"
"KLF43",0,2.70345399346801,0.156,0.05,0,"7","KLF4"
"FTCDNL11",0,3.46857160327862,0.127,0.022,0,"7","FTCDNL1"
"TMEM106A",0,2.82876385922162,0.138,0.033,0,"7","TMEM106A"
"LILRB31",0,3.6302166495541,0.117,0.012,0,"7","LILRB3"
"PLA2G151",0,2.9238800128958,0.141,0.036,0,"7","PLA2G15"
"ARHGAP303",0,2.0604627658457,0.137,0.033,0,"7","ARHGAP30"
"GIMAP82",0,2.42251928986575,0.128,0.024,0,"7","GIMAP8"
"TLR51",0,4.48617692975906,0.11,0.006,0,"7","TLR5"
"ADAMDEC11",0,5.25610873058087,0.108,0.004,0,"7","ADAMDEC1"
"AL138930.12",0,5.11507889108342,0.107,0.003,0,"7","AL138930.1"
"GK-AS11",0,3.39863664551885,0.136,0.033,0,"7","GK-AS1"
"SLC45A41",0,2.08424588705212,0.157,0.054,0,"7","SLC45A4"
"TIGAR",0,2.27480226934351,0.153,0.05,0,"7","TIGAR"
"PTPN62",0,2.08594323878294,0.132,0.03,0,"7","PTPN6"
"APAF1",0,2.02470980229433,0.199,0.097,0,"7","APAF1"
"SERPINA11",0,2.04980346612061,0.116,0.014,0,"7","SERPINA1"
"RGS182",0,4.23838082731609,0.109,0.007,0,"7","RGS18"
"CXorf212",0,4.26523084706908,0.109,0.007,0,"7","CXorf21"
"LINC016782",0,4.50686088369493,0.109,0.007,0,"7","LINC01678"
"CD3022",0,2.37601136619939,0.135,0.034,0,"7","CD302"
"RENBP1",0,3.08259779651642,0.127,0.026,0,"7","RENBP"
"TANGO2",0,2.05868190534187,0.169,0.068,0,"7","TANGO2"
"AC009313.12",0,3.52344365820794,0.113,0.012,0,"7","AC009313.1"
"MMP2-AS11",0,6.11245585132675,0.104,0.003,0,"7","MMP2-AS1"
"NBPF191",0,2.21358931954024,0.136,0.036,0,"7","NBPF19"
"TMEM144",0,2.81928675842872,0.122,0.022,0,"7","TMEM144"
"RIPK21",0,2.02296128130873,0.163,0.063,0,"7","RIPK2"
"HSPBAP1",0,2.18434887240242,0.173,0.073,0,"7","HSPBAP1"
"EDA",0,2.01607407070571,0.185,0.086,0,"7","EDA"
"BLNK1",0,3.1598058282368,0.113,0.014,0,"7","BLNK"
"SPTLC3",0,2.98647054778374,0.122,0.023,0,"7","SPTLC3"
"TBC1D21",0,2.70678715701981,0.143,0.044,0,"7","TBC1D2"
"ARRDC21",0,2.72398270535051,0.119,0.02,0,"7","ARRDC2"
"LTC4S3",0,2.76459457573459,0.118,0.02,0,"7","LTC4S"
"DOK32",0,3.23557092714135,0.119,0.022,0,"7","DOK3"
"PYCARD1",0,2.11044914435281,0.122,0.025,0,"7","PYCARD"
"AL160272.21",0,4.79831851582814,0.103,0.006,0,"7","AL160272.2"
"CASP12",0,2.65656143601446,0.114,0.018,0,"7","CASP1"
"GPR653",0,2.84648291378795,0.11,0.014,0,"7","GPR65"
"FES2",0,2.49087880598252,0.132,0.036,0,"7","FES"
"RASSF53",0,2.1115779673479,0.121,0.026,0,"7","RASSF5"
"CXCL81",0,4.1632721768033,0.102,0.008,0,"7","CXCL8"
"SLC12A71",0,2.42447571222486,0.118,0.024,0,"7","SLC12A7"
"BTK2",0,3.39018233337083,0.106,0.012,0,"7","BTK"
"GLA1",0,2.33689918166665,0.133,0.039,0,"7","GLA"
"CCL181",0,5.64474520611016,0.098,0.004,0,"7","CCL18"
"FCGR2B2",0,3.35029831541605,0.104,0.01,0,"7","FCGR2B"
"AC020913.1",0,2.83271369482037,0.128,0.034,0,"7","AC020913.1"
"NCF13",0,2.23835581104032,0.115,0.022,0,"7","NCF1"
"OAS11",0,2.08604387236744,0.126,0.033,0,"7","OAS1"
"VMO11",0,4.23279574609596,0.101,0.008,0,"7","VMO1"
"EYA21",0,3.03052567580799,0.116,0.023,0,"7","EYA2"
"EBI31",0,5.33627043743825,0.096,0.003,0,"7","EBI3"
"MAN2B11",0,2.49120630127659,0.132,0.039,0,"7","MAN2B1"
"IFI301",0,3.5452170920095,0.103,0.01,0,"7","IFI30"
"AC024145.1",0,2.48306456061725,0.151,0.058,0,"7","AC024145.1"
"AC079015.1",0,7.82436651598652,0.093,0.001,0,"7","AC079015.1"
"RCBTB2",0,2.03592717664133,0.162,0.07,0,"7","RCBTB2"
"LINC002782",0,2.70708792538579,0.111,0.019,0,"7","LINC00278"
"CTSD1",0,3.1862826289528,0.165,0.074,0,"7","CTSD"
"MILR11",0,3.91775124728897,0.1,0.009,0,"7","MILR1"
"GNA151",0,3.43461531654802,0.101,0.01,0,"7","GNA15"
"ABI33",0,2.52811072533275,0.11,0.019,0,"7","ABI3"
"AL137145.2",0,3.16092825497313,0.104,0.013,0,"7","AL137145.2"
"FCGR1A1",0,3.80245355175631,0.098,0.008,0,"7","FCGR1A"
"PLCB22",0,3.33593770092395,0.103,0.013,0,"7","PLCB2"
"TTYH21",0,2.53095855171769,0.114,0.024,0,"7","TTYH2"
"AC012368.1",0,2.90714121463778,0.111,0.022,0,"7","AC012368.1"
"OTUD12",0,2.95663413213771,0.122,0.033,0,"7","OTUD1"
"LRRC251",0,4.08707466694698,0.096,0.007,0,"7","LRRC25"
"EAF22",0,2.89416042289184,0.115,0.027,0,"7","EAF2"
"S100Z2",0,3.84946944458269,0.099,0.011,0,"7","S100Z"
"AL078590.31",0,3.86134326202586,0.098,0.01,0,"7","AL078590.3"
"SDSL1",0,3.0393354739759,0.109,0.021,0,"7","SDSL"
"MIR34AHG",0,2.23578415484752,0.127,0.039,0,"7","MIR34AHG"
"AC009226.11",0,2.87688420314137,0.111,0.023,0,"7","AC009226.1"
"AMZ1",0,2.10550430510744,0.198,0.111,0,"7","AMZ1"
"AL356124.11",0,3.70418512471328,0.097,0.01,0,"7","AL356124.1"
"TMEM372",0,3.96738340776237,0.092,0.005,0,"7","TMEM37"
"CD331",0,4.27969488695063,0.093,0.006,0,"7","CD33"
"CH25H1",0,4.17964151577151,0.095,0.008,0,"7","CH25H"
"KCNK131",0,3.63126099411457,0.107,0.021,0,"7","KCNK13"
"SIGLEC102",0,4.09427646104546,0.093,0.007,0,"7","SIGLEC10"
"PAQR3",0,2.1878733524233,0.178,0.093,0,"7","PAQR3"
"DNASE21",0,2.23143195847727,0.12,0.035,0,"7","DNASE2"
"DSC21",0,4.42345497849443,0.092,0.007,0,"7","DSC2"
"SOD21",0,2.54657066242684,0.13,0.046,0,"7","SOD2"
"MACC11",0,3.30593976878449,0.115,0.031,0,"7","MACC1"
"TCIRG12",0,2.10476005642721,0.11,0.026,0,"7","TCIRG1"
"AC104123.1",0,2.20561065930865,0.157,0.073,0,"7","AC104123.1"
"LINC010941",0,5.41850199078016,0.088,0.004,0,"7","LINC01094"
"CLIC21",0,2.70706686653858,0.108,0.024,0,"7","CLIC2"
"GATM2",0,2.70241625732744,0.103,0.019,0,"7","GATM"
"MMP22",0,2.2215609221014,0.144,0.06,0,"7","MMP2"
"HEXA1",0,2.27356057213219,0.134,0.051,0,"7","HEXA"
"DOK23",0,2.47983014261553,0.097,0.014,0,"7","DOK2"
"OSCAR1",0,3.53519692366542,0.092,0.009,0,"7","OSCAR"
"SIGLEC91",0,4.3688760306659,0.089,0.006,0,"7","SIGLEC9"
"PIK3R62",0,4.07013317069788,0.089,0.007,0,"7","PIK3R6"
"RPS6KA13",0,2.6028487560867,0.107,0.026,0,"7","RPS6KA1"
"HRH21",0,3.21920325385969,0.097,0.016,0,"7","HRH2"
"GAL3ST4",0,2.78919603384869,0.101,0.02,0,"7","GAL3ST4"
"PDE4A2",0,2.3604228834346,0.109,0.028,0,"7","PDE4A"
"AL122019.1",0,4.58884738745591,0.091,0.01,0,"7","AL122019.1"
"HPGDS1",0,3.55958507339738,0.092,0.012,0,"7","HPGDS"
"FAM198B-AS11",0,2.13719195919882,0.109,0.029,0,"7","FAM198B-AS1"
"SLAMF81",0,4.12142807010043,0.086,0.006,0,"7","SLAMF8"
"HPS1",0,2.11754706645528,0.12,0.04,0,"7","HPS1"
"SNHG12",0,2.08901477428045,0.135,0.056,0,"7","SNHG12"
"TPRG1",0,2.99225823515995,0.126,0.047,0,"7","TPRG1"
"NR1H3",0,2.35944173665192,0.117,0.039,0,"7","NR1H3"
"RNF1661",0,2.01731191274499,0.121,0.043,0,"7","RNF166"
"PLXDC12",0,2.04274157981387,0.112,0.034,0,"7","PLXDC1"
"HLA-DQA22",0,3.1937138918982,0.09,0.012,0,"7","HLA-DQA2"
"AP002884.3",0,2.90472379833732,0.104,0.026,0,"7","AP002884.3"
"AC023590.12",0,2.33861332502908,0.133,0.056,0,"7","AC023590.1"
"CD1092",0,2.47916597438542,0.11,0.033,0,"7","CD109"
"SLC29A31",0,2.83940162247045,0.105,0.028,0,"7","SLC29A3"
"CLEC4E1",0,3.95235665712799,0.083,0.006,0,"7","CLEC4E"
"AP001636.31",0,3.72481557795422,0.088,0.011,0,"7","AP001636.3"
"P2RY131",0,4.64126457818034,0.08,0.004,0,"7","P2RY13"
"TMEM2733",0,2.78933030479006,0.092,0.016,0,"7","TMEM273"
"ODF3B1",0,2.18070390808296,0.099,0.025,0,"7","ODF3B"
"RELT2",0,2.57158936061669,0.096,0.023,0,"7","RELT"
"ANKRD9",0,2.18951757936043,0.111,0.038,0,"7","ANKRD9"
"PLEKHO21",0,3.48326133484706,0.086,0.013,0,"7","PLEKHO2"
"HPSE1",0,4.18431259793415,0.078,0.006,0,"7","HPSE"
"TESK2",0,2.1457322199423,0.116,0.045,0,"7","TESK2"
"CD2091",0,5.91077667043221,0.073,0.002,0,"7","CD209"
"SLC2A52",0,3.66763297670404,0.08,0.01,0,"7","SLC2A5"
"IL101",0,4.77500383585999,0.074,0.004,0,"7","IL10"
"TLR72",0,4.44827887197664,0.074,0.004,0,"7","TLR7"
"ITGAD",0,5.46745367328072,0.072,0.002,0,"7","ITGAD"
"C5AR21",0,4.2423658382129,0.076,0.006,0,"7","C5AR2"
"MCOLN22",0,2.65195882213218,0.081,0.012,0,"7","MCOLN2"
"SLC22A181",0,2.68045872242593,0.094,0.025,0,"7","SLC22A18"
"RGS193",0,2.03616691995666,0.096,0.027,0,"7","RGS19"
"ALOX15B1",0,6.03898753166589,0.071,0.002,0,"7","ALOX15B"
"CASP102",0,2.11198645400645,0.09,0.021,0,"7","CASP10"
"NAGA1",0,2.07099146716284,0.104,0.036,0,"7","NAGA"
"SIGLEC71",0,4.67393899430163,0.072,0.004,0,"7","SIGLEC7"
"AC008957.11",0,4.3535364358501,0.074,0.006,0,"7","AC008957.1"
"COQ21",0,2.37941962033152,0.095,0.028,0,"7","COQ2"
"C21",0,2.16103934245043,0.095,0.028,0,"7","C2"
"TNFSF82",0,2.60983904013012,0.078,0.011,0,"7","TNFSF8"
"GPR1323",0,2.88772867188557,0.077,0.01,0,"7","GPR132"
"OPN3",0,2.28354852802955,0.102,0.035,0,"7","OPN3"
"CLEC4A1",0,2.82875576171749,0.082,0.016,0,"7","CLEC4A"
"LINC02391",0,3.28344173537309,0.08,0.014,0,"7","LINC02391"
"AL157402.22",0,2.22231931653796,0.08,0.014,0,"7","AL157402.2"
"ZMYND151",0,4.83225516637044,0.069,0.004,0,"7","ZMYND15"
"TMEM26",0,5.07763674388114,0.069,0.004,0,"7","TMEM26"
"LINC014821",0,2.39787939620202,0.084,0.019,0,"7","LINC01482"
"AC011511.21",0,2.4749483801398,0.084,0.019,0,"7","AC011511.2"
"LY86-AS11",0,3.51316261498188,0.072,0.007,0,"7","LY86-AS1"
"AC133065.12",0,4.03412899994322,0.071,0.006,0,"7","AC133065.1"
"LPAR51",0,3.37254612005571,0.073,0.009,0,"7","LPAR5"
"CHMP1B2",0,2.39175452494115,0.112,0.048,0,"7","CHMP1B"
"CSF2RB3",0,3.08567201575077,0.073,0.009,0,"7","CSF2RB"
"IL1B1",0,3.67987939588246,0.069,0.006,0,"7","IL1B"
"LINC024563",0,2.30648517378868,0.095,0.032,0,"7","LINC02456"
"CCRL21",0,3.28381566128061,0.069,0.007,0,"7","CCRL2"
"OSM1",0,3.64111530613004,0.067,0.005,0,"7","OSM"
"ARHGAP92",0,2.15815104494286,0.081,0.019,0,"7","ARHGAP9"
"OTOA1",0,2.58750824228646,0.079,0.017,0,"7","OTOA"
"AC006160.11",0,2.03738703019758,0.104,0.042,0,"7","AC006160.1"
"SLAMF73",0,3.20596767658605,0.069,0.008,0,"7","SLAMF7"
"CEBPA2",0,3.05890459870501,0.069,0.008,0,"7","CEBPA"
"PADI21",0,4.03629184840368,0.068,0.007,0,"7","PADI2"
"DAPP12",0,2.50612000079729,0.073,0.012,0,"7","DAPP1"
"CD281",0,2.36731973063595,0.071,0.011,0,"7","CD28"
"PDCD1LG2",0,2.45074089103379,0.079,0.019,0,"7","PDCD1LG2"
"RYR1",0,3.312524368484,0.076,0.016,0,"7","RYR1"
"KCNJ51",0,3.46132910400191,0.066,0.007,0,"7","KCNJ5"
"PRKCD1",0,2.14521621600105,0.092,0.033,0,"7","PRKCD"
"BCL2A12",0,2.01791471254427,0.072,0.013,0,"7","BCL2A1"
"KCNK62",0,2.43188094165641,0.076,0.017,0,"7","KCNK6"
"BMF",0,2.97553080925026,0.073,0.015,0,"7","BMF"
"IL4I11",0,3.28660627563768,0.066,0.009,0,"7","IL4I1"
"AC069549.11",0,3.18070760400505,0.067,0.01,0,"7","AC069549.1"
"HOMER31",0,2.55277787014107,0.076,0.019,0,"7","HOMER3"
"AL137789.11",0,4.52404510263066,0.06,0.003,0,"7","AL137789.1"
"HSD17B14",0,2.03164130071238,0.082,0.026,0,"7","HSD17B14"
"ATP6V0D21",0,4.59779631294822,0.061,0.005,0,"7","ATP6V0D2"
"TMIGD31",0,3.56168360569684,0.064,0.008,0,"7","TMIGD3"
"MS4A141",0,5.62057026770214,0.058,0.002,0,"7","MS4A14"
"AC079210.1",0,4.69474886165565,0.061,0.005,0,"7","AC079210.1"
"CLN81",0,2.12759782163115,0.084,0.029,0,"7","CLN8"
"STXBP22",0,2.00716726807438,0.068,0.013,0,"7","STXBP2"
"RAB421",0,4.05964408136075,0.062,0.007,0,"7","RAB42"
"CCDC262",0,2.56075287882778,0.095,0.04,0,"7","CCDC26"
"PLD42",0,3.18728183585448,0.061,0.006,0,"7","PLD4"
"BTN2A21",0,2.24265070760597,0.075,0.02,0,"7","BTN2A2"
"ADAMTSL43",0,2.05063410490912,0.074,0.019,0,"7","ADAMTSL4"
"ACSM51",0,3.71110126652014,0.059,0.004,0,"7","ACSM5"
"GPR1602",0,2.62597723254534,0.069,0.015,0,"7","GPR160"
"NBPF142",0,2.34355820952723,0.068,0.014,0,"7","NBPF14"
"AL162414.1",0,3.58452791085806,0.069,0.015,0,"7","AL162414.1"
"TREM11",0,2.8715010839475,0.062,0.008,0,"7","TREM1"
"TLR41",0,3.81414113100921,0.061,0.007,0,"7","TLR4"
"GPAT32",0,2.37423820172835,0.072,0.018,0,"7","GPAT3"
"SASH33",0,2.09164562427824,0.066,0.013,0,"7","SASH3"
"CSTA1",0,2.20642446264123,0.063,0.01,0,"7","CSTA"
"GLYATL11",0,3.73628392895813,0.062,0.009,0,"7","GLYATL1"
"IRF52",0,3.95434554046648,0.058,0.006,0,"7","IRF5"
"FAM78A3",0,2.27845995846149,0.063,0.011,0,"7","FAM78A"
"EGR22",0,2.82153817459323,0.068,0.016,0,"7","EGR2"
"ZEB2-AS12",0,2.97076072061631,0.06,0.008,0,"7","ZEB2-AS1"
"PPARGC1B",0,2.3896033803179,0.087,0.035,0,"7","PPARGC1B"
"SESN2",0,2.15306714345238,0.084,0.033,0,"7","SESN2"
"CGAS",0,2.22493874158846,0.069,0.018,0,"7","CGAS"
"CLEC10A2",0,2.94670015299484,0.057,0.006,0,"7","CLEC10A"
"SCN1B1",0,2.83742156947028,0.065,0.014,0,"7","SCN1B"
"HTRA41",0,4.50305958752946,0.055,0.004,0,"7","HTRA4"
"PIK3CG3",0,2.54770780573696,0.061,0.01,0,"7","PIK3CG"
"CTTNBP2",0,2.24211278778913,0.084,0.034,0,"7","CTTNBP2"
"CLECL12",0,3.28832783926441,0.057,0.007,0,"7","CLECL1"
"AC009542.1",0,2.97262262250737,0.068,0.018,0,"7","AC009542.1"
"TMEM86A1",0,3.3802958295973,0.06,0.01,0,"7","TMEM86A"
"CXCL32",0,3.83059457251204,0.054,0.005,0,"7","CXCL3"
"CRHBP1",0,3.12614838898326,0.056,0.007,0,"7","CRHBP"
"IL1RN1",0,3.50522531866575,0.054,0.005,0,"7","IL1RN"
"LINC011462",0,4.18257405465663,0.053,0.004,0,"7","LINC01146"
"ADORA31",0,4.83977356547015,0.051,0.002,0,"7","ADORA3"
"SLC16A61",0,3.01255880434857,0.059,0.01,0,"7","SLC16A6"
"C1orf195",0,3.8195713554678,0.057,0.009,0,"7","C1orf195"
"MARCO1",0,3.17067551126423,0.054,0.006,0,"7","MARCO"
"PTGS11",0,2.82590819102304,0.06,0.012,0,"7","PTGS1"
"INAFM21",0,2.41497763936089,0.067,0.019,0,"7","INAFM2"
"AC006547.1",0,2.12533611125487,0.078,0.03,0,"7","AC006547.1"
"P2RY62",0,3.71810640277012,0.057,0.009,0,"7","P2RY6"
"KLHL6-AS11",0,4.67008485817446,0.05,0.002,0,"7","KLHL6-AS1"
"AC046195.1",0,3.30824163605867,0.068,0.02,0,"7","AC046195.1"
"MMP121",0,4.29824677278515,0.049,0.002,0,"7","MMP12"
"AC025040.1",0,5.13388634577653,0.05,0.003,0,"7","AC025040.1"
"FRRS11",0,3.4899801140873,0.052,0.006,0,"7","FRRS1"
"IL1R22",0,2.96780536498539,0.053,0.007,0,"7","IL1R2"
"ST142",0,3.2834007803434,0.053,0.007,0,"7","ST14"
"MMP91",0,3.31531835380188,0.051,0.005,0,"7","MMP9"
"AC007384.12",0,2.35804500974051,0.058,0.013,0,"7","AC007384.1"
"FGR1",0,2.03995838336535,0.059,0.014,0,"7","FGR"
"CD5L1",0,4.74953304146925,0.047,0.002,0,"7","CD5L"
"CD200R12",0,3.01008000143709,0.052,0.007,0,"7","CD200R1"
"RASL10A1",0,4.21687724348963,0.051,0.006,0,"7","RASL10A"
"STARD82",0,2.30614747050913,0.056,0.011,0,"7","STARD8"
"AL161725.12",0,2.53348458721881,0.054,0.009,0,"7","AL161725.1"
"AP000919.21",0,2.0452149733275,0.074,0.029,0,"7","AP000919.2"
"CD1802",0,3.26628185753966,0.049,0.005,0,"7","CD180"
"IL18BP1",0,2.25769207061043,0.063,0.019,0,"7","IL18BP"
"CLEC12A1",0,2.36042423715344,0.059,0.015,0,"7","CLEC12A"
"SECTM11",0,3.09928435959407,0.051,0.007,0,"7","SECTM1"
"AC087672.2",0,4.05240557655173,0.047,0.003,0,"7","AC087672.2"
"AC007376.21",0,2.5205948051453,0.062,0.018,0,"7","AC007376.2"
"SLC15A21",0,2.89422576509223,0.056,0.013,0,"7","SLC15A2"
"ARL112",0,3.79202077701165,0.048,0.005,0,"7","ARL11"
"LYL13",0,2.0079165458949,0.058,0.015,0,"7","LYL1"
"FCGBP2",0,3.10374408416375,0.05,0.007,0,"7","FCGBP"
"ZC3H12D2",0,2.57687260993588,0.053,0.01,0,"7","ZC3H12D"
"LACC11",0,3.39508751666711,0.052,0.009,0,"7","LACC1"
"FAM177B1",0,3.65959766148572,0.048,0.006,0,"7","FAM177B"
"AL590617.2",0,3.19369223052718,0.05,0.008,0,"7","AL590617.2"
"REEP41",0,2.21973088966658,0.06,0.018,0,"7","REEP4"
"BEST12",0,2.1780131636294,0.06,0.018,0,"7","BEST1"
"CX3CR11",0,4.0753374532983,0.045,0.003,0,"7","CX3CR1"
"PPM1M",0,2.21333363091797,0.064,0.023,0,"7","PPM1M"
"HS3ST11",0,2.18616781057317,0.065,0.024,0,"7","HS3ST1"
"AC009951.21",0,2.36225942028886,0.054,0.013,0,"7","AC009951.2"
"TNFSF151",0,4.73330300004028,0.043,0.002,0,"7","TNFSF15"
"PFKFB2",0,2.08223983318745,0.058,0.018,0,"7","PFKFB2"
"CALHM62",0,3.10205976132403,0.046,0.006,0,"7","CALHM6"
"LINC015041",0,2.66454389913792,0.055,0.015,0,"7","LINC01504"
"TRPV4",0,3.01679062777845,0.048,0.008,0,"7","TRPV4"
"ACSF21",0,2.05511937315171,0.053,0.013,0,"7","ACSF2"
"LINC018572",0,3.53219277481181,0.044,0.004,0,"7","LINC01857"
"HLA-DQB22",0,3.6804944562757,0.043,0.003,0,"7","HLA-DQB2"
"TNFRSF11A",0,2.97910994301763,0.052,0.012,0,"7","TNFRSF11A"
"LINC015031",0,2.9558324049944,0.05,0.011,0,"7","LINC01503"
"AC244021.11",0,2.47993010688594,0.057,0.018,0,"7","AC244021.1"
"CD300LB1",0,4.30014124689073,0.042,0.003,0,"7","CD300LB"
"SMIM35",0,3.02780743130043,0.055,0.016,0,"7","SMIM35"
"AL161935.31",0,2.56682119902152,0.047,0.009,0,"7","AL161935.3"
"ABHD152",0,2.32044655725349,0.049,0.012,0,"7","ABHD15"
"IKBKE2",0,2.32941008992919,0.046,0.009,0,"7","IKBKE"
"DNAJC5B1",0,3.33389091643548,0.043,0.006,0,"7","DNAJC5B"
"PRAM11",0,2.48973376543352,0.05,0.014,0,"7","PRAM1"
"AL356356.11",0,2.15255730504103,0.049,0.013,0,"7","AL356356.1"
"SLC49A31",0,2.28241162222427,0.045,0.009,0,"7","SLC49A3"
"ALDH3B11",0,2.79333539661658,0.043,0.007,0,"7","ALDH3B1"
"LINC014802",0,3.95858739333758,0.039,0.003,0,"7","LINC01480"
"Z83844.22",0,2.61996100596758,0.048,0.013,0,"7","Z83844.2"
"AC068992.11",0,3.98666108890036,0.041,0.006,0,"7","AC068992.1"
"ITGB2-AS13",0,2.22006904326885,0.043,0.008,0,"7","ITGB2-AS1"
"AL139125.1",0,5.20430323193165,0.036,0.001,0,"7","AL139125.1"
"PKD2L11",0,3.73368093028162,0.038,0.004,0,"7","PKD2L1"
"FMO41",0,2.0511931412745,0.046,0.012,0,"7","FMO4"
"TOR4A3",0,2.59645248055358,0.04,0.006,0,"7","TOR4A"
"SIGLEC81",0,6.0875854928783,0.035,0.001,0,"7","SIGLEC8"
"AC243829.11",0,3.27978599596402,0.04,0.006,0,"7","AC243829.1"
"FCGR1B1",0,4.20253015285859,0.037,0.003,0,"7","FCGR1B"
"CHST131",0,4.31869167206933,0.037,0.003,0,"7","CHST13"
"TFCP2L1",0,4.42658927255379,0.037,0.003,0,"7","TFCP2L1"
"PLA2G2D1",0,4.49755909385216,0.034,0.001,0,"7","PLA2G2D"
"HFE",0,2.41121812410493,0.041,0.008,0,"7","HFE"
"VENTX1",0,5.50930859870217,0.034,0.001,0,"7","VENTX"
"AL078590.21",0,3.61006740261741,0.037,0.004,0,"7","AL078590.2"
"AC023194.3",0,5.53507131158212,0.035,0.002,0,"7","AC023194.3"
"AL158832.12",0,3.48916903541476,0.037,0.004,0,"7","AL158832.1"
"LINC022071",0,4.44961611140854,0.036,0.003,0,"7","LINC02207"
"RUFY41",0,4.01531933305991,0.036,0.004,0,"7","RUFY4"
"CACNA2D41",0,2.91189288023649,0.039,0.007,0,"7","CACNA2D4"
"AC011377.11",0,4.13867535933038,0.035,0.003,0,"7","AC011377.1"
"SULT1C2",0,3.65257140781718,0.035,0.004,0,"7","SULT1C2"
"AC108134.32",0,2.50257218340202,0.038,0.007,0,"7","AC108134.3"
"CCL133",0,4.48721929884068,0.033,0.002,0,"7","CCL13"
"U62317.52",0,4.26786371005751,0.033,0.003,0,"7","U62317.5"
"AC110995.1",0,4.43994148828407,0.033,0.003,0,"7","AC110995.1"
"SUCNR11",0,4.02637871812637,0.032,0.002,0,"7","SUCNR1"
"CD274",0,2.99112154367416,0.037,0.007,0,"7","CD274"
"IL10RB-DT1",0,2.21296115174726,0.038,0.008,0,"7","IL10RB-DT"
"AC243829.41",0,4.76522870686416,0.031,0.001,0,"7","AC243829.4"
"BIRC71",0,4.93271440508126,0.032,0.002,0,"7","BIRC7"
"MMP3",0,6.15851036479472,0.031,0.001,0,"7","MMP3"
"AC005162.12",0,5.35607861856175,0.031,0.001,0,"7","AC005162.1"
"LINC023161",0,2.87254629916309,0.037,0.007,0,"7","LINC02316"
"AC037487.2",0,3.44492143353808,0.035,0.006,0,"7","AC037487.2"
"ICOSLG2",0,2.97052462831986,0.033,0.004,0,"7","ICOSLG"
"ARRDC52",0,2.81862415263154,0.033,0.004,0,"7","ARRDC5"
"ADPRH2",0,2.50090278910167,0.039,0.01,0,"7","ADPRH"
"AL034397.32",0,2.29654639155714,0.034,0.006,0,"7","AL034397.3"
"AP5B11",0,2.23575258230605,0.035,0.007,0,"7","AP5B1"
"SMIM251",0,2.11817888251455,0.034,0.006,0,"7","SMIM25"
"AC092546.12",0,3.70960302522929,0.034,0.006,0,"7","AC092546.1"
"LINC015001",0,2.66771068781536,0.034,0.006,0,"7","LINC01500"
"CARD91",0,3.50911102817278,0.033,0.005,0,"7","CARD9"
"APOBR3",0,2.6736016112122,0.033,0.005,0,"7","APOBR"
"HAMP1",0,3.17171866440142,0.031,0.003,0,"7","HAMP"
"TLR81",0,3.59170578547378,0.03,0.002,0,"7","TLR8"
"CCL81",0,4.47725678626403,0.03,0.002,0,"7","CCL8"
"AC019183.11",0,3.38726402535385,0.036,0.008,0,"7","AC019183.1"
"TMEM150B",0,3.37755986060899,0.032,0.005,0,"7","TMEM150B"
"AC078788.1",0,3.56979307589075,0.029,0.003,0,"7","AC078788.1"
"GBGT11",0,2.73838759455732,0.031,0.005,0,"7","GBGT1"
"ARAP1-AS1",0,3.72866952779413,0.03,0.004,0,"7","ARAP1-AS1"
"LILRA61",0,3.46270642629491,0.027,0.002,0,"7","LILRA6"
"CHIT11",0,2.42882773574051,0.029,0.004,0,"7","CHIT1"
"AC005264.11",0,3.38483986789317,0.03,0.005,0,"7","AC005264.1"
"TNFAIP8L21",0,2.60081433859985,0.027,0.003,0,"7","TNFAIP8L2"
"SCIN2",0,2.22645639480648,0.031,0.007,0,"7","SCIN"
"AL590764.12",0,2.81014283461402,0.029,0.005,0,"7","AL590764.1"
"CETP2",0,3.07382572380665,0.028,0.004,0,"7","CETP"
"SLC17A91",0,2.83027115782071,0.031,0.007,0,"7","SLC17A9"
"NOD21",0,2.90841970736447,0.029,0.005,0,"7","NOD2"
"MRO",0,3.84184029866096,0.027,0.003,0,"7","MRO"
"NCF4-AS1",0,5.44123223293133,0.025,0.001,0,"7","NCF4-AS1"
"AP002444.1",0,4.61694713192428,0.026,0.002,0,"7","AP002444.1"
"AC109826.12",0,3.48515467368629,0.027,0.004,0,"7","AC109826.1"
"DHRS91",0,3.21936618902467,0.026,0.003,0,"7","DHRS9"
"AL137186.1",0,4.29955577140828,0.026,0.003,0,"7","AL137186.1"
"SLC22A18AS1",0,3.6296894239433,0.025,0.003,0,"7","SLC22A18AS"
"AC004817.31",0,3.31368108766197,0.025,0.003,0,"7","AC004817.3"
"GAPT2",0,2.36777492457907,0.028,0.006,0,"7","GAPT"
"AL035446.11",0,4.73347748996824,0.023,0.001,0,"7","AL035446.1"
"TCHH1",0,5.16693276533003,0.023,0.001,0,"7","TCHH"
"VNN11",0,3.1822168166856,0.024,0.002,0,"7","VNN1"
"TMEM236",0,3.1248590082399,0.026,0.004,0,"7","TMEM236"
"ANKRD221",0,4.15765271844849,0.024,0.002,0,"7","ANKRD22"
"AP003721.2",0,4.35353174717307,0.024,0.002,0,"7","AP003721.2"
"TNNI22",0,2.97470040911634,0.025,0.004,0,"7","TNNI2"
"IGFLR13",0,2.38950225062683,0.025,0.004,0,"7","IGFLR1"
"TIMD41",0,3.23049346008646,0.025,0.004,0,"7","TIMD4"
"NRROS1",0,3.6510750916643,0.023,0.002,0,"7","NRROS"
"AC245128.31",0,3.44573884533383,0.023,0.002,0,"7","AC245128.3"
"TNFSF18",0,6.20406266262523,0.022,0.001,0,"7","TNFSF18"
"AC004593.3",0,4.71762523239924,0.022,0.001,0,"7","AC004593.3"
"CHN22",0,3.01086429762115,0.024,0.004,0,"7","CHN2"
"TNFRSF14-AS11",0,2.69136797656855,0.024,0.004,0,"7","TNFRSF14-AS1"
"CD300C1",0,3.15601673364406,0.023,0.003,0,"7","CD300C"
"AC011586.1",0,4.88018401468745,0.021,0.001,0,"7","AC011586.1"
"SCTR",0,3.65181855757373,0.022,0.003,0,"7","SCTR"
"LINC010101",0,3.38445038325208,0.023,0.004,0,"7","LINC01010"
"AL158850.11",0,3.06967956026577,0.023,0.004,0,"7","AL158850.1"
"LINC013751",0,4.3670732933075,0.02,0.002,0,"7","LINC01375"
"LINC021491",0,4.36781230141092,0.019,0.001,0,"7","LINC02149"
"FOLR1",0,4.74351723495401,0.019,0.002,0,"7","FOLR1"
"AC018529.21",0,3.52523136286045,0.019,0.002,0,"7","AC018529.2"
"GPR841",0,3.95036107980973,0.019,0.002,0,"7","GPR84"
"SIGLEC121",0,5.44970405576381,0.018,0.001,0,"7","SIGLEC12"
"AP001059.32",0,4.29792744038819,0.018,0.001,0,"7","AP001059.3"
"TRPM2-AS",0,5.58134563870854,0.018,0.001,0,"7","TRPM2-AS"
"C2-AS1",0,4.27640272554661,0.018,0.002,0,"7","C2-AS1"
"AL136987.11",0,3.33170899013229,0.018,0.002,0,"7","AL136987.1"
"C9",0,3.32473286036383,0.018,0.002,0,"7","C9"
"PTCRA2",0,2.55344414982124,0.019,0.003,0,"7","PTCRA"
"LINC013741",0,4.21894736077698,0.018,0.002,0,"7","LINC01374"
"AC067930.41",0,3.1255863982402,0.018,0.002,0,"7","AC067930.4"
"CRYBB11",0,3.22529471904776,0.017,0.002,0,"7","CRYBB1"
"AC008945.1",0,5.35845053659136,0.016,0.001,0,"7","AC008945.1"
"AL356417.31",0,3.41420727894048,0.018,0.003,0,"7","AL356417.3"
"AL137145.1",0,3.32004327786688,0.016,0.001,0,"7","AL137145.1"
"AC138207.5",0,6.02260541840477,0.015,0,0,"7","AC138207.5"
"IL271",0,3.64788332450122,0.016,0.002,0,"7","IL27"
"AC007881.21",0,4.01212180395497,0.016,0.002,0,"7","AC007881.2"
"AL354754.11",0,4.24273039096482,0.016,0.002,0,"7","AL354754.1"
"TLR62",0,3.51733066629959,0.015,0.001,0,"7","TLR6"
"TMPRSS4",0,4.71661593098688,0.015,0.001,0,"7","TMPRSS4"
"MS4A6E",0,4.49082547151409,0.015,0.001,0,"7","MS4A6E"
"C10orf55",0,4.27245731150073,0.015,0.001,0,"7","C10orf55"
"SPIC",0,4.27865974632435,0.014,0.001,0,"7","SPIC"
"AP001059.21",0,3.53977099956684,0.014,0.001,0,"7","AP001059.2"
"AC016292.1",0,4.7539152749107,0.014,0.001,0,"7","AC016292.1"
"SOWAHD1",0,3.3790917315572,0.015,0.002,0,"7","SOWAHD"
"METTL7B1",0,2.78931618988501,0.015,0.002,0,"7","METTL7B"
"LINC01645",0,6.89649038469857,0.013,0,0,"7","LINC01645"
"AC069023.1",0,5.57479408425505,0.013,0,0,"7","AC069023.1"
"AC093821.1",0,5.32502242055077,0.013,0,0,"7","AC093821.1"
"AC005342.2",0,5.81364494560528,0.012,0,0,"7","AC005342.2"
"SLC9A9-AS1",0,3.89066218019255,0.013,0.001,0,"7","SLC9A9-AS1"
"TIFAB1",0,4.11662744726226,0.012,0.001,0,"7","TIFAB"
"AC068580.41",0,4.54759356349817,0.012,0.001,0,"7","AC068580.4"
"AC114550.1",0,5.37389903888728,0.01,0,0,"7","AC114550.1"
"TREML11",0,5.01386135752759,0.011,0.001,0,"7","TREML1"
"AL157955.1",0,3.64037274107042,0.011,0.001,0,"7","AL157955.1"
"HTR7",7.80181190135708e-308,2.9875327606899,0.052,0.017,2.5461993321269e-303,"7","HTR7"
"AC022973.22",1.24645855170774e-307,2.57465970456559,0.052,0.017,4.06794212935337e-303,"7","AC022973.2"
"MICB3",2.65973785539175e-306,2.29833343903148,0.023,0.004,8.68032046485652e-302,"7","MICB"
"GK3P1",4.88924445793369e-306,2.88299701938619,0.02,0.003,1.59565382129124e-301,"7","GK3P"
"RAB3IL12",9.54486081111652e-306,2.31408668291017,0.046,0.014,3.11506077431599e-301,"7","RAB3IL1"
"HK31",1.22828882399991e-305,2.68212393307023,0.04,0.011,4.00864340600612e-301,"7","HK3"
"ASCL21",4.42613232237987e-302,3.09262962359821,0.018,0.003,1.44451254473189e-297,"7","ASCL2"
"MIR3945HG1",7.30656590036413e-301,3.02924566592485,0.019,0.003,2.38457084724284e-296,"7","MIR3945HG"
"SIGLEC141",9.90919124262942e-301,2.85920582250554,0.016,0.002,3.23396365394454e-296,"7","SIGLEC14"
"NEU3",1.45460784949718e-299,2.01624892142354,0.103,0.048,4.747258177619e-295,"7","NEU3"
"C5orf581",8.05041532821447e-298,2.85866200593561,0.017,0.003,2.62733354651607e-293,"7","C5orf58"
"LINC02081",1.37559764645346e-296,3.72614771653908,0.012,0.001,4.48940047896552e-292,"7","LINC02081"
"DYRK4",2.21368782185792e-292,2.61923554534933,0.077,0.032,7.22459157541552e-288,"7","DYRK4"
"C11orf45",3.19941562049358e-289,4.6135295755511,0.011,0.001,1.04416128190428e-284,"7","C11orf45"
"DNASE2B1",4.29312303199618e-287,3.53040210361607,0.013,0.001,1.40110363272227e-282,"7","DNASE2B"
"AP002498.1",5.988691886164e-285,2.2868847772514,0.056,0.02,1.95446948396848e-280,"7","AP002498.1"
"NSUN7",1.09350483844607e-280,2.51460103381219,0.059,0.022,3.5687623907526e-276,"7","NSUN7"
"AC108718.11",5.37756688033652e-280,3.24867889635923,0.012,0.001,1.75502272706663e-275,"7","AC108718.1"
"AC004593.1",3.41428635063759e-277,2.98341522730898,0.03,0.007,1.11428649339408e-272,"7","AC004593.1"
"AC002091.1",7.85082360834575e-273,3.52386123010682,0.011,0.001,2.56219479281972e-268,"7","AC002091.1"
"PDE1B",1.51503734158765e-272,2.27222607644166,0.029,0.007,4.94447586800545e-268,"7","PDE1B"
"AC004921.11",1.67698442900055e-270,3.89931677730764,0.012,0.001,5.4730063824862e-266,"7","AC004921.1"
"AC090907.2",4.05805687730578e-267,2.22924407379091,0.061,0.024,1.32438744247751e-262,"7","AC090907.2"
"CROCC2",1.71634036738267e-258,3.7328670282122,0.014,0.002,5.60144842299008e-254,"7","CROCC2"
"CARD62",2.33318854714001e-258,2.15737776613451,0.035,0.01,7.61459414244612e-254,"7","CARD6"
"LINC008911",7.78478679887247e-257,2.54675635179127,0.019,0.003,2.54064301968002e-252,"7","LINC00891"
"AL390036.12",4.40122113425639e-252,2.6520328824629,0.019,0.003,1.43638252937592e-247,"7","AL390036.1"
"SPATC1",2.1710573473888e-239,2.9962561366582,0.025,0.006,7.08546275893808e-235,"7","SPATC1"
"DCSTAMP1",1.85259695627656e-238,3.42627772933109,0.01,0.001,6.04613542650418e-234,"7","DCSTAMP"
"PDYN-AS1",3.36520250725686e-238,3.99430693899314,0.01,0.001,1.09826749026835e-233,"7","PDYN-AS1"
"FCAR1",4.82040308530692e-236,2.41435073995014,0.02,0.004,1.57318675092077e-231,"7","FCAR"
"CCDC1412",6.95035349884586e-235,2.40828200483357,0.043,0.015,2.26831736788333e-230,"7","CCDC141"
"AC021594.21",8.96170048199438e-234,3.34201715740537,0.013,0.002,2.92474056930369e-229,"7","AC021594.2"
"CD1D2",1.12668237108882e-232,2.31183390725734,0.025,0.006,3.67704058628546e-228,"7","CD1D"
"RAB37",5.65576326665029e-232,2.31064960124517,0.089,0.044,1.84581489970399e-227,"7","RAB37"
"RASGRP41",7.99918464920915e-232,2.68145965791734,0.018,0.003,2.6106139021159e-227,"7","RASGRP4"
"AL139384.11",4.19748154702864e-231,3.3509254890208,0.016,0.003,1.36989007768827e-226,"7","AL139384.1"
"RPL36A-HNRNPH2",1.91519323943219e-230,2.75974146973879,0.033,0.01,6.2504246562109e-226,"7","RPL36A-HNRNPH2"
"TMEM268",4.0393442820675e-228,2.0676432375554,0.084,0.04,1.31828039989555e-223,"7","TMEM268"
"PLAG12",2.56440971092856e-225,2.04028443285417,0.034,0.01,8.36920753258644e-221,"7","PLAG1"
"KLF22",2.94754636958192e-222,2.33643169434734,0.135,0.078,9.61961233176756e-218,"7","KLF2"
"AC106028.41",1.04734228141862e-219,3.07996697234111,0.013,0.002,3.4181062696378e-215,"7","AC106028.4"
"AL031595.21",1.7514480729951e-216,3.00625672738183,0.025,0.007,5.71602593102679e-212,"7","AL031595.2"
"TDRD6",2.18014056513986e-216,3.03195270539009,0.03,0.009,7.11510674839044e-212,"7","TDRD6"
"FAM110A1",1.00543399691663e-213,2.09268875251788,0.049,0.019,3.28133439233713e-209,"7","FAM110A"
"CLDN71",2.09519885548312e-213,3.40536996616341,0.012,0.002,6.83789098475471e-209,"7","CLDN7"
"AP003049.2",1.3213478918081e-212,2.56534919883861,0.051,0.02,4.31235097970493e-208,"7","AP003049.2"
"PLBD1-AS1",1.90730895384917e-209,2.96902146905037,0.016,0.003,6.22469350178217e-205,"7","PLBD1-AS1"
"C1orf1471",2.27765435698391e-209,2.30838957293629,0.017,0.003,7.43335275945268e-205,"7","C1orf147"
"PRSS361",4.1830659617232e-209,2.90375621643248,0.021,0.005,1.36518540726798e-204,"7","PRSS36"
"LUCAT11",9.68589520735546e-206,2.28492169872581,0.047,0.018,3.16108875987253e-201,"7","LUCAT1"
"SAP251",1.45588051090481e-204,2.00962512878878,0.044,0.016,4.75141163538894e-200,"7","SAP25"
"FHAD1",8.80852530772616e-204,2.2842823954963,0.073,0.035,2.87475031942951e-199,"7","FHAD1"
"HCAR22",5.66219584683599e-199,2.20102002062294,0.014,0.002,1.84791423657339e-194,"7","HCAR2"
"HESX1",5.0092659021828e-198,2.55934588258009,0.037,0.013,1.63482401983638e-193,"7","HESX1"
"AC087269.11",4.07328386438551e-195,3.5881333338894,0.011,0.002,1.32935692198086e-190,"7","AC087269.1"
"AC024084.11",2.16507000158733e-194,2.39395910685163,0.024,0.006,7.06592245718042e-190,"7","AC024084.1"
"AL162417.1",7.27438585471822e-193,2.82397980868255,0.016,0.003,2.37406856754584e-188,"7","AL162417.1"
"AP000763.31",4.74357680926036e-192,2.0632896689646,0.046,0.018,1.54811372747021e-187,"7","AP000763.3"
"AC108863.11",5.16156096842612e-191,2.09583430649241,0.04,0.015,1.68452703765555e-186,"7","AC108863.1"
"AC114781.2",8.985833729917e-190,2.6369719098592,0.024,0.007,2.93261669609571e-185,"7","AC114781.2"
"LINC016843",1.35834869820776e-188,2.06676557002415,0.026,0.008,4.43310681147085e-184,"7","LINC01684"
"AC131956.2",3.3136606603032e-188,3.4202495088989,0.011,0.002,1.08144629309655e-183,"7","AC131956.2"
"PDE6G1",5.27495552358729e-184,2.44188156029685,0.019,0.004,1.72153448467795e-179,"7","PDE6G"
"ADGRE11",5.83432366742904e-183,2.25821807269276,0.022,0.006,1.90408987210214e-178,"7","ADGRE1"
"CHAD1",8.00768425847995e-183,2.69565946759755,0.013,0.002,2.61338783459752e-178,"7","CHAD"
"AC124014.12",6.25412311161673e-177,2.34310249489979,0.011,0.002,2.04109561870724e-172,"7","AC124014.1"
"SLC16A5",4.99402482517284e-176,2.07345171148228,0.027,0.008,1.62984994194341e-171,"7","SLC16A5"
"MKNK1-AS1",8.12482571769079e-176,2.16291192655746,0.05,0.021,2.65161812122557e-171,"7","MKNK1-AS1"
"STARD51",1.99790120401685e-173,2.01429733995242,0.032,0.011,6.52035036942939e-169,"7","STARD5"
"AC092436.41",7.94147871149796e-171,2.50849442549303,0.032,0.011,2.59178099228447e-166,"7","AC092436.4"
"AC008109.11",8.40430971454238e-171,3.00239065296383,0.02,0.005,2.74283051843805e-166,"7","AC008109.1"
"AC005332.11",1.35924473109069e-170,2.39011610388553,0.018,0.004,4.43603110438756e-166,"7","AC005332.1"
"AP000919.3",1.4471731521712e-169,2.35519507773831,0.03,0.01,4.72299429942594e-165,"7","AP000919.3"
"C1orf127",1.66650670880996e-166,3.00272689517693,0.014,0.003,5.43881129487218e-162,"7","C1orf127"
"AC011899.21",2.0954149304149e-166,2.55357358048553,0.023,0.007,6.83859616690206e-162,"7","AC011899.2"
"GAPLINC1",9.6106058226756e-166,2.09703401457242,0.015,0.003,3.13651731628841e-161,"7","GAPLINC"
"CCDC152",2.08863086098106e-165,2.50136400073689,0.059,0.028,6.81645567789779e-161,"7","CCDC152"
"ARAP1-AS2",3.45386034588116e-163,2.84843278907306,0.019,0.005,1.12720186248177e-158,"7","ARAP1-AS2"
"AC109630.11",1.29052138934015e-162,2.69483528099695,0.012,0.002,4.21174560625051e-158,"7","AC109630.1"
"LINC016371",1.38821015573853e-162,2.41728269859885,0.02,0.005,4.53056266426827e-158,"7","LINC01637"
"C17orf641",1.76777446737324e-159,2.91840814485386,0.018,0.004,5.76930875171931e-155,"7","C17orf64"
"HORMAD1",7.29066719650474e-157,2.92382706998086,0.021,0.006,2.37938214625129e-152,"7","HORMAD1"
"HS3ST2",1.57640024863862e-154,3.63171519807621,0.099,0.058,5.144739851457e-150,"7","HS3ST2"
"FAM72A2",5.25912522796852e-153,2.19143365822108,0.016,0.004,1.71636810939981e-148,"7","FAM72A"
"LINC02345",5.95425414662453e-152,2.37562593759144,0.014,0.003,1.94323038329238e-147,"7","LINC02345"
"AC100858.3",1.06089945465175e-150,2.9125268612124,0.017,0.004,3.46235146020146e-146,"7","AC100858.3"
"AL391832.21",2.35397108096121e-150,2.79964888649979,0.012,0.002,7.68242001982502e-146,"7","AL391832.2"
"AC007879.3",8.89060656104872e-150,2.54106483898443,0.019,0.005,2.90153835726386e-145,"7","AC007879.3"
"AC008534.12",1.9009395063517e-147,2.24474177868169,0.016,0.004,6.20390617292942e-143,"7","AC008534.1"
"AP005131.5",3.32347546390132e-146,2.17832888309987,0.051,0.023,1.08464945239883e-141,"7","AP005131.5"
"AC008691.1",5.06762057390311e-146,2.58820722758385,0.05,0.023,1.65386865049902e-141,"7","AC008691.1"
"ZG16B1",3.10687524831369e-144,2.20880168916979,0.011,0.002,1.01395980603965e-139,"7","ZG16B"
"CLN31",2.38774683058296e-142,3.01371726754248,0.014,0.003,7.79265055629056e-138,"7","CLN3"
"AC020908.3",4.70303128049274e-140,2.8172947717479,0.015,0.004,1.53488128870161e-135,"7","AC020908.3"
"AC091982.1",9.21698790997225e-139,2.68719100538456,0.02,0.006,3.00805617429854e-134,"7","AC091982.1"
"COL4A2-AS21",5.39312087889356e-138,2.41496672094236,0.017,0.005,1.7600989300357e-133,"7","COL4A2-AS2"
"AL159163.11",9.501466687761e-138,2.1309981239515,0.047,0.021,3.10089866821768e-133,"7","AL159163.1"
"MYBPC31",1.02828452197061e-137,2.82296105263288,0.014,0.003,3.35590936590327e-133,"7","MYBPC3"
"AC037459.2",4.83391672158128e-137,2.40105502398756,0.018,0.005,1.57759706125527e-132,"7","AC037459.2"
"CEACAM41",2.89183474508979e-136,2.87880585596696,0.01,0.002,9.43779187407503e-132,"7","CEACAM4"
"AP005131.1",2.91145831654323e-136,2.10563976909462,0.059,0.03,9.5018353618705e-132,"7","AP005131.1"
"FFAR4",1.30381384309049e-134,2.76745699547623,0.014,0.003,4.25512685831013e-130,"7","FFAR4"
"KCNMA1-AS3",7.56549019322854e-130,2.55697790532557,0.027,0.01,2.46907337946207e-125,"7","KCNMA1-AS3"
"KBTBD82",2.35465079416958e-129,2.09241721506232,0.023,0.008,7.68463833185183e-125,"7","KBTBD8"
"AL158207.22",2.44380965606705e-126,2.37402938669471,0.021,0.007,7.97561719354042e-122,"7","AL158207.2"
"KCNJ101",3.94089404127045e-124,2.05651416296021,0.018,0.005,1.28615017930902e-119,"7","KCNJ10"
"LRRC74A2",7.05710326794001e-124,2.53668898067847,0.015,0.004,2.3031562225249e-119,"7","LRRC74A"
"ICAM42",6.93220512692659e-121,2.38711991002609,0.01,0.002,2.26239446522376e-116,"7","ICAM4"
"EREG1",8.90447076500283e-111,2.00459435652344,0.013,0.003,2.90606307886632e-106,"7","EREG"
"AC008592.2",8.29542048673997e-109,3.06184486769763,0.01,0.002,2.70729343005246e-104,"7","AC008592.2"
"AC007620.2",1.20501237187259e-106,2.43049908097913,0.02,0.007,3.9326783768434e-102,"7","AC007620.2"
"CPA61",2.44147490546666e-105,2.68258432994209,0.038,0.018,7.96799750148099e-101,"7","CPA6"
"TUBB2B",0,2.73246301483385,0.784,0.253,0,"8","TUBB2B"
"STMN11",0,2.72634408509702,0.751,0.226,0,"8","STMN1"
"MLLT11",0,3.13857908531661,0.687,0.167,0,"8","MLLT11"
"UBB",0,2.69501950647469,0.748,0.236,0,"8","UBB"
"MARCKSL11",0,2.49929240989328,0.685,0.181,0,"8","MARCKSL1"
"BEX1",0,2.99567860340625,0.667,0.163,0,"8","BEX1"
"CHCHD21",0,2.09775730995974,0.743,0.24,0,"8","CHCHD2"
"MZT2B",0,2.71068067772172,0.705,0.203,0,"8","MZT2B"
"PEBP1",0,2.42284762941033,0.72,0.219,0,"8","PEBP1"
"BEX3",0,2.53522498392102,0.716,0.221,0,"8","BEX3"
"TUBA1A",0,3.02757587455305,0.856,0.363,0,"8","TUBA1A"
"GABARAPL2",0,3.03256833667842,0.656,0.169,0,"8","GABARAPL2"
"GAPDH1",0,2.25107278080879,0.756,0.271,0,"8","GAPDH"
"NDUFA41",0,2.31776813456856,0.667,0.185,0,"8","NDUFA4"
"SRP14",0,2.36373569154876,0.698,0.216,0,"8","SRP14"
"PTMS",0,2.17841121282472,0.697,0.216,0,"8","PTMS"
"COX7A21",0,2.35880205741604,0.668,0.188,0,"8","COX7A2"
"COX5B",0,2.4919785578433,0.639,0.159,0,"8","COX5B"
"PRDX21",0,3.59665790344005,0.552,0.073,0,"8","PRDX2"
"PRDX5",0,3.35710318887289,0.61,0.131,0,"8","PRDX5"
"TUBB2A",0,3.03366314992138,0.614,0.136,0,"8","TUBB2A"
"DYNLL1",0,2.29805082334388,0.687,0.211,0,"8","DYNLL1"
"ATP5MC3",0,2.51061174125439,0.626,0.15,0,"8","ATP5MC3"
"C12orf571",0,2.35058976064055,0.612,0.136,0,"8","C12orf57"
"PCSK1N",0,2.96883850956763,0.728,0.253,0,"8","PCSK1N"
"VAMP21",0,3.4863988989571,0.554,0.08,0,"8","VAMP2"
"ATP5F1E",0,2.35634458702518,0.682,0.209,0,"8","ATP5F1E"
"TPI11",0,2.36417916262436,0.644,0.171,0,"8","TPI1"
"SOD11",0,2.50242834849621,0.641,0.168,0,"8","SOD1"
"CALM21",0,3.1996424408801,0.591,0.119,0,"8","CALM2"
"FIS1",0,2.89614862776439,0.635,0.163,0,"8","FIS1"
"ELOB",0,2.60641862095755,0.609,0.138,0,"8","ELOB"
"NDUFS51",0,2.30424502088107,0.633,0.163,0,"8","NDUFS5"
"COX6A11",0,3.07920644369552,0.566,0.098,0,"8","COX6A1"
"PPDPF",0,2.33266164800336,0.615,0.147,0,"8","PPDPF"
"TUBB",0,2.11079636270861,0.75,0.283,0,"8","TUBB"
"PARK7",0,2.46286932478147,0.643,0.177,0,"8","PARK7"
"EID1",0,2.48644596782913,0.648,0.183,0,"8","EID1"
"RBP11",0,2.58054332256094,0.593,0.128,0,"8","RBP1"
"CD24",0,2.84422281509464,0.641,0.181,0,"8","CD24"
"RAN1",0,2.16612442708313,0.625,0.166,0,"8","RAN"
"YWHAH",0,2.60561443785532,0.622,0.163,0,"8","YWHAH"
"NDUFB11",0,2.7528855204102,0.582,0.124,0,"8","NDUFB11"
"NDUFB7",0,2.56917586562265,0.588,0.13,0,"8","NDUFB7"
"ATP6V1G1",0,2.29172890108632,0.642,0.185,0,"8","ATP6V1G1"
"CUTA",0,2.33700425960863,0.612,0.155,0,"8","CUTA"
"ANAPC11",0,2.58190213090372,0.59,0.134,0,"8","ANAPC11"
"ATP5F1B1",0,2.24381656958517,0.624,0.169,0,"8","ATP5F1B"
"ZNF428",0,2.26258329390608,0.611,0.156,0,"8","ZNF428"
"UQCRB1",0,2.02698081294592,0.645,0.191,0,"8","UQCRB"
"IFI27L2",0,2.80528284163365,0.564,0.11,0,"8","IFI27L2"
"UQCRH",0,2.11116645419547,0.677,0.224,0,"8","UQCRH"
"HSBP1",0,2.28981709308628,0.605,0.152,0,"8","HSBP1"
"SUMO21",0,2.42917596046431,0.623,0.171,0,"8","SUMO2"
"EDF1",0,2.00783100513055,0.653,0.202,0,"8","EDF1"
"UBL51",0,2.49095274985139,0.585,0.134,0,"8","UBL5"
"UQCR10",0,2.21706489043306,0.596,0.145,0,"8","UQCR10"
"COX6C",0,2.33873066611739,0.627,0.177,0,"8","COX6C"
"OAZ12",0,2.39472295170892,0.565,0.115,0,"8","OAZ1"
"UQCRQ",0,2.37228542777791,0.582,0.133,0,"8","UQCRQ"
"ATP5PD",0,2.88515380944617,0.571,0.122,0,"8","ATP5PD"
"ATP5PF",0,2.28116544909799,0.607,0.158,0,"8","ATP5PF"
"PHOX2A",0,2.4704778448125,0.641,0.193,0,"8","PHOX2A"
"PSMB61",0,2.69262905078087,0.563,0.115,0,"8","PSMB6"
"CKB",0,2.85008782679395,0.593,0.146,0,"8","CKB"
"ATP5MF1",0,3.07050276435863,0.532,0.086,0,"8","ATP5MF"
"CFL1",0,2.13137717384624,0.684,0.238,0,"8","CFL1"
"TBCB",0,2.55401348493264,0.584,0.138,0,"8","TBCB"
"DCTN3",0,2.96734725123999,0.548,0.104,0,"8","DCTN3"
"LAMTOR5",0,2.63160958365375,0.572,0.128,0,"8","LAMTOR5"
"TCEAL7",0,3.03931409839145,0.553,0.11,0,"8","TCEAL7"
"NDUFB2",0,2.44389889491954,0.62,0.177,0,"8","NDUFB2"
"SAP18",0,2.33731564555846,0.593,0.15,0,"8","SAP18"
"SKP1",0,2.26647060026473,0.684,0.242,0,"8","SKP1"
"SRSF9",0,2.143016439146,0.618,0.176,0,"8","SRSF9"
"SCG5",0,2.45473520830336,0.638,0.196,0,"8","SCG5"
"UCHL1",0,2.53492194367793,0.741,0.3,0,"8","UCHL1"
"GSTP11",0,2.59614968355989,0.575,0.134,0,"8","GSTP1"
"SCG2",0,2.54905282364414,0.756,0.316,0,"8","SCG2"
"PRDX11",0,2.04805330950688,0.583,0.143,0,"8","PRDX1"
"GNB2",0,2.25900774662383,0.606,0.166,0,"8","GNB2"
"GNG3",0,4.15087466175246,0.488,0.049,0,"8","GNG3"
"MYL6",0,2.04237055154858,0.723,0.284,0,"8","MYL6"
"ATP6V1F1",0,2.5583325819228,0.55,0.112,0,"8","ATP6V1F"
"HSP90AB1",0,2.33943476754298,0.763,0.325,0,"8","HSP90AB1"
"DYNLRB1",0,2.29196461512723,0.605,0.167,0,"8","DYNLRB1"
"MAGED2",0,2.54079718599016,0.557,0.12,0,"8","MAGED2"
"PCBD1",0,3.07503009305142,0.541,0.104,0,"8","PCBD1"
"ATP5MC11",0,2.44632758964233,0.557,0.12,0,"8","ATP5MC1"
"NDUFB4",0,2.53209351578389,0.578,0.142,0,"8","NDUFB4"
"ATP5F1D",0,2.53797166278148,0.575,0.139,0,"8","ATP5F1D"
"RAMP1",0,2.90920794986427,0.672,0.237,0,"8","RAMP1"
"COX8A",0,3.20517203429511,0.523,0.088,0,"8","COX8A"
"PSMC5",0,2.94908182539751,0.537,0.102,0,"8","PSMC5"
"ATP5IF1",0,2.19990793287488,0.607,0.172,0,"8","ATP5IF1"
"BEX2",0,2.67595539059068,0.588,0.154,0,"8","BEX2"
"TRMT1121",0,2.37508776024363,0.555,0.122,0,"8","TRMT112"
"TTC9B",0,3.2161310320343,0.533,0.1,0,"8","TTC9B"
"RABAC1",0,2.29667442555182,0.587,0.154,0,"8","RABAC1"
"CHGB",0,3.75024046368559,0.714,0.282,0,"8","CHGB"
"EEF1A2",0,3.24851985869181,0.581,0.149,0,"8","EEF1A2"
"PHPT1",0,2.28857569988185,0.559,0.129,0,"8","PHPT1"
"ZNHIT1",0,2.59462117586032,0.543,0.114,0,"8","ZNHIT1"
"SMDT11",0,2.37643031350848,0.555,0.126,0,"8","SMDT1"
"S100A61",0,2.31883739336279,0.63,0.201,0,"8","S100A6"
"PSMB1",0,2.05263061395748,0.609,0.18,0,"8","PSMB1"
"CALM1",0,2.66816332899045,0.764,0.336,0,"8","CALM1"
"ATP6V0B",0,2.14011013292732,0.647,0.221,0,"8","ATP6V0B"
"STMN2",0,2.08701543549856,0.84,0.414,0,"8","STMN2"
"PSMB5",0,2.48627191240692,0.556,0.131,0,"8","PSMB5"
"H3F3A1",0,2.75582526788868,0.624,0.199,0,"8","H3F3A"
"PRPH",0,3.09638230841359,0.62,0.195,0,"8","PRPH"
"NEDD81",0,2.90384282383734,0.508,0.084,0,"8","NEDD8"
"NDUFA5",0,2.19576545735305,0.605,0.183,0,"8","NDUFA5"
"MCRIP1",0,2.11820087520377,0.598,0.176,0,"8","MCRIP1"
"AP2M1",0,2.47045138737066,0.592,0.17,0,"8","AP2M1"
"ATP5ME1",0,2.1291708099142,0.558,0.137,0,"8","ATP5ME"
"SEC61G1",0,2.13387648952079,0.549,0.128,0,"8","SEC61G"
"NDUFB10",0,2.51356983446987,0.526,0.107,0,"8","NDUFB10"
"PHB1",0,2.3523959971258,0.544,0.125,0,"8","PHB"
"PFDN2",0,2.16334342143594,0.584,0.165,0,"8","PFDN2"
"MRFAP1",0,2.02940107449834,0.577,0.158,0,"8","MRFAP1"
"QDPR",0,2.59555847014654,0.58,0.163,0,"8","QDPR"
"ATP5MD",0,2.25128837471674,0.566,0.149,0,"8","ATP5MD"
"TAGLN3",0,2.89354589565566,0.517,0.101,0,"8","TAGLN3"
"CCT3",0,2.16440533010019,0.636,0.221,0,"8","CCT3"
"MZT2A",0,2.34413240174601,0.575,0.16,0,"8","MZT2A"
"NDUFA12",0,2.15989579910271,0.562,0.148,0,"8","NDUFA12"
"ATP5F1A",0,2.00901197169863,0.593,0.179,0,"8","ATP5F1A"
"ATP5PO1",0,2.55128916477616,0.497,0.083,0,"8","ATP5PO"
"MDH1",0,2.23242273789942,0.567,0.153,0,"8","MDH1"
"MEG31",0,2.49003614176,0.674,0.261,0,"8","MEG3"
"NME13",0,2.75835218742517,0.47,0.057,0,"8","NME1"
"BEX4",0,2.2221226929422,0.575,0.162,0,"8","BEX4"
"FKBP2",0,2.67216202193005,0.525,0.113,0,"8","FKBP2"
"NDUFAB1",0,2.5386896185429,0.528,0.116,0,"8","NDUFAB1"
"COPE1",0,2.51160685897746,0.525,0.113,0,"8","COPE"
"NDUFC21",0,2.60221363216452,0.493,0.081,0,"8","NDUFC2"
"NDUFB81",0,2.85490149655581,0.49,0.078,0,"8","NDUFB8"
"COX7B",0,2.41882270994794,0.543,0.132,0,"8","COX7B"
"AURKAIP1",0,2.45571122682019,0.517,0.107,0,"8","AURKAIP1"
"TMEM258",0,2.05150838164243,0.551,0.141,0,"8","TMEM258"
"HSPE11",0,2.23657737169431,0.501,0.093,0,"8","HSPE1"
"UQCR111",0,2.2688938628204,0.501,0.093,0,"8","UQCR11"
"SRI",0,2.25730838363362,0.566,0.158,0,"8","SRI"
"SCAND11",0,2.26535351887783,0.517,0.11,0,"8","SCAND1"
"ENO2",0,2.08675958335493,0.569,0.165,0,"8","ENO2"
"MDH21",0,2.26236262778648,0.524,0.121,0,"8","MDH2"
"RGS5",0,2.95178520221686,0.651,0.249,0,"8","RGS5"
"CFAP20",0,2.81390520623446,0.5,0.098,0,"8","CFAP20"
"MYL6B",0,2.18499266061118,0.531,0.13,0,"8","MYL6B"
"COPS9",0,2.22515946104918,0.516,0.116,0,"8","COPS9"
"NDUFS6",0,2.23615748888495,0.538,0.138,0,"8","NDUFS6"
"NDUFS8",0,2.51577139007053,0.519,0.119,0,"8","NDUFS8"
"MLF2",0,2.0527274648136,0.557,0.157,0,"8","MLF2"
"COX17",0,2.85019364683951,0.506,0.107,0,"8","COX17"
"NDUFA1",0,2.22177511411464,0.515,0.116,0,"8","NDUFA1"
"C1QBP1",0,2.17481884424339,0.523,0.124,0,"8","C1QBP"
"MIF1",0,2.74199874471475,0.465,0.067,0,"8","MIF"
"BANF1",0,2.26956253283722,0.502,0.105,0,"8","BANF1"
"TRAPPC11",0,2.75656454866302,0.473,0.076,0,"8","TRAPPC1"
"ATP1B1",0,2.39075442975285,0.673,0.277,0,"8","ATP1B1"
"LAMTOR4",0,2.02067279416439,0.548,0.153,0,"8","LAMTOR4"
"COX5A1",0,2.24860234412055,0.513,0.118,0,"8","COX5A"
"GADD45GIP1",0,2.40962441796862,0.495,0.1,0,"8","GADD45GIP1"
"YPEL3",0,2.13125629451632,0.535,0.142,0,"8","YPEL3"
"PIN1",0,2.31145850906712,0.509,0.116,0,"8","PIN1"
"POLR2J",0,2.43412546360729,0.485,0.093,0,"8","POLR2J"
"NENF",0,2.20067486098508,0.523,0.132,0,"8","NENF"
"NSG1",0,2.16600959550182,0.548,0.157,0,"8","NSG1"
"SLC25A4",0,2.8121362994418,0.477,0.086,0,"8","SLC25A4"
"FKBP8",0,2.03981290214504,0.534,0.143,0,"8","FKBP8"
"UBXN1",0,2.0610780236365,0.525,0.135,0,"8","UBXN1"
"CCT71",0,2.03229433033772,0.52,0.131,0,"8","CCT7"
"ATP6V0E2",0,2.26504346252181,0.528,0.139,0,"8","ATP6V0E2"
"WDR83OS1",0,2.53438271317033,0.467,0.078,0,"8","WDR83OS"
"DDT",0,2.17438311375083,0.506,0.117,0,"8","DDT"
"FAIM2",0,2.04105435701323,0.529,0.143,0,"8","FAIM2"
"KRT19",0,2.81961556808038,0.466,0.08,0,"8","KRT19"
"TMEM160",0,2.29955288242481,0.498,0.112,0,"8","TMEM160"
"NDUFA2",0,2.29053213247036,0.501,0.116,0,"8","NDUFA2"
"MRPL511",0,2.07078713032787,0.495,0.11,0,"8","MRPL51"
"TCEAL4",0,2.24181697175251,0.507,0.123,0,"8","TCEAL4"
"DRAP1",0,2.20415784490603,0.491,0.109,0,"8","DRAP1"
"SEC11C",0,2.35537068382045,0.5,0.119,0,"8","SEC11C"
"POLR2K",0,2.17460771712644,0.488,0.108,0,"8","POLR2K"
"PHOX2B",0,2.00731313944594,0.591,0.212,0,"8","PHOX2B"
"NHP21",0,2.07268271689236,0.484,0.105,0,"8","NHP2"
"C1orf122",0,2.25102340974906,0.485,0.107,0,"8","C1orf122"
"UFC1",0,2.05278625185823,0.501,0.123,0,"8","UFC1"
"POLR2I1",0,2.77606904718373,0.447,0.069,0,"8","POLR2I"
"POLR2L",0,2.24033053549234,0.494,0.117,0,"8","POLR2L"
"BUD31",0,2.2101187715922,0.481,0.105,0,"8","BUD31"
"ILF21",0,2.02257099941928,0.505,0.13,0,"8","ILF2"
"MPC2",0,2.40855576881413,0.483,0.108,0,"8","MPC2"
"AP1S1",0,2.66220881975151,0.458,0.083,0,"8","AP1S1"
"SELENOH1",0,2.76703088100022,0.442,0.067,0,"8","SELENOH"
"RNF187",0,2.57017611281948,0.463,0.089,0,"8","RNF187"
"CDKN1C",0,4.59321091051571,0.463,0.089,0,"8","CDKN1C"
"NDUFB1",0,2.06487225295544,0.502,0.128,0,"8","NDUFB1"
"NDUFB3",0,2.24462913119,0.473,0.1,0,"8","NDUFB3"
"CALY",0,3.02814799798812,0.477,0.104,0,"8","CALY"
"ISCU",0,2.08631919455964,0.503,0.13,0,"8","ISCU"
"NPDC11",0,2.41587180437552,0.449,0.077,0,"8","NPDC1"
"H3F3B",0,2.2763205082781,0.85,0.478,0,"8","H3F3B"
"HSP90AA1",0,2.02224718394319,0.785,0.414,0,"8","HSP90AA1"
"ARPC1A1",0,3.2509586353716,0.424,0.053,0,"8","ARPC1A"
"NDUFA111",0,2.52283619669664,0.444,0.073,0,"8","NDUFA11"
"RNF7",0,2.18171784540632,0.489,0.12,0,"8","RNF7"
"CENPX",0,2.17997004927931,0.473,0.105,0,"8","CENPX"
"NDUFC1",0,2.47340088512185,0.465,0.098,0,"8","NDUFC1"
"FXYD61",0,3.11604755882359,0.417,0.05,0,"8","FXYD6"
"CHCHD10",0,2.07506109178056,0.485,0.118,0,"8","CHCHD10"
"APLP1",0,2.02880770694688,0.491,0.126,0,"8","APLP1"
"RPS19BP1",0,2.060227319971,0.479,0.115,0,"8","RPS19BP1"
"NDUFA131",0,2.51694455592348,0.435,0.072,0,"8","NDUFA13"
"ECH1",0,2.31262696948522,0.448,0.085,0,"8","ECH1"
"MRPS7",0,2.19704157221234,0.465,0.103,0,"8","MRPS7"
"BAG1",0,2.19283622122154,0.472,0.11,0,"8","BAG1"
"FIBP",0,2.99972235695006,0.433,0.071,0,"8","FIBP"
"GLRX5",0,2.26811586855833,0.461,0.1,0,"8","GLRX5"
"ATP1A3",0,4.02902750434025,0.386,0.025,0,"8","ATP1A3"
"DUSP26",0,2.4538330378403,0.448,0.09,0,"8","DUSP26"
"MRPL41",0,2.15434236718054,0.469,0.111,0,"8","MRPL41"
"ATP6V0D1",0,2.13466224953268,0.485,0.127,0,"8","ATP6V0D1"
"NT5C3B",0,2.0107172127944,0.481,0.124,0,"8","NT5C3B"
"RGS4",0,2.49726756273795,0.46,0.106,0,"8","RGS4"
"BNIP3",0,2.13274627307811,0.476,0.122,0,"8","BNIP3"
"HEBP2",0,2.7548868433341,0.435,0.083,0,"8","HEBP2"
"TCEA2",0,2.13516266487187,0.449,0.097,0,"8","TCEA2"
"FKBP1B",0,3.00617184544801,0.409,0.059,0,"8","FKBP1B"
"CLTB",0,2.05249120436016,0.467,0.118,0,"8","CLTB"
"PSMC3",0,2.41092751902187,0.427,0.078,0,"8","PSMC3"
"MRPL27",0,2.19886097138583,0.448,0.1,0,"8","MRPL27"
"TMEM208",0,2.09133388866786,0.451,0.104,0,"8","TMEM208"
"TMEM14B1",0,2.59613238019571,0.411,0.064,0,"8","TMEM14B"
"VBP1",0,2.3784525261506,0.44,0.093,0,"8","VBP1"
"HRAS",0,2.43781361542293,0.436,0.089,0,"8","HRAS"
"MRPS33",0,2.29918223234343,0.439,0.093,0,"8","MRPS33"
"HCFC1R1",0,2.52894308593167,0.419,0.073,0,"8","HCFC1R1"
"CHRNA3",0,2.02336940816148,0.536,0.192,0,"8","CHRNA3"
"LAMTOR21",0,2.34792925970543,0.429,0.085,0,"8","LAMTOR2"
"GPR22",0,3.20595115727423,0.417,0.073,0,"8","GPR22"
"ECHS1",0,2.25515859846529,0.438,0.094,0,"8","ECHS1"
"NDUFS7",0,2.30991691078402,0.439,0.095,0,"8","NDUFS7"
"TPPP3",0,2.60985091212829,0.404,0.061,0,"8","TPPP3"
"MRPL55",0,2.18351002145852,0.43,0.087,0,"8","MRPL55"
"CCDC167",0,2.24475237543754,0.429,0.086,0,"8","CCDC167"
"YIF1A",0,2.53061404491655,0.42,0.077,0,"8","YIF1A"
"RAC3",0,2.29970675504448,0.441,0.098,0,"8","RAC3"
"MRPS34",0,2.20583976227796,0.431,0.09,0,"8","MRPS34"
"CUEDC2",0,2.05075444688674,0.449,0.109,0,"8","CUEDC2"
"CSNK2B1",0,2.43963012199676,0.407,0.067,0,"8","CSNK2B"
"HSD17B10",0,2.77845028008214,0.409,0.069,0,"8","HSD17B10"
"SUPT4H11",0,2.01240129815952,0.44,0.1,0,"8","SUPT4H1"
"ARF5",0,2.63762285417374,0.408,0.069,0,"8","ARF5"
"TSTD1",0,3.8207322226931,0.374,0.036,0,"8","TSTD1"
"RRAGA",0,2.31269669953579,0.413,0.078,0,"8","RRAGA"
"HIGD2A2",0,2.21964963239386,0.404,0.07,0,"8","HIGD2A"
"MT-CYB",0,2.06902689947693,0.832,0.498,0,"8","MT-CYB"
"MRPS23",0,2.2220678853346,0.427,0.094,0,"8","MRPS23"
"ROMO11",0,2.0810008311028,0.417,0.084,0,"8","ROMO1"
"PPP1CA",0,2.06632553823959,0.426,0.094,0,"8","PPP1CA"
"C19orf70",0,2.03714617583055,0.422,0.09,0,"8","C19orf70"
"H1F01",0,2.21733714380324,0.42,0.089,0,"8","H1F0"
"GSTM3",0,2.44703334940729,0.404,0.074,0,"8","GSTM3"
"NDUFA8",0,2.3770626807953,0.408,0.078,0,"8","NDUFA8"
"PRKAG2-AS1",0,2.37927296594558,0.403,0.075,0,"8","PRKAG2-AS1"
"TCEAL3",0,2.17561900822061,0.433,0.105,0,"8","TCEAL3"
"CCND11",0,2.16525673039979,0.584,0.256,0,"8","CCND1"
"COPRS",0,2.2816068173492,0.415,0.087,0,"8","COPRS"
"PAFAH1B3",0,2.11453267750341,0.423,0.095,0,"8","PAFAH1B3"
"HIST3H2A1",0,2.66396205501234,0.384,0.059,0,"8","HIST3H2A"
"ZCRB1",0,2.04108132808913,0.42,0.095,0,"8","ZCRB1"
"BAD",0,2.41119962154201,0.399,0.075,0,"8","BAD"
"COA31",0,2.45337507115032,0.396,0.072,0,"8","COA3"
"GNAS",0,2.11366010172376,0.872,0.548,0,"8","GNAS"
"POLR2J3-ENSG000002854371",0,2.55224337889175,0.375,0.053,0,"8","POLR2J3-ENSG00000285437"
"C1QTNF4",0,2.45179883897276,0.391,0.069,0,"8","C1QTNF4"
"PMVK",0,2.3288007467987,0.402,0.081,0,"8","PMVK"
"BLOC1S12",0,2.10220037430441,0.391,0.07,0,"8","BLOC1S1"
"INSM1",0,3.55820291265574,0.357,0.037,0,"8","INSM1"
"ALKBH7",0,2.01121681605995,0.405,0.085,0,"8","ALKBH7"
"PCP4",0,4.48927345959742,0.368,0.048,0,"8","PCP4"
"AC245595.1",0,3.50301276745076,0.351,0.032,0,"8","AC245595.1"
"HPF1",0,2.27825561253317,0.433,0.115,0,"8","HPF1"
"MRPL211",0,2.60621558279223,0.381,0.063,0,"8","MRPL21"
"FAM50A",0,2.12854222453816,0.403,0.086,0,"8","FAM50A"
"TCEAL2",0,3.42746154877249,0.358,0.043,0,"8","TCEAL2"
"ARF3",0,3.2221929266007,0.358,0.043,0,"8","ARF3"
"METTL26",0,2.00014176978396,0.4,0.086,0,"8","METTL26"
"MINOS11",0,2.29116436136467,0.375,0.063,0,"8","MINOS1"
"PET1001",0,2.23963546930472,0.379,0.067,0,"8","PET100"
"PFDN41",0,2.02839446794311,0.402,0.091,0,"8","PFDN4"
"AIP",0,2.11858875771648,0.387,0.076,0,"8","AIP"
"EIF61",0,2.40913106727784,0.373,0.062,0,"8","EIF6"
"GCSH1",0,3.061827792608,0.35,0.04,0,"8","GCSH"
"ARL2",0,3.32310574997485,0.356,0.048,0,"8","ARL2"
"NDUFA4L2",0,3.52460764473862,0.344,0.036,0,"8","NDUFA4L2"
"MOAP1",0,2.10374770547428,0.393,0.085,0,"8","MOAP1"
"R3HCC1",0,2.5093270142768,0.37,0.063,0,"8","R3HCC1"
"SMIM261",0,2.25801846105381,0.371,0.064,0,"8","SMIM26"
"ATP6V1G2",0,3.51550495189187,0.334,0.028,0,"8","ATP6V1G2"
"FMC11",0,3.12038753324363,0.346,0.04,0,"8","FMC1"
"STOML21",0,2.08526420636981,0.385,0.079,0,"8","STOML2"
"SERTAD4-AS1",0,2.82851325649496,0.351,0.047,0,"8","SERTAD4-AS1"
"C12orf101",0,2.34443452080392,0.369,0.066,0,"8","C12orf10"
"COX141",0,2.44564081165188,0.36,0.058,0,"8","COX14"
"FAM57B",0,2.15736776960457,0.385,0.084,0,"8","FAM57B"
"TXNDC17",0,2.23570750707153,0.371,0.07,0,"8","TXNDC17"
"ETFB",0,2.20760802927052,0.372,0.071,0,"8","ETFB"
"POLR3GL",0,2.38265812255718,0.36,0.06,0,"8","POLR3GL"
"TSR3",0,2.27021933739484,0.37,0.07,0,"8","TSR3"
"VKORC1",0,2.54908125000521,0.355,0.055,0,"8","VKORC1"
"CNIH2",0,3.31836900517602,0.34,0.041,0,"8","CNIH2"
"MRPL40",0,2.38547532080628,0.365,0.066,0,"8","MRPL40"
"PDLIM2",0,3.75820669093445,0.329,0.031,0,"8","PDLIM2"
"TMBIM41",0,2.00675915597993,0.363,0.066,0,"8","TMBIM4"
"EMC6",0,2.00207733019765,0.374,0.08,0,"8","EMC6"
"MRPL121",0,2.86501535139456,0.335,0.042,0,"8","MRPL12"
"GAL1",0,2.53124565958445,0.38,0.088,0,"8","GAL"
"DCTN1",0,2.14089419785551,0.371,0.079,0,"8","DCTN1"
"RNF5",0,2.24857233399671,0.365,0.073,0,"8","RNF5"
"RTL8C",0,2.02448740695338,0.37,0.078,0,"8","RTL8C"
"CNPY21",0,2.33489057527339,0.347,0.057,0,"8","CNPY2"
"TCEAL8",0,2.01546307489313,0.365,0.078,0,"8","TCEAL8"
"PRCD",0,2.10420683672294,0.379,0.093,0,"8","PRCD"
"MEA1",0,2.37281817887086,0.348,0.062,0,"8","MEA1"
"CHCHD1",0,2.06528521806341,0.362,0.076,0,"8","CHCHD1"
"C4orf48",0,2.05498370039239,0.387,0.103,0,"8","C4orf48"
"MAGEF1",0,2.12229530698834,0.355,0.072,0,"8","MAGEF1"
"TMEM205",0,2.84018923108573,0.325,0.044,0,"8","TMEM205"
"HTATSF1",0,2.16058412951779,0.354,0.073,0,"8","HTATSF1"
"IDH3G",0,2.05731609351435,0.349,0.068,0,"8","IDH3G"
"TCEAL5",0,2.80145299077938,0.324,0.044,0,"8","TCEAL5"
"CCDC124",0,2.33377835912512,0.341,0.061,0,"8","CCDC124"
"TRAPPC2L",0,2.25904043948262,0.338,0.06,0,"8","TRAPPC2L"
"ARL6IP12",0,2.06937872422924,0.336,0.059,0,"8","ARL6IP1"
"PMM1",0,2.02477123519323,0.348,0.072,0,"8","PMM1"
"PPP1R17",0,4.79842318894257,0.3,0.025,0,"8","PPP1R17"
"DPM3",0,2.01923750516526,0.343,0.069,0,"8","DPM3"
"RTL8A",0,2.13303494526664,0.339,0.065,0,"8","RTL8A"
"CDK5R2",0,2.34644054519829,0.342,0.069,0,"8","CDK5R2"
"NPY",0,2.86686551122602,0.423,0.15,0,"8","NPY"
"RAB5C2",0,2.12992317482028,0.339,0.066,0,"8","RAB5C"
"DGCR6L",0,2.13010608914343,0.339,0.066,0,"8","DGCR6L"
"GAMT",0,2.41198760833842,0.326,0.054,0,"8","GAMT"
"DCXR1",0,2.01113533794775,0.342,0.071,0,"8","DCXR"
"LEPROT",0,2.33869315393286,0.323,0.053,0,"8","LEPROT"
"AKR7A2",0,2.09101090407665,0.336,0.067,0,"8","AKR7A2"
"CAMK2N2",0,2.60506344839741,0.323,0.054,0,"8","CAMK2N2"
"PPP2CA1",0,2.55116176495831,0.315,0.046,0,"8","PPP2CA"
"RNF1811",0,2.01652017288738,0.332,0.064,0,"8","RNF181"
"MAB21L2",0,2.07131637513735,0.338,0.07,0,"8","MAB21L2"
"TPGS1",0,2.04647302381358,0.331,0.065,0,"8","TPGS1"
"KRTCAP21",0,2.32337394867506,0.315,0.05,0,"8","KRTCAP2"
"TAF91",0,2.83322761103576,0.307,0.042,0,"8","TAF9"
"BABAM11",0,2.93240892965635,0.304,0.039,0,"8","BABAM1"
"BORCS71",0,2.66109208170739,0.306,0.042,0,"8","BORCS7"
"MRPL28",0,2.18253892459047,0.323,0.06,0,"8","MRPL28"
"SLC25A11",0,2.13599065158594,0.329,0.067,0,"8","SLC25A11"
"COMMD71",0,2.53836478107052,0.305,0.043,0,"8","COMMD7"
"NAXE",0,2.31468198059819,0.313,0.053,0,"8","NAXE"
"NDN",0,2.2070466651709,0.323,0.063,0,"8","NDN"
"RND2",0,2.0452686160926,0.327,0.068,0,"8","RND2"
"SNRNP271",0,2.23842595143548,0.315,0.057,0,"8","SNRNP27"
"HINT2",0,2.38675108346529,0.309,0.051,0,"8","HINT2"
"CCDC28B",0,2.28371864023461,0.307,0.05,0,"8","CCDC28B"
"CFL2",0,2.05307171259055,0.324,0.067,0,"8","CFL2"
"RFK",0,2.09912067169899,0.321,0.065,0,"8","RFK"
"COMMD31",0,2.60575028538702,0.298,0.043,0,"8","COMMD3"
"PSMA21",0,2.26479307197407,0.309,0.055,0,"8","PSMA2"
"SHD",0,2.24554808044355,0.307,0.054,0,"8","SHD"
"SVBP",0,2.05580362846077,0.338,0.086,0,"8","SVBP"
"ROGDI",0,2.3177345427152,0.302,0.051,0,"8","ROGDI"
"ANAPC13",0,2.27845086305797,0.308,0.058,0,"8","ANAPC13"
"PQBP11",0,2.08478256525497,0.305,0.056,0,"8","PQBP1"
"TSR2",0,2.29883568241528,0.302,0.053,0,"8","TSR2"
"PFN21",0,2.30238065333348,0.296,0.048,0,"8","PFN2"
"POP7",0,2.35335654270783,0.299,0.052,0,"8","POP7"
"CDK5",0,2.83602327674068,0.285,0.038,0,"8","CDK5"
"TCEAL6",0,3.93960195207744,0.262,0.017,0,"8","TCEAL6"
"BEX5",0,2.81032157924968,0.28,0.036,0,"8","BEX5"
"FNDC5",0,2.36024008273751,0.293,0.049,0,"8","FNDC5"
"BLOC1S61",0,2.54073412967932,0.283,0.041,0,"8","BLOC1S6"
"CTDNEP11",0,2.41799534019341,0.286,0.047,0,"8","CTDNEP1"
"SURF21",0,2.45906958081763,0.278,0.04,0,"8","SURF2"
"PGAM2",0,2.3698580270946,0.276,0.039,0,"8","PGAM2"
"CEND11",0,2.48152657905165,0.283,0.047,0,"8","CEND1"
"NAA101",0,2.27241425690899,0.28,0.046,0,"8","NAA10"
"SMIM71",0,2.30129322194086,0.28,0.046,0,"8","SMIM7"
"NAP1L5",0,2.40653535113705,0.284,0.05,0,"8","NAP1L5"
"C1QL1",0,2.20779180597362,0.295,0.061,0,"8","C1QL1"
"RAMMET1",0,2.79911847366913,0.267,0.034,0,"8","RAMMET"
"PRRT21",0,3.2668100261557,0.254,0.021,0,"8","PRRT2"
"RPL26L1",0,2.13686599131164,0.287,0.054,0,"8","RPL26L1"
"TUSC1",0,2.17186993400828,0.285,0.052,0,"8","TUSC1"
"IFT22",0,2.35590059015645,0.276,0.044,0,"8","IFT22"
"SNRNP25",0,2.250173344395,0.282,0.051,0,"8","SNRNP25"
"NDUFA91",0,2.58263407661371,0.268,0.039,0,"8","NDUFA9"
"C22orf391",0,2.77073385023462,0.264,0.035,0,"8","C22orf39"
"TMEM54",0,3.36411925712342,0.252,0.024,0,"8","TMEM54"
"TMX21",0,2.82410278387987,0.262,0.034,0,"8","TMX2"
"PMF11",0,2.60382860706541,0.262,0.035,0,"8","PMF1"
"MTX1",0,2.16282788054115,0.275,0.049,0,"8","MTX1"
"AC004540.2",0,2.65299574493383,0.26,0.034,0,"8","AC004540.2"
"ABHD14A",0,2.16264251779622,0.271,0.046,0,"8","ABHD14A"
"HOXB2",0,2.26448976123481,0.262,0.038,0,"8","HOXB2"
"SNCG",0,2.44787697100539,0.279,0.056,0,"8","SNCG"
"MORN2",0,2.58294209193914,0.257,0.037,0,"8","MORN2"
"APOPT11",0,2.71524403627946,0.252,0.034,0,"8","APOPT1"
"BORCS8",0,3.3738371289673,0.242,0.024,0,"8","BORCS8"
"ZNF5801",0,2.61592235220486,0.252,0.036,0,"8","ZNF580"
"DDC",0,2.02591573291447,0.272,0.057,0,"8","DDC"
"SPATC1L",0,2.20251581960794,0.261,0.046,0,"8","SPATC1L"
"RAB3A",0,2.52347075881335,0.254,0.039,0,"8","RAB3A"
"LAGE3",0,2.03238713556906,0.263,0.054,0,"8","LAGE3"
"FABP6",0,2.44163784655689,0.25,0.041,0,"8","FABP6"
"MRPL17",0,2.14707740966518,0.253,0.045,0,"8","MRPL17"
"ENHO",0,2.59676078650632,0.238,0.031,0,"8","ENHO"
"CTXN1",0,2.1251339938413,0.252,0.046,0,"8","CTXN1"
"KCTD17",0,2.17320709543055,0.246,0.041,0,"8","KCTD17"
"TCTEX1D21",0,3.34372391074402,0.226,0.022,0,"8","TCTEX1D2"
"C15orf61",0,2.02958192193032,0.253,0.05,0,"8","C15orf61"
"CETN2",0,2.57898495516029,0.239,0.036,0,"8","CETN2"
"PDZD11",0,2.38446792975411,0.24,0.039,0,"8","PDZD11"
"SMARCE11",0,2.28722008307919,0.242,0.041,0,"8","SMARCE1"
"HIGD1A1",0,2.83632623872287,0.231,0.031,0,"8","HIGD1A"
"HAND11",0,2.48165722357681,0.247,0.048,0,"8","HAND1"
"BEND51",0,3.46456341173075,0.216,0.019,0,"8","BEND5"
"ISCA2",0,2.16354091537377,0.234,0.039,0,"8","ISCA2"
"GOSR21",0,2.77693610317911,0.223,0.029,0,"8","GOSR2"
"GALK1",0,2.32621676834413,0.228,0.034,0,"8","GALK1"
"PTPMT1",0,2.80638771764956,0.222,0.029,0,"8","PTPMT1"
"KANSL1-AS1",0,2.41584201897467,0.224,0.031,0,"8","KANSL1-AS1"
"IER3IP11",0,2.28512910356899,0.232,0.042,0,"8","IER3IP1"
"KLHDC9",0,2.36195682988929,0.221,0.032,0,"8","KLHDC9"
"PARD6A",0,2.84060799452908,0.214,0.025,0,"8","PARD6A"
"MAGEA10",0,2.93536015429262,0.21,0.021,0,"8","MAGEA10"
"ALDOC",0,3.90610187863918,0.197,0.012,0,"8","ALDOC"
"FAM215B1",0,2.82363925459807,0.208,0.023,0,"8","FAM215B"
"CFAP2981",0,2.38288234610259,0.216,0.034,0,"8","CFAP298"
"TIA11",0,2.28178373406275,0.216,0.035,0,"8","TIA1"
"C17orf58",0,2.34704762657456,0.22,0.039,0,"8","C17orf58"
"PARL2",0,2.360497881514,0.213,0.033,0,"8","PARL"
"PJA1",0,2.06670704327942,0.22,0.041,0,"8","PJA1"
"UBE2F2",0,2.70739663117944,0.204,0.027,0,"8","UBE2F"
"ZCCHC121",0,2.29506788650587,0.211,0.035,0,"8","ZCCHC12"
"EEF1E11",0,2.4093922592695,0.208,0.033,0,"8","EEF1E1"
"PSENEN2",0,2.21395840460523,0.212,0.037,0,"8","PSENEN"
"SDHAF21",0,2.50925358444623,0.199,0.028,0,"8","SDHAF2"
"CRYZL11",0,2.59972117063952,0.198,0.027,0,"8","CRYZL1"
"ALYREF",0,2.00997332874255,0.209,0.038,0,"8","ALYREF"
"THAP51",0,2.59650852497966,0.196,0.026,0,"8","THAP5"
"NEFH1",0,2.17570983394503,0.21,0.04,0,"8","NEFH"
"SYNJ2BP1",0,2.83589778216123,0.192,0.023,0,"8","SYNJ2BP"
"LINC02308",0,2.68404603913018,0.197,0.028,0,"8","LINC02308"
"MGARP",0,3.74894297831711,0.179,0.011,0,"8","MGARP"
"NTHL1",0,2.00092630274906,0.205,0.037,0,"8","NTHL1"
"DBP",0,2.05979147388951,0.201,0.034,0,"8","DBP"
"HSD11B1L1",0,3.49174753154446,0.183,0.016,0,"8","HSD11B1L"
"GABARAP1",0,2.34954697812778,0.198,0.032,0,"8","GABARAP"
"ARC",0,2.38074514908965,0.204,0.038,0,"8","ARC"
"FUNDC1",0,2.25053075287144,0.199,0.034,0,"8","FUNDC1"
"PITPNA-AS1",0,2.02182637776368,0.204,0.04,0,"8","PITPNA-AS1"
"C1QTNF2",0,2.70612042625597,0.181,0.018,0,"8","C1QTNF2"
"AC060780.11",0,2.95832629073738,0.183,0.02,0,"8","AC060780.1"
"TMEM1411",0,2.339241660094,0.192,0.03,0,"8","TMEM141"
"ZNF5111",0,2.48951180104196,0.189,0.027,0,"8","ZNF511"
"VWA5B2",0,2.25386093872433,0.197,0.036,0,"8","VWA5B2"
"ZNF6551",0,2.14838513655936,0.19,0.029,0,"8","ZNF655"
"SYCE1L",0,2.28434158904525,0.192,0.031,0,"8","SYCE1L"
"SSSCA11",0,2.00218849843226,0.192,0.032,0,"8","SSSCA1"
"C8orf82",0,2.63117719446672,0.18,0.024,0,"8","C8orf82"
"VPS33A1",0,2.96987345326683,0.174,0.018,0,"8","VPS33A"
"RPP25",0,2.38049874550515,0.183,0.029,0,"8","RPP25"
"AKAP5",0,2.51818957552774,0.175,0.022,0,"8","AKAP5"
"HOXC61",0,3.32122057915048,0.165,0.013,0,"8","HOXC6"
"CCDC184",0,2.2712229499128,0.177,0.028,0,"8","CCDC184"
"TMEM80",0,2.93179462764561,0.166,0.018,0,"8","TMEM80"
"PEX191",0,2.96065867661582,0.165,0.018,0,"8","PEX19"
"RBFA1",0,2.58830897947035,0.17,0.024,0,"8","RBFA"
"ZNF37A1",0,2.29308297970891,0.168,0.025,0,"8","ZNF37A"
"DHRS12",0,3.41359744714909,0.156,0.013,0,"8","DHRS12"
"FIP1L11",0,2.10516077982852,0.171,0.031,0,"8","FIP1L1"
"SOX15",0,2.12298099639752,0.17,0.03,0,"8","SOX15"
"SPTSSA1",0,2.16949781890422,0.173,0.033,0,"8","SPTSSA"
"TSNAX1",0,2.1486263354541,0.171,0.032,0,"8","TSNAX"
"TMEM170A1",0,2.17939637910857,0.165,0.027,0,"8","TMEM170A"
"DMWD",0,2.07710719724863,0.165,0.027,0,"8","DMWD"
"TARDBP1",0,2.02342700556565,0.168,0.031,0,"8","TARDBP"
"PELO1",0,2.38816472623251,0.159,0.023,0,"8","PELO"
"INSM2",0,2.05853542799274,0.173,0.037,0,"8","INSM2"
"ANKRD391",0,2.7083023311908,0.153,0.018,0,"8","ANKRD39"
"PYCR21",0,2.55960685483636,0.155,0.021,0,"8","PYCR2"
"AL162231.1",0,2.03924212605229,0.161,0.03,0,"8","AL162231.1"
"SLC39A31",0,2.34891529572564,0.156,0.025,0,"8","SLC39A3"
"ZHX11",0,2.52624386340282,0.152,0.022,0,"8","ZHX1"
"GALT",0,2.06248508771315,0.151,0.023,0,"8","GALT"
"PIGBOS11",0,2.47451694354845,0.15,0.022,0,"8","PIGBOS1"
"STARD101",0,2.44595481432136,0.149,0.022,0,"8","STARD10"
"HOXC91",0,3.16964986339588,0.142,0.015,0,"8","HOXC9"
"UCN3",0,2.7764553501944,0.141,0.014,0,"8","UCN3"
"THTPA",0,2.12706670902511,0.153,0.028,0,"8","THTPA"
"LRRC10B",0,3.73343179492581,0.131,0.007,0,"8","LRRC10B"
"UBE2W1",0,2.27366149190295,0.146,0.023,0,"8","UBE2W"
"MRPS28",0,2.19271863911579,0.146,0.025,0,"8","MRPS28"
"FAM50B1",0,2.19090868907223,0.141,0.023,0,"8","FAM50B"
"PXMP22",0,2.06977923795836,0.146,0.029,0,"8","PXMP2"
"USP27X",0,2.11443068026391,0.139,0.023,0,"8","USP27X"
"CLCC1",0,2.88899700404398,0.13,0.015,0,"8","CLCC1"
"PIGS1",0,2.43975737086069,0.136,0.021,0,"8","PIGS"
"TIMM10B1",0,2.41428295466054,0.133,0.019,0,"8","TIMM10B"
"LINC010891",0,2.70686877277148,0.129,0.015,0,"8","LINC01089"
"COX4I2",0,2.87145630338615,0.121,0.007,0,"8","COX4I2"
"C19orf81",0,2.22231317824728,0.133,0.02,0,"8","C19orf81"
"NAP1L3",0,2.14156874930865,0.142,0.029,0,"8","NAP1L3"
"GGPS11",0,2.30162054083555,0.134,0.022,0,"8","GGPS1"
"IRGQ",0,2.61516215944129,0.128,0.016,0,"8","IRGQ"
"TMEM1891",0,2.56201653403073,0.127,0.017,0,"8","TMEM189"
"RIIAD1",0,2.01254262934276,0.133,0.024,0,"8","RIIAD1"
"TMEM2512",0,2.28705447791378,0.131,0.022,0,"8","TMEM251"
"ROM1",0,2.05271709288164,0.129,0.02,0,"8","ROM1"
"NUP621",0,2.0003359604787,0.134,0.026,0,"8","NUP62"
"PPP1R1A1",0,2.38125410436673,0.117,0.01,0,"8","PPP1R1A"
"DLL31",0,2.23625279350926,0.131,0.024,0,"8","DLL3"
"UNC1191",0,2.35906039247803,0.127,0.02,0,"8","UNC119"
"HPCA",0,3.37859172584192,0.114,0.008,0,"8","HPCA"
"ATF7",0,2.09423241592634,0.128,0.022,0,"8","ATF7"
"REEP6",0,2.25665563957193,0.122,0.016,0,"8","REEP6"
"PNPLA4",0,2.05019599271606,0.125,0.02,0,"8","PNPLA4"
"ZNF6641",0,2.37038291894708,0.124,0.019,0,"8","ZNF664"
"SERPINA52",0,2.00880285477423,0.116,0.013,0,"8","SERPINA5"
"AKT1S11",0,2.45974342325218,0.122,0.019,0,"8","AKT1S1"
"REPIN11",0,2.16452017211278,0.125,0.023,0,"8","REPIN1"
"MED71",0,2.23132152239929,0.121,0.019,0,"8","MED7"
"NDUFA71",0,2.66677675668496,0.119,0.017,0,"8","NDUFA7"
"ZNHIT2",0,2.49284562787083,0.116,0.015,0,"8","ZNHIT2"
"AGAP2-AS1",0,2.15403071703112,0.123,0.022,0,"8","AGAP2-AS1"
"ZNF5061",0,2.23879153776296,0.116,0.016,0,"8","ZNF506"
"TMEM151B",0,2.88789962670614,0.108,0.011,0,"8","TMEM151B"
"MAGEA12",0,2.71831157517778,0.109,0.012,0,"8","MAGEA12"
"MUC12",0,2.8989634692349,0.105,0.009,0,"8","MUC12"
"RASA41",0,2.55119451622259,0.111,0.015,0,"8","RASA4"
"RTBDN",0,4.73072182915719,0.098,0.003,0,"8","RTBDN"
"PSMD91",0,2.29124982875086,0.114,0.02,0,"8","PSMD9"
"CSAG1",0,2.92997055002944,0.103,0.009,0,"8","CSAG1"
"CRABP21",0,2.3985644400604,0.107,0.014,0,"8","CRABP2"
"PAQR81",0,2.63511753022511,0.106,0.013,0,"8","PAQR8"
"PAGE2B",0,3.94686900880542,0.1,0.007,0,"8","PAGE2B"
"PPP3R11",0,2.24692076797902,0.109,0.017,0,"8","PPP3R1"
"ST201",0,2.97419762142148,0.104,0.012,0,"8","ST20"
"C1orf501",0,3.09772861015521,0.101,0.01,0,"8","C1orf50"
"FLCN1",0,2.66531102377425,0.103,0.012,0,"8","FLCN"
"NXPH4",0,2.35125950124995,0.101,0.012,0,"8","NXPH4"
"PAGE2",0,4.34420990739609,0.094,0.005,0,"8","PAGE2"
"KCNA3",0,3.04397948031022,0.096,0.008,0,"8","KCNA3"
"RAD51D1",0,2.8456500217961,0.098,0.012,0,"8","RAD51D"
"HNRNPUL2",0,2.20127861290014,0.103,0.017,0,"8","HNRNPUL2"
"TMIE",0,2.07158477591462,0.104,0.019,0,"8","TMIE"
"PAGE51",0,3.47015208739885,0.094,0.01,0,"8","PAGE5"
"ZFP911",0,2.2257461160807,0.102,0.018,0,"8","ZFP91"
"CFHR3",0,2.81603455946253,0.092,0.008,0,"8","CFHR3"
"LRRC8C",0,2.10446407701956,0.097,0.014,0,"8","LRRC8C"
"ABCF2-ENSG000000330501",0,2.40272025304517,0.1,0.017,0,"8","ABCF2-ENSG00000033050"
"ALDOA1",0,2.26581276005108,0.1,0.017,0,"8","ALDOA"
"SLC18A3",0,3.85609359044578,0.088,0.005,0,"8","SLC18A3"
"HSD17B8",0,2.13481155065315,0.096,0.014,0,"8","HSD17B8"
"ERV3-11",0,2.08432706136497,0.101,0.019,0,"8","ERV3-1"
"NGRN1",0,2.88007201442551,0.093,0.011,0,"8","NGRN"
"AC027682.61",0,2.0659793349935,0.094,0.013,0,"8","AC027682.6"
"DNAL41",0,2.82861227657851,0.092,0.012,0,"8","DNAL4"
"RNF1031",0,2.30858581538418,0.092,0.013,0,"8","RNF103"
"ATP7A",0,2.06652949641053,0.093,0.014,0,"8","ATP7A"
"ZNF5761",0,2.4393911014337,0.093,0.014,0,"8","ZNF576"
"RBM141",0,2.08136138905373,0.096,0.018,0,"8","RBM14"
"LYRM9",0,2.7737259664151,0.089,0.011,0,"8","LYRM9"
"ANKRD13B1",0,2.93238701015422,0.088,0.011,0,"8","ANKRD13B"
"ADSL1",0,2.14155319356021,0.096,0.019,0,"8","ADSL"
"MRPL301",0,2.4663374157417,0.091,0.015,0,"8","MRPL30"
"FAM122A1",0,2.15095365475061,0.09,0.014,0,"8","FAM122A"
"LINC005261",0,3.13670957741077,0.086,0.01,0,"8","LINC00526"
"HAGLROS1",0,2.45292104528419,0.085,0.012,0,"8","HAGLROS"
"TEX2611",0,2.26147245104084,0.087,0.014,0,"8","TEX261"
"PCDHA101",0,2.8963390144289,0.08,0.007,0,"8","PCDHA10"
"MAGEA6",0,3.66638540658136,0.077,0.004,0,"8","MAGEA6"
"PHOSPHO21",0,2.77484645449875,0.082,0.01,0,"8","PHOSPHO2"
"AC004130.1",0,2.16191745804116,0.084,0.012,0,"8","AC004130.1"
"MAGEA3",0,3.86017460798322,0.076,0.004,0,"8","MAGEA3"
"TMEM421",0,2.4416807085255,0.084,0.013,0,"8","TMEM42"
"LRRC73",0,2.1341720999265,0.083,0.012,0,"8","LRRC73"
"HOXC81",0,3.12138693002509,0.079,0.008,0,"8","HOXC8"
"AC007325.4",0,2.2942438206468,0.083,0.012,0,"8","AC007325.4"
"C1orf53",0,3.45016393865275,0.076,0.005,0,"8","C1orf53"
"MRPS171",0,2.38955658313753,0.086,0.015,0,"8","MRPS17"
"ZNF6051",0,2.34021234108664,0.083,0.013,0,"8","ZNF605"
"COX16",0,2.07220531413787,0.087,0.017,0,"8","COX16"
"FEV",0,2.17209274752712,0.086,0.016,0,"8","FEV"
"POU3F11",0,2.63167363000056,0.077,0.008,0,"8","POU3F1"
"GEMIN71",0,2.43856310537685,0.081,0.012,0,"8","GEMIN7"
"ZSCAN261",0,2.4612056624633,0.079,0.011,0,"8","ZSCAN26"
"TMEM911",0,2.49327495388764,0.077,0.01,0,"8","TMEM91"
"ASPDH1",0,2.89254685845659,0.075,0.008,0,"8","ASPDH"
"LINC01574",0,3.25968538227649,0.072,0.005,0,"8","LINC01574"
"GUCA1A",0,2.25626961461174,0.079,0.014,0,"8","GUCA1A"
"PPT21",0,2.88668763778721,0.072,0.008,0,"8","PPT2"
"LKAAEAR1",0,3.31306221664138,0.069,0.005,0,"8","LKAAEAR1"
"TMEM225B",0,3.27975895869091,0.067,0.004,0,"8","TMEM225B"
"PNMA8B1",0,3.2721972448935,0.069,0.006,0,"8","PNMA8B"
"DGCR6",0,3.59735787321046,0.068,0.005,0,"8","DGCR6"
"XK",0,4.37914929464023,0.065,0.003,0,"8","XK"
"PIGM1",0,2.56292962097966,0.072,0.01,0,"8","PIGM"
"KTI121",0,2.27709222038769,0.073,0.012,0,"8","KTI12"
"SST1",0,2.71368626488048,0.091,0.03,0,"8","SST"
"FDX21",0,2.68635647183477,0.071,0.01,0,"8","FDX2"
"IRF61",0,2.6651025108078,0.067,0.007,0,"8","IRF6"
"TUBB3",0,2.42655847312358,0.07,0.01,0,"8","TUBB3"
"ELAC11",0,2.69329325361084,0.07,0.01,0,"8","ELAC1"
"PPP1R371",0,2.54775583385245,0.07,0.01,0,"8","PPP1R37"
"BLOC1S51",0,2.25279507891849,0.072,0.012,0,"8","BLOC1S5"
"PINX1-ENSG000002540931",0,2.23188051336073,0.072,0.012,0,"8","PINX1-ENSG00000254093"
"LINC00294",0,2.9926043686756,0.066,0.007,0,"8","LINC00294"
"NPHP31",0,2.00114617962177,0.071,0.012,0,"8","NPHP3"
"AC007405.3",0,3.11417676002032,0.062,0.005,0,"8","AC007405.3"
"CRYBA2",0,2.77431486420567,0.063,0.006,0,"8","CRYBA2"
"IFT801",0,2.41752036985861,0.066,0.009,0,"8","IFT80"
"MDP11",0,2.65887133119912,0.065,0.008,0,"8","MDP1"
"CTXN21",0,3.31951840795202,0.061,0.005,0,"8","CTXN2"
"ACSL6",0,2.4471953227612,0.063,0.008,0,"8","ACSL6"
"AL451085.2",0,2.03653882870947,0.061,0.008,0,"8","AL451085.2"
"AGGF1",0,2.19559666729189,0.063,0.01,0,"8","AGGF1"
"EID31",0,2.5475657605188,0.06,0.007,0,"8","EID3"
"AARSD11",0,2.15717347603443,0.063,0.01,0,"8","AARSD1"
"C11orf541",0,2.10409518754162,0.065,0.013,0,"8","C11orf54"
"ANGPTL71",0,2.16330992881055,0.069,0.018,0,"8","ANGPTL7"
"C8orf441",0,2.80911681777722,0.058,0.007,0,"8","C8orf44"
"LINC01152",0,2.28481414815786,0.061,0.01,0,"8","LINC01152"
"KLK11",0,3.38972418347183,0.054,0.003,0,"8","KLK1"
"SNCB1",0,2.00513485050512,0.062,0.012,0,"8","SNCB"
"KCTD71",0,2.45172915749414,0.058,0.008,0,"8","KCTD7"
"MAGEA111",0,2.56823082137581,0.058,0.008,0,"8","MAGEA11"
"LINC024401",0,2.31313596711306,0.059,0.009,0,"8","LINC02440"
"PEG31",0,2.33027416227044,0.06,0.011,0,"8","PEG3"
"MATR3-ENSG000000154791",0,2.07858394651959,0.059,0.01,0,"8","MATR3-ENSG00000015479"
"ZNF6261",0,2.14336736657691,0.058,0.01,0,"8","ZNF626"
"CCDC144A1",0,2.34351003462002,0.054,0.007,0,"8","CCDC144A"
"GNG8",0,2.58664397164618,0.055,0.008,0,"8","GNG8"
"FAM47E",0,2.25665781503238,0.053,0.007,0,"8","FAM47E"
"PTPRD-AS11",0,2.22711589704923,0.054,0.009,0,"8","PTPRD-AS1"
"BSCL2",0,3.68289667888223,0.048,0.003,0,"8","BSCL2"
"PRSS56",0,3.5736893267585,0.046,0.002,0,"8","PRSS56"
"NEUROD6",0,2.9008371534728,0.051,0.007,0,"8","NEUROD6"
"BIVM1",0,2.47946360222081,0.053,0.009,0,"8","BIVM"
"ZNF5591",0,2.04835321060301,0.055,0.011,0,"8","ZNF559"
"CENPS1",0,2.91819035940729,0.048,0.006,0,"8","CENPS"
"AL133163.3",0,2.70638915081427,0.047,0.005,0,"8","AL133163.3"
"ZNF286A1",0,2.84136182822227,0.047,0.006,0,"8","ZNF286A"
"DEPDC51",0,2.21197501729802,0.048,0.007,0,"8","DEPDC5"
"AP001160.3",0,3.54216080308898,0.044,0.003,0,"8","AP001160.3"
"ZNF5441",0,2.00578097847754,0.051,0.01,0,"8","ZNF544"
"KDM4A1",0,2.18187396634818,0.049,0.009,0,"8","KDM4A"
"NR0B11",0,3.02188643589363,0.042,0.003,0,"8","NR0B1"
"DNAJC251",0,2.28642194177796,0.048,0.009,0,"8","DNAJC25"
"ZNF7471",0,2.47755297988611,0.046,0.007,0,"8","ZNF747"
"AC092279.11",0,2.26815901530845,0.046,0.007,0,"8","AC092279.1"
"C9orf1351",0,2.16063937843601,0.042,0.004,0,"8","C9orf135"
"AC092720.2",0,2.35921302345534,0.044,0.006,0,"8","AC092720.2"
"AC005229.4",0,2.19410414752448,0.044,0.007,0,"8","AC005229.4"
"ZNF7811",0,2.46051259244249,0.045,0.008,0,"8","ZNF781"
"AC005838.21",0,2.45206029252228,0.042,0.006,0,"8","AC005838.2"
"TMEM561",0,2.78075299121704,0.04,0.005,0,"8","TMEM56"
"HOXD12",0,2.18664096323218,0.041,0.006,0,"8","HOXD1"
"TUT11",0,2.09711563700351,0.043,0.008,0,"8","TUT1"
"MRPL531",0,2.11617729840485,0.042,0.008,0,"8","MRPL53"
"PTGR21",0,2.27976715760649,0.041,0.007,0,"8","PTGR2"
"RTL101",0,2.13576906875793,0.042,0.008,0,"8","RTL10"
"NPFF",0,4.5156320741668,0.035,0.002,0,"8","NPFF"
"LINC012971",0,2.44945047986873,0.042,0.009,0,"8","LINC01297"
"CIPC",0,2.12302346178904,0.04,0.007,0,"8","CIPC"
"TP53TG3D",0,2.12570263081683,0.04,0.007,0,"8","TP53TG3D"
"C22orf42",0,2.43175703143695,0.038,0.005,0,"8","C22orf42"
"ALDH4A1",0,3.14259908955544,0.035,0.003,0,"8","ALDH4A1"
"FPGT1",0,2.37487702204468,0.038,0.006,0,"8","FPGT"
"AL160006.11",0,3.11446643882481,0.035,0.003,0,"8","AL160006.1"
"LYNX1",0,2.79171515154485,0.035,0.003,0,"8","LYNX1"
"ANKRD2",0,2.74201118509272,0.035,0.003,0,"8","ANKRD2"
"LRTOMT",0,2.82062305218626,0.035,0.004,0,"8","LRTOMT"
"LINC00642",0,2.25844989753005,0.037,0.006,0,"8","LINC00642"
"AC209154.2",0,3.88057971668583,0.033,0.002,0,"8","AC209154.2"
"TM9SF11",0,2.31810395071319,0.036,0.005,0,"8","TM9SF1"
"POLR2J21",0,2.54078219023824,0.034,0.004,0,"8","POLR2J2"
"ZNF2221",0,2.30624954323018,0.035,0.005,0,"8","ZNF222"
"CFC1",0,3.20254282031587,0.032,0.002,0,"8","CFC1"
"SND1-IT11",0,2.14179571777394,0.036,0.006,0,"8","SND1-IT1"
"AL359258.2",0,2.08942709887746,0.035,0.006,0,"8","AL359258.2"
"NAA801",0,2.33588941580546,0.035,0.006,0,"8","NAA80"
"SLC25A512",0,2.26850970806187,0.035,0.006,0,"8","SLC25A51"
"SCLY1",0,2.45747845331336,0.034,0.005,0,"8","SCLY"
"VPS33B1",0,2.38536550330862,0.034,0.005,0,"8","VPS33B"
"ZNF571-AS11",0,2.50437712107939,0.034,0.005,0,"8","ZNF571-AS1"
"AC007009.1",0,3.46220103595355,0.031,0.002,0,"8","AC007009.1"
"ZNF1741",0,2.38344217076367,0.034,0.006,0,"8","ZNF174"
"ZNF585A1",0,2.27064454375573,0.034,0.006,0,"8","ZNF585A"
"BDKRB22",0,2.38896811986184,0.033,0.005,0,"8","BDKRB2"
"AL929601.11",0,2.59749934119945,0.038,0.01,0,"8","AL929601.1"
"SIX6",0,3.52911377807111,0.03,0.002,0,"8","SIX6"
"AC019171.1",0,2.05854749981527,0.033,0.006,0,"8","AC019171.1"
"AC016394.11",0,2.62313465279252,0.032,0.005,0,"8","AC016394.1"
"ZNF7641",0,2.16072375157492,0.032,0.005,0,"8","ZNF764"
"UBXN10",0,2.39575514853505,0.031,0.004,0,"8","UBXN10"
"TAS2R141",0,2.84520897828802,0.029,0.003,0,"8","TAS2R14"
"HOXC51",0,3.41570187959655,0.028,0.002,0,"8","HOXC5"
"KRT171",0,2.23915005066047,0.032,0.006,0,"8","KRT17"
"ALG1L",0,2.08027140361254,0.029,0.003,0,"8","ALG1L"
"IER3-AS1",0,2.1115312683905,0.031,0.005,0,"8","IER3-AS1"
"AC002076.1",0,4.24310151128011,0.027,0.001,0,"8","AC002076.1"
"CITED1",0,2.12650684502323,0.031,0.005,0,"8","CITED1"
"AC018558.1",0,2.34050406571294,0.03,0.004,0,"8","AC018558.1"
"SMIM11",0,2.18598563455644,0.029,0.004,0,"8","SMIM1"
"SCHIP11",0,2.8325758401273,0.028,0.003,0,"8","SCHIP1"
"AC093827.4",0,2.6960124866974,0.027,0.003,0,"8","AC093827.4"
"ZC3H101",0,2.04553534444173,0.03,0.006,0,"8","ZC3H10"
"AC132825.3",0,2.99263793217835,0.026,0.002,0,"8","AC132825.3"
"AC068473.51",0,2.72698342759675,0.028,0.004,0,"8","AC068473.5"
"LINC018161",0,2.42721056564519,0.028,0.005,0,"8","LINC01816"
"BBS5",0,2.26277765792055,0.028,0.005,0,"8","BBS5"
"C17orf491",0,2.04005496432766,0.029,0.006,0,"8","C17orf49"
"KRBA21",0,2.64707100304244,0.026,0.003,0,"8","KRBA2"
"ETV2",0,2.42186571152554,0.027,0.004,0,"8","ETV2"
"S100A3",0,3.5435525521179,0.025,0.002,0,"8","S100A3"
"C2orf812",0,2.78354951947481,0.025,0.003,0,"8","C2orf81"
"ZNF6601",0,2.10505443953838,0.028,0.006,0,"8","ZNF660"
"EEF1AKMT41",0,2.12357861193421,0.027,0.005,0,"8","EEF1AKMT4"
"SHLD31",0,2.15717350890421,0.027,0.005,0,"8","SHLD3"
"PCDHGA101",0,2.37863053767716,0.026,0.004,0,"8","PCDHGA10"
"HIST1H4J1",0,2.08045143500948,0.027,0.005,0,"8","HIST1H4J"
"ZNF7131",0,2.7464082356277,0.026,0.004,0,"8","ZNF713"
"AQP5",0,2.17864734406515,0.026,0.004,0,"8","AQP5"
"AC010776.2",0,3.45406766290324,0.023,0.001,0,"8","AC010776.2"
"CYB5RL1",0,2.49834634323081,0.025,0.004,0,"8","CYB5RL"
"AC009237.14",0,2.12161633272463,0.025,0.004,0,"8","AC009237.14"
"ODF3L1",0,2.12092269054181,0.023,0.002,0,"8","ODF3L1"
"BOLA2B1",0,2.12701175188648,0.026,0.005,0,"8","BOLA2B"
"AC048341.2",0,2.2608921321844,0.023,0.003,0,"8","AC048341.2"
"SGK4941",0,2.09743649739096,0.024,0.004,0,"8","SGK494"
"ZNF6531",0,2.65350956806285,0.023,0.003,0,"8","ZNF653"
"AC023509.3",0,2.22181860801225,0.022,0.002,0,"8","AC023509.3"
"PTGES3L1",0,3.25639197769387,0.022,0.002,0,"8","PTGES3L"
"PCDHGA61",0,2.53078599584261,0.021,0.002,0,"8","PCDHGA6"
"AC105446.1",0,2.52401421654601,0.021,0.002,0,"8","AC105446.1"
"KCNQ1-AS1",0,2.46207764819816,0.021,0.002,0,"8","KCNQ1-AS1"
"ZBTB8B1",0,2.70084151212608,0.022,0.003,0,"8","ZBTB8B"
"AKAP4",0,3.78913071112998,0.02,0.001,0,"8","AKAP4"
"DTD21",0,2.1260177385262,0.024,0.005,0,"8","DTD2"
"AC015813.11",0,2.1422020037979,0.022,0.003,0,"8","AC015813.1"
"BX005019.11",0,2.60537016112678,0.02,0.002,0,"8","BX005019.1"
"C2orf151",0,2.87792382750047,0.02,0.002,0,"8","C2orf15"
"NEUROD41",0,2.49635231035472,0.02,0.002,0,"8","NEUROD4"
"BCAN",0,2.02371150123891,0.022,0.004,0,"8","BCAN"
"SFRP52",0,2.62631969785734,0.022,0.004,0,"8","SFRP5"
"RGS5-ENSG000002329951",0,2.97646290560353,0.019,0.002,0,"8","RGS5-ENSG00000232995"
"CCDC96",0,2.92381633610306,0.019,0.002,0,"8","CCDC96"
"AC106897.1",0,2.53672079215023,0.019,0.002,0,"8","AC106897.1"
"ARHGEF351",0,2.10045232676068,0.02,0.003,0,"8","ARHGEF35"
"AP006333.2",0,3.31668030725774,0.019,0.002,0,"8","AP006333.2"
"BBS11",0,3.10014373253944,0.019,0.002,0,"8","BBS1"
"ATP6V0C",0,2.58254606946652,0.019,0.002,0,"8","ATP6V0C"
"ZNF6251",0,2.44464457351112,0.021,0.004,0,"8","ZNF625"
"AL137785.1",0,2.88010812683034,0.018,0.001,0,"8","AL137785.1"
"AJ011932.1",0,2.07738437070636,0.022,0.005,0,"8","AJ011932.1"
"AL137796.1",0,2.5660564234425,0.017,0.001,0,"8","AL137796.1"
"LINC01795",0,3.30479784658961,0.017,0.001,0,"8","LINC01795"
"PCDHGC32",0,2.27908236773365,0.019,0.003,0,"8","PCDHGC3"
"BAALC-AS2",0,2.29483445351214,0.019,0.003,0,"8","BAALC-AS2"
"INS",0,4.53460132100778,0.016,0,0,"8","INS"
"HOXC10",0,2.549777577621,0.019,0.003,0,"8","HOXC10"
"AC025165.5",0,3.53538428091547,0.017,0.001,0,"8","AC025165.5"
"COX6A2",0,3.13352252926641,0.017,0.001,0,"8","COX6A2"
"SHPK1",0,2.09955885717831,0.019,0.003,0,"8","SHPK"
"KRT9",0,2.65083093063421,0.018,0.002,0,"8","KRT9"
"AL390198.1",0,2.0816595750601,0.019,0.003,0,"8","AL390198.1"
"CLDND21",0,2.31209665284636,0.019,0.003,0,"8","CLDND2"
"ZNF81",0,2.06236730313223,0.021,0.005,0,"8","ZNF8"
"PAGR11",0,2.25511804231007,0.018,0.003,0,"8","PAGR1"
"CU104787.1",0,3.5281631179986,0.016,0.001,0,"8","CU104787.1"
"SMIM28",0,2.05872529327461,0.017,0.003,0,"8","SMIM28"
"ZFP411",0,2.45319887382798,0.017,0.003,0,"8","ZFP41"
"AL512598.1",0,2.15443292709301,0.016,0.002,0,"8","AL512598.1"
"SMG81",0,2.41483532745253,0.016,0.002,0,"8","SMG8"
"PCDHA5",0,3.02115478590491,0.015,0.001,0,"8","PCDHA5"
"LANCL3",0,3.29934486709594,0.015,0.001,0,"8","LANCL3"
"MAGEC2",0,3.21749429325136,0.015,0.001,0,"8","MAGEC2"
"AP003559.1",0,3.87916062428932,0.014,0.001,0,"8","AP003559.1"
"AC023034.1",0,3.55802100745954,0.014,0.001,0,"8","AC023034.1"
"ADH1C2",0,2.43846806738748,0.016,0.003,0,"8","ADH1C"
"CPA1",0,2.52253725392137,0.014,0.001,0,"8","CPA1"
"GDPGP11",0,2.20209802116118,0.015,0.002,0,"8","GDPGP1"
"RWDD3",0,2.47709825170406,0.014,0.002,0,"8","RWDD3"
"PPM1J",0,2.68201527492387,0.014,0.002,0,"8","PPM1J"
"ACTA1",0,2.49282867323447,0.014,0.002,0,"8","ACTA1"
"AL731661.1",0,2.5177585048472,0.013,0.001,0,"8","AL731661.1"
"ADGRD21",0,2.59871848693781,0.014,0.002,0,"8","ADGRD2"
"DIABLO-ENSG000001840471",0,2.21116731541484,0.014,0.002,0,"8","DIABLO-ENSG00000184047"
"ATOH1",0,3.15551877683669,0.014,0.002,0,"8","ATOH1"
"SLC4A5",0,2.41240313099504,0.013,0.002,0,"8","SLC4A5"
"AC080013.11",0,2.86562829028809,0.013,0.002,0,"8","AC080013.1"
"KIAA04081",0,2.6163422210036,0.013,0.002,0,"8","KIAA0408"
"YY2",0,2.45786396274429,0.013,0.002,0,"8","YY2"
"AC023794.3",0,3.73065791627022,0.012,0.001,0,"8","AC023794.3"
"AC068790.9",0,3.25216494618617,0.012,0.001,0,"8","AC068790.9"
"LINC01441",0,2.42769745897091,0.012,0.001,0,"8","LINC01441"
"AL132709.1",0,2.08794572052638,0.012,0.002,0,"8","AL132709.1"
"PIK3R21",0,2.56779934797898,0.012,0.002,0,"8","PIK3R2"
"NCCRP1",0,3.70311973356639,0.01,0,0,"8","NCCRP1"
"AC023824.5",0,4.89852816220093,0.01,0,0,"8","AC023824.5"
"AC091488.1",0,3.26256503896937,0.011,0.001,0,"8","AC091488.1"
"SNURF",0,2.45946385950292,0.011,0.001,0,"8","SNURF"
"KHDC1L",0,3.57435431865717,0.01,0.001,0,"8","KHDC1L"
"RASA4B",0,2.71584312008868,0.01,0.001,0,"8","RASA4B"
"CFHR1",0,3.15681039068697,0.01,0.001,0,"8","CFHR1"
"CCDC1691",3.07198707177066e-302,2.99095115268134,0.012,0.002,1.00257370074307e-297,"8","CCDC169"
"PCDHGA51",1.63384036770733e-298,2.30917010921733,0.013,0.002,5.33220142404965e-294,"8","PCDHGA5"
"COG8-ENSG000002726171",1.19275191841947e-296,2.17107472618597,0.017,0.003,3.89266516095377e-292,"8","COG8-ENSG00000272617"
"NPY2R1",3.54006263448622e-287,2.62508398388635,0.012,0.002,1.15533484139092e-282,"8","NPY2R"
"LIN371",7.69952363699034e-286,2.38821423478674,0.011,0.002,2.51281653416817e-281,"8","LIN37"
"AC126175.1",1.69404928103336e-280,2.49426947918036,0.012,0.002,5.52869923358047e-276,"8","AC126175.1"
"AC010595.1",2.71495821409989e-279,2.01994362702137,0.011,0.002,8.86053762753642e-275,"8","AC010595.1"
"MINDY41",1.51392897588088e-277,2.01093734313095,0.017,0.004,4.94085860568483e-273,"8","MINDY4"
"MUC1",8.1796959494374e-277,2.17309616312382,0.01,0.001,2.66952557005839e-272,"8","MUC1"
"PCDHA91",1.43244416717827e-275,2.12804827149275,0.014,0.002,4.674924784003e-271,"8","PCDHA9"
"ZNF6621",3.52510106726508e-272,2.32506801714306,0.014,0.003,1.15045198431263e-267,"8","ZNF662"
"ZNF2231",8.46806909945453e-270,2.21056423419032,0.012,0.002,2.76363903129798e-265,"8","ZNF223"
"POLR2J31",1.09401610789949e-268,2.16967596180275,0.015,0.003,3.57043096974076e-264,"8","POLR2J3"
"ANKRD30A1",2.33162494970019e-268,2.07658524616192,0.025,0.007,7.60949118584154e-264,"8","ANKRD30A"
"SLC32A1",1.07287190384465e-267,2.73029927623142,0.013,0.002,3.50142474538741e-263,"8","SLC32A1"
"PCDHA12",7.40418717742581e-267,2.33645841281859,0.013,0.002,2.41643052722469e-262,"8","PCDHA12"
"BARHL1",2.61682158458375e-251,2.78536777344099,0.01,0.001,8.54025892344753e-247,"8","BARHL1"
"PCDHGB61",1.14524396292063e-250,2.19320392726364,0.015,0.003,3.73761819738776e-246,"8","PCDHGB6"
"AC004816.2",8.85255289305515e-250,2.08067738689233,0.013,0.002,2.88911916217748e-245,"8","AC004816.2"
"TMEFF11",2.47646584839798e-249,2.56848456390064,0.011,0.002,8.08219394283164e-245,"8","TMEFF1"
"CD177",8.30127558907228e-240,2.29785249446264,0.012,0.002,2.70920430124963e-235,"8","CD177"
"SOGA31",6.74173218365472e-239,2.3787974098958,0.01,0.002,2.20023171545755e-234,"8","SOGA3"
"AC012055.11",1.88263177514028e-238,2.79691300048794,0.01,0.001,6.14415706134783e-234,"8","AC012055.1"
"CMC41",3.27135168578387e-230,2.27695821839404,0.011,0.002,1.06763833617242e-225,"8","CMC4"
"KISS12",2.65649460237866e-225,2.15664732742566,0.022,0.006,8.669735784323e-221,"8","KISS1"
"KCNJ161",2.20078235319979e-223,2.12437012060069,0.012,0.002,7.18247328790284e-219,"8","KCNJ16"
"AL031708.11",3.3610018532635e-222,2.2633139602709,0.011,0.002,1.09689656483108e-217,"8","AL031708.1"
"LINC01018",9.28686049936143e-221,2.31380015374629,0.01,0.002,3.0308597925716e-216,"8","LINC01018"
"DSCR81",2.86102127398113e-220,2.73071603116036,0.024,0.007,9.33722902976482e-216,"8","DSCR8"
"BOLA2-SMG1P61",8.69269842177612e-213,2.01549978470962,0.011,0.002,2.83694905693085e-208,"8","BOLA2-SMG1P6"
"GSTA11",3.59652699879707e-212,2.60894053984995,0.011,0.002,1.17376255132741e-207,"8","GSTA1"
"AL109917.1",2.7524413478691e-211,2.01460872815303,0.01,0.002,8.9828675829056e-207,"8","AL109917.1"
"ZBED6CL1",3.25304830027137e-201,2.28925874113458,0.011,0.002,1.06166484327656e-196,"8","ZBED6CL"
"AC005208.11",6.15743105209444e-194,2.01917696935727,0.024,0.008,2.00953919816154e-189,"8","AC005208.1"
"MAGEA41",6.14152146057718e-188,2.29992096379203,0.018,0.005,2.00434694387397e-183,"8","MAGEA4"
"AC087203.3",1.06473226389556e-177,2.06679035041263,0.01,0.002,3.47486021644954e-173,"8","AC087203.3"
"LINC021541",1.18600689860451e-171,2.06118517328729,0.015,0.004,3.87065211428569e-167,"8","LINC02154"
"AC096576.21",5.51209915578169e-165,2.31191801116651,0.015,0.004,1.79892868048091e-160,"8","AC096576.2"
"MPV17L1",6.23027177886233e-163,2.09324769975921,0.013,0.003,2.03331149774951e-158,"8","MPV17L"
"RASL10B3",6.86151631182933e-158,2.17552491978002,0.013,0.004,2.23932446352862e-153,"8","RASL10B"
"KRBOX12",3.836719483143e-154,2.05623425603545,0.02,0.007,1.25215177051855e-149,"8","KRBOX1"
"RTP1",7.97275861588723e-151,2.00074438071798,0.01,0.002,2.60198950188096e-146,"8","RTP1"
"NPPC2",7.34716193023757e-110,2.05205788898526,0.012,0.004,2.39781976755233e-105,"8","NPPC"
"IGFBP73",0,3.27069195914694,0.841,0.172,0,"9","IGFBP7"
"PRKG11",0,4.31374683526161,0.789,0.151,0,"9","PRKG1"
"EPS81",0,3.70399589676287,0.679,0.124,0,"9","EPS8"
"CRISPLD22",0,3.83049711528898,0.59,0.056,0,"9","CRISPLD2"
"PDGFRB2",0,4.88904338232433,0.568,0.044,0,"9","PDGFRB"
"COL4A23",0,2.6725358983877,0.707,0.184,0,"9","COL4A2"
"RBPMS1",0,2.94320134276348,0.697,0.178,0,"9","RBPMS"
"ACTA21",0,6.16312212599296,0.563,0.046,0,"9","ACTA2"
"CARMN1",0,5.96019276387972,0.531,0.021,0,"9","CARMN"
"NOTCH32",0,5.87121288008757,0.512,0.019,0,"9","NOTCH3"
"LHFPL62",0,2.68998141100681,0.716,0.229,0,"9","LHFPL6"
"COL4A13",0,2.75777967778912,0.657,0.17,0,"9","COL4A1"
"NR2F2-AS12",0,3.17602531800497,0.562,0.099,0,"9","NR2F2-AS1"
"SPARC2",0,2.03362638405884,0.619,0.157,0,"9","SPARC"
"CALD11",0,3.09439443450173,0.862,0.404,0,"9","CALD1"
"TAGLN2",0,6.03932221686755,0.494,0.04,0,"9","TAGLN"
"SPARCL12",0,3.28315063281815,0.541,0.104,0,"9","SPARCL1"
"MYL91",0,5.12506544901234,0.473,0.048,0,"9","MYL9"
"ARHGAP101",0,2.90118317340415,0.552,0.141,0,"9","ARHGAP10"
"MT2A1",0,3.22921809170826,0.507,0.116,0,"9","MT2A"
"COL18A12",0,2.47322400082596,0.559,0.169,0,"9","COL18A1"
"COL6A22",0,2.70684913700265,0.486,0.096,0,"9","COL6A2"
"MYH11",0,5.07120849900507,0.416,0.035,0,"9","MYH11"
"ADAMTS17",0,3.20868326435686,0.452,0.071,0,"9","ADAMTS1"
"MFGE82",0,3.82792722895267,0.429,0.05,0,"9","MFGE8"
"MSRB32",0,3.25155902628859,0.46,0.089,0,"9","MSRB3"
"TINAGL12",0,4.61730141140416,0.397,0.027,0,"9","TINAGL1"
"RCAN2",0,4.35798627580189,0.448,0.086,0,"9","RCAN2"
"IGFBP43",0,2.37338803624906,0.469,0.109,0,"9","IGFBP4"
"AC012409.22",0,3.41986434968463,0.431,0.072,0,"9","AC012409.2"
"ARID5B1",0,2.16070931141552,0.551,0.208,0,"9","ARID5B"
"PDE1A1",0,4.25668669729911,0.377,0.04,0,"9","PDE1A"
"ADGRF53",0,3.24530883743775,0.385,0.052,0,"9","ADGRF5"
"ENPEP1",0,5.03434180254552,0.36,0.029,0,"9","ENPEP"
"EDNRA1",0,5.39658508069352,0.349,0.018,0,"9","EDNRA"
"PDE3A1",0,2.43867133911908,0.591,0.262,0,"9","PDE3A"
"C11orf961",0,4.07865243847949,0.418,0.103,0,"9","C11orf96"
"CRIM13",0,2.79560896423017,0.414,0.101,0,"9","CRIM1"
"NR2F22",0,3.38754196595264,0.366,0.055,0,"9","NR2F2"
"JAG12",0,2.8563304390205,0.416,0.105,0,"9","JAG1"
"ADIRF1",0,4.9319727051546,0.335,0.035,0,"9","ADIRF"
"MGP3",0,2.24367421981452,0.361,0.061,0,"9","MGP"
"BGN3",0,3.46727621450295,0.33,0.031,0,"9","BGN"
"TPM11",0,3.14512685017336,0.522,0.223,0,"9","TPM1"
"MCAM",0,2.9355247868797,0.461,0.163,0,"9","MCAM"
"HES4",0,3.14510058388636,0.431,0.138,0,"9","HES4"
"LPP1",0,2.56110602790397,0.79,0.5,0,"9","LPP"
"TPM21",0,5.29140469436553,0.341,0.051,0,"9","TPM2"
"FLNA1",0,3.09792887137069,0.401,0.113,0,"9","FLNA"
"CACNA1C",0,2.89170655331372,0.595,0.307,0,"9","CACNA1C"
"LMOD11",0,4.83046096841815,0.305,0.021,0,"9","LMOD1"
"SEMA5A1",0,3.12441848807516,0.373,0.09,0,"9","SEMA5A"
"PHLDA12",0,3.26383207905201,0.368,0.085,0,"9","PHLDA1"
"MYLK1",0,3.51192467925919,0.344,0.066,0,"9","MYLK"
"SLC7A21",0,4.2778589815702,0.313,0.037,0,"9","SLC7A2"
"TNS11",0,2.37681753169156,0.423,0.148,0,"9","TNS1"
"CCDC102B1",0,3.0363917288673,0.433,0.159,0,"9","CCDC102B"
"CAV12",0,3.0349494338506,0.319,0.047,0,"9","CAV1"
"UACA2",0,2.5898378132486,0.372,0.101,0,"9","UACA"
"ZFP362",0,2.31501148417957,0.414,0.144,0,"9","ZFP36"
"ARHGAP422",0,2.3824789516706,0.367,0.098,0,"9","ARHGAP42"
"MAP3K20",0,3.02898979914148,0.347,0.08,0,"9","MAP3K20"
"FILIP13",0,2.95795994038254,0.35,0.084,0,"9","FILIP1"
"ARHGAP61",0,3.81339717512748,0.304,0.047,0,"9","ARHGAP6"
"ATP10A2",0,3.12368045264726,0.303,0.046,0,"9","ATP10A"
"EBF23",0,3.31079116805398,0.283,0.026,0,"9","EBF2"
"AC131025.21",0,6.04044647626813,0.265,0.009,0,"9","AC131025.2"
"ANO12",0,4.68333592309318,0.268,0.014,0,"9","ANO1"
"SMOC22",0,3.36754199436455,0.304,0.052,0,"9","SMOC2"
"IFITM33",0,2.4620628322489,0.333,0.081,0,"9","IFITM3"
"SOD32",0,5.09866055089871,0.269,0.018,0,"9","SOD3"
"GEM2",0,3.01894421542271,0.346,0.098,0,"9","GEM"
"PRRX12",0,3.3121074253041,0.279,0.032,0,"9","PRRX1"
"ADAMTS9-AS21",0,2.03922080533948,0.443,0.196,0,"9","ADAMTS9-AS2"
"ITGA7",0,3.97837868751246,0.288,0.041,0,"9","ITGA7"
"CAV22",0,3.76004946985312,0.286,0.039,0,"9","CAV2"
"CEBPD3",0,2.48379900203462,0.345,0.104,0,"9","CEBPD"
"CLMN",0,2.99703488224159,0.406,0.166,0,"9","CLMN"
"TBC1D12",0,2.5997475749641,0.354,0.115,0,"9","TBC1D1"
"ADAMTS92",0,2.23051514838513,0.383,0.146,0,"9","ADAMTS9"
"PLAC92",0,4.12604529201462,0.26,0.023,0,"9","PLAC9"
"A2M1",0,2.09241276428857,0.4,0.164,0,"9","A2M"
"NID12",0,2.64211283174779,0.319,0.083,0,"9","NID1"
"PHLDB22",0,2.55337989156607,0.294,0.059,0,"9","PHLDB2"
"THBS13",0,2.25015254822412,0.313,0.078,0,"9","THBS1"
"COL14A13",0,2.67950222806038,0.295,0.061,0,"9","COL14A1"
"VCL1",0,2.25498974251855,0.44,0.207,0,"9","VCL"
"TFPI3",0,2.50660681091037,0.304,0.071,0,"9","TFPI"
"ZBTB161",0,2.17133048967876,0.406,0.174,0,"9","ZBTB16"
"RGS61",0,4.33000255442815,0.279,0.048,0,"9","RGS6"
"SPECC12",0,3.46031905143457,0.281,0.05,0,"9","SPECC1"
"EGR12",0,2.13200525903022,0.378,0.149,0,"9","EGR1"
"INPP4B",0,2.35871423661986,0.45,0.223,0,"9","INPP4B"
"RERG2",0,2.78584183126364,0.3,0.073,0,"9","RERG"
"FOS1",0,2.12740716559288,0.494,0.268,0,"9","FOS"
"ID33",0,3.31048070948937,0.291,0.066,0,"9","ID3"
"CYR613",0,2.4806592578172,0.309,0.084,0,"9","CYR61"
"NBEAL1",0,2.09551027223357,0.551,0.328,0,"9","NBEAL1"
"ADAMTS42",0,3.54118985601596,0.259,0.038,0,"9","ADAMTS4"
"COBLL13",0,2.20523362649286,0.3,0.079,0,"9","COBLL1"
"PAWR1",0,2.75169608203721,0.311,0.091,0,"9","PAWR"
"YAP11",0,2.39845597518418,0.301,0.081,0,"9","YAP1"
"GUCY1A21",0,3.84907094272903,0.288,0.07,0,"9","GUCY1A2"
"RNF152",0,3.5190176662937,0.351,0.133,0,"9","RNF152"
"DAAM23",0,2.94788855406375,0.263,0.046,0,"9","DAAM2"
"PLS32",0,2.70916073652314,0.276,0.06,0,"9","PLS3"
"PDK41",0,2.65378042430254,0.282,0.067,0,"9","PDK4"
"MT1E1",0,4.03038898056311,0.243,0.029,0,"9","MT1E"
"C1QTNF12",0,3.79047453943554,0.241,0.027,0,"9","C1QTNF1"
"MIR4435-2HG1",0,2.3174226316323,0.478,0.264,0,"9","MIR4435-2HG"
"GUCY1A12",0,3.04779521428512,0.293,0.079,0,"9","GUCY1A1"
"CAVIN13",0,2.60717700561689,0.266,0.053,0,"9","CAVIN1"
"APBB21",0,2.02116409117609,0.502,0.29,0,"9","APBB2"
"ABCC92",0,5.01141483740707,0.224,0.013,0,"9","ABCC9"
"KIRREL12",0,2.88021151911962,0.263,0.053,0,"9","KIRREL1"
"MRVI11",0,5.33464221738255,0.224,0.014,0,"9","MRVI1"
"JUNB",0,2.18935409007773,0.426,0.217,0,"9","JUNB"
"NEURL1B1",0,3.21384427238753,0.274,0.066,0,"9","NEURL1B"
"CYTOR1",0,2.51568862235565,0.311,0.105,0,"9","CYTOR"
"ADCY3",0,2.99224048441966,0.362,0.156,0,"9","ADCY3"
"PTP4A3",0,4.45840939990942,0.243,0.037,0,"9","PTP4A3"
"PARM1",0,3.74758569375418,0.254,0.049,0,"9","PARM1"
"PPP1R14A2",0,5.10860021468297,0.221,0.016,0,"9","PPP1R14A"
"DGKG",0,3.42366677381376,0.303,0.098,0,"9","DGKG"
"GJA41",0,5.24602740342628,0.212,0.007,0,"9","GJA4"
"STEAP42",0,5.37964132718737,0.217,0.018,0,"9","STEAP4"
"HEYL2",0,3.73388447572784,0.223,0.025,0,"9","HEYL"
"GADD45B1",0,3.09527242075501,0.273,0.075,0,"9","GADD45B"
"KLF92",0,2.02510430613689,0.322,0.126,0,"9","KLF9"
"TEX411",0,4.04244887037653,0.223,0.029,0,"9","TEX41"
"BCAM2",0,3.71236654523721,0.216,0.024,0,"9","BCAM"
"SYTL21",0,3.26188598517997,0.237,0.046,0,"9","SYTL2"
"SULF13",0,2.31912651257952,0.242,0.052,0,"9","SULF1"
"KCNAB1",0,3.5409617362177,0.324,0.135,0,"9","KCNAB1"
"MT1M2",0,4.41740933125169,0.205,0.016,0,"9","MT1M"
"FAT11",0,2.80935278855763,0.261,0.072,0,"9","FAT1"
"LGALS13",0,2.19740241007849,0.285,0.097,0,"9","LGALS1"
"FBLIM12",0,3.11415242448718,0.24,0.054,0,"9","FBLIM1"
"IFITM22",0,2.27503135963714,0.251,0.065,0,"9","IFITM2"
"DSTN",0,2.90160519447894,0.445,0.259,0,"9","DSTN"
"MYO1B",0,2.60063004383187,0.409,0.223,0,"9","MYO1B"
"WFDC12",0,4.72186799020912,0.204,0.019,0,"9","WFDC1"
"MYOF3",0,2.01023914666095,0.275,0.091,0,"9","MYOF"
"LTBP12",0,2.83433536771827,0.259,0.075,0,"9","LTBP1"
"MSC-AS11",0,2.84298969444789,0.243,0.061,0,"9","MSC-AS1"
"MICAL21",0,2.60099871279801,0.27,0.089,0,"9","MICAL2"
"CSRP11",0,3.23427887855391,0.259,0.078,0,"9","CSRP1"
"SERPING12",0,2.23403072500676,0.247,0.067,0,"9","SERPING1"
"NDUFA4L21",0,3.41097898184092,0.23,0.052,0,"9","NDUFA4L2"
"LINC011971",0,3.24306656003521,0.21,0.032,0,"9","LINC01197"
"OSMR1",0,2.22078097426254,0.278,0.101,0,"9","OSMR"
"KCNE42",0,3.6542208183655,0.2,0.024,0,"9","KCNE4"
"EDIL3",0,2.04937302358059,0.302,0.126,0,"9","EDIL3"
"EFHD11",0,4.92250466888881,0.188,0.013,0,"9","EFHD1"
"ID42",0,3.57133260412243,0.2,0.026,0,"9","ID4"
"PDGFA2",0,3.50506996495866,0.198,0.024,0,"9","PDGFA"
"KANK23",0,2.81410840688778,0.211,0.038,0,"9","KANK2"
"NTRK2",0,2.67701347822187,0.243,0.071,0,"9","NTRK2"
"TRPC61",0,4.67975680171536,0.187,0.016,0,"9","TRPC6"
"LBH1",0,2.94952205701709,0.242,0.072,0,"9","LBH"
"CSRP2",0,4.30634903764712,0.207,0.037,0,"9","CSRP2"
"NNMT2",0,2.21429992987129,0.229,0.06,0,"9","NNMT"
"CHSY32",0,2.76669404039197,0.245,0.078,0,"9","CHSY3"
"FRMD3",0,2.9678474221201,0.318,0.153,0,"9","FRMD3"
"NUDT42",0,2.26947071004364,0.301,0.136,0,"9","NUDT4"
"COL12A13",0,2.09170560919408,0.221,0.057,0,"9","COL12A1"
"AEBP12",0,2.18630421622065,0.238,0.075,0,"9","AEBP1"
"AC017002.51",0,2.81646326936002,0.256,0.094,0,"9","AC017002.5"
"TBX2",0,2.72449054999018,0.268,0.107,0,"9","TBX2"
"NEXN1",0,3.02289083924834,0.224,0.065,0,"9","NEXN"
"SLC38A111",0,6.66699016673054,0.163,0.004,0,"9","SLC38A11"
"NTN41",0,2.67214251696261,0.203,0.045,0,"9","NTN4"
"GJC11",0,3.16385265569337,0.224,0.066,0,"9","GJC1"
"ARHGEF17",0,2.88417192661611,0.237,0.079,0,"9","ARHGEF17"
"CSPG41",0,4.76691608168297,0.166,0.009,0,"9","CSPG4"
"PALLD1",0,2.05256998210951,0.426,0.27,0,"9","PALLD"
"S100A42",0,3.18903236290814,0.217,0.062,0,"9","S100A4"
"EDNRB2",0,2.22010969096553,0.198,0.044,0,"9","EDNRB"
"SERPINE12",0,3.33309108840934,0.202,0.048,0,"9","SERPINE1"
"CAVIN31",0,3.7563220090312,0.177,0.023,0,"9","CAVIN3"
"ACTN1",0,2.12734703825467,0.412,0.258,0,"9","ACTN1"
"COL5A33",0,3.3042044470342,0.175,0.022,0,"9","COL5A3"
"NGF2",0,3.75645432741219,0.177,0.026,0,"9","NGF"
"PIP5K1B2",0,3.57129695356904,0.187,0.036,0,"9","PIP5K1B"
"FRZB1",0,3.43188721908707,0.201,0.051,0,"9","FRZB"
"TGFB1I11",0,3.55784330351007,0.183,0.034,0,"9","TGFB1I1"
"GUCY1B11",0,3.20436083167193,0.199,0.051,0,"9","GUCY1B1"
"FBXO32",0,3.31470364759078,0.2,0.052,0,"9","FBXO32"
"SEPT4",0,3.42105297923304,0.2,0.052,0,"9","SEPT4"
"EHD23",0,3.45431447030533,0.167,0.022,0,"9","EHD2"
"FHL5",0,7.85566869833657,0.146,0.001,0,"9","FHL5"
"ESAM2",0,2.2419237562832,0.175,0.031,0,"9","ESAM"
"CPM1",0,2.69526232011394,0.207,0.063,0,"9","CPM"
"ANGPT12",0,3.06880615279788,0.177,0.033,0,"9","ANGPT1"
"PPARG2",0,2.20676640716017,0.214,0.071,0,"9","PPARG"
"ARHGAP17",0,2.21879324251481,0.321,0.178,0,"9","ARHGAP17"
"SELENOM1",0,2.4595991867563,0.246,0.105,0,"9","SELENOM"
"LAMA3",0,2.92014579125517,0.211,0.07,0,"9","LAMA3"
"RGS162",0,2.4210697290412,0.198,0.058,0,"9","RGS16"
"LRRC323",0,2.76401722994364,0.165,0.025,0,"9","LRRC32"
"AOC33",0,3.9260759707202,0.151,0.011,0,"9","AOC3"
"GPRC5C",0,4.66664877818442,0.149,0.01,0,"9","GPRC5C"
"CNN12",0,4.55391040662443,0.152,0.013,0,"9","CNN1"
"TCIM3",0,2.1168114789902,0.185,0.048,0,"9","TCIM"
"CCDC31",0,2.21798533733561,0.259,0.125,0,"9","CCDC3"
"LDB3",0,4.76524074169839,0.156,0.022,0,"9","LDB3"
"CRIP11",0,4.50308770417411,0.164,0.03,0,"9","CRIP1"
"PLN",0,4.64429402974642,0.151,0.017,0,"9","PLN"
"ISYNA1",0,2.97293983566439,0.198,0.065,0,"9","ISYNA1"
"HIGD1B",0,4.49636435955473,0.147,0.014,0,"9","HIGD1B"
"HIP1",0,2.04427246525739,0.395,0.263,0,"9","HIP1"
"PLXDC13",0,3.11890448454233,0.165,0.034,0,"9","PLXDC1"
"DEPP13",0,2.33616073210001,0.173,0.043,0,"9","DEPP1"
"LAMB21",0,2.46922421244042,0.169,0.039,0,"9","LAMB2"
"SDC21",0,2.26079081673238,0.259,0.13,0,"9","SDC2"
"EPHA32",0,2.87228612817004,0.165,0.036,0,"9","EPHA3"
"COX4I21",0,5.20529765002552,0.141,0.012,0,"9","COX4I2"
"TRPC41",0,4.29630039141805,0.144,0.017,0,"9","TRPC4"
"MYOM1",0,3.50109071479186,0.161,0.034,0,"9","MYOM1"
"FXYD13",0,2.55984646206556,0.146,0.019,0,"9","FXYD1"
"NDRG22",0,2.20821668778738,0.187,0.061,0,"9","NDRG2"
"CCL24",0,2.55594174925471,0.174,0.049,0,"9","CCL2"
"PHLDA21",0,5.73618347283355,0.131,0.007,0,"9","PHLDA2"
"NUPR12",0,2.64287683231532,0.15,0.026,0,"9","NUPR1"
"CASQ2",0,7.20771379246892,0.126,0.002,0,"9","CASQ2"
"COX7A11",0,3.09051578864118,0.155,0.032,0,"9","COX7A1"
"TNC2",0,2.47869103332055,0.169,0.047,0,"9","TNC"
"ADGRA21",0,3.01562750464032,0.154,0.032,0,"9","ADGRA2"
"PALM2-AKAP21",0,2.47241983011781,0.186,0.064,0,"9","PALM2-AKAP2"
"ADAMTS123",0,2.85630550788798,0.158,0.036,0,"9","ADAMTS12"
"CPED11",0,2.20861327532443,0.178,0.056,0,"9","CPED1"
"CD361",0,2.49164098089148,0.17,0.05,0,"9","CD36"
"SMTN1",0,2.75921798050646,0.162,0.042,0,"9","SMTN"
"MYC1",0,2.56865422467997,0.168,0.049,0,"9","MYC"
"ERRFI12",0,2.27757771291711,0.179,0.06,0,"9","ERRFI1"
"MT1A2",0,4.49375286720911,0.126,0.01,0,"9","MT1A"
"NFASC",0,2.11294879645352,0.313,0.197,0,"9","NFASC"
"PGF",0,3.21340463900357,0.159,0.044,0,"9","PGF"
"PTGIR1",0,4.02947228943562,0.129,0.014,0,"9","PTGIR"
"LMCD13",0,2.44499679839875,0.181,0.066,0,"9","LMCD1"
"RGL3",0,3.657787062121,0.13,0.016,0,"9","RGL3"
"MGLL2",0,2.04952466050439,0.168,0.055,0,"9","MGLL"
"SORBS3",0,2.63114260965192,0.173,0.061,0,"9","SORBS3"
"WTIP1",0,3.13220908859389,0.135,0.024,0,"9","WTIP"
"TNS22",0,2.12630746594827,0.16,0.051,0,"9","TNS2"
"VASN1",0,3.32605023367465,0.13,0.023,0,"9","VASN"
"ACTG21",0,6.62133121706231,0.109,0.002,0,"9","ACTG2"
"KCNJ81",0,5.16134301630627,0.113,0.008,0,"9","KCNJ8"
"AP002518.21",0,2.15089241249628,0.176,0.071,0,"9","AP002518.2"
"RASD11",0,3.29894680325984,0.148,0.045,0,"9","RASD1"
"MRGPRF2",0,4.99854146170365,0.109,0.006,0,"9","MRGPRF"
"MYOCD",0,4.4376068727197,0.115,0.013,0,"9","MYOCD"
"SLC6A1-AS11",0,4.71324941254181,0.112,0.01,0,"9","SLC6A1-AS1"
"MT1X1",0,2.82892339959777,0.141,0.039,0,"9","MT1X"
"RASL122",0,3.6146398716168,0.11,0.01,0,"9","RASL12"
"KIAA00401",0,3.1005070741385,0.118,0.018,0,"9","KIAA0040"
"HOPX2",0,2.09137080660483,0.114,0.015,0,"9","HOPX"
"ANKRD292",0,2.78607667220101,0.136,0.04,0,"9","ANKRD29"
"GGT52",0,2.68805894528289,0.122,0.026,0,"9","GGT5"
"OLFML2B3",0,2.0502406683394,0.132,0.038,0,"9","OLFML2B"
"S1PR33",0,2.82606682254002,0.116,0.022,0,"9","S1PR3"
"TBX2-AS11",0,3.18119407928255,0.132,0.038,0,"9","TBX2-AS1"
"ADAMTS9-AS12",0,2.54126982267872,0.132,0.039,0,"9","ADAMTS9-AS1"
"C2orf402",0,3.77916780709725,0.107,0.015,0,"9","C2orf40"
"RNF1802",0,2.08937890786686,0.161,0.069,0,"9","RNF180"
"LINC010911",0,3.52390210469316,0.112,0.02,0,"9","LINC01091"
"ANGPTL42",0,2.14280925413592,0.127,0.035,0,"9","ANGPTL4"
"VSTM42",0,2.6863305136889,0.138,0.047,0,"9","VSTM4"
"GPX31",0,2.62565274997281,0.13,0.04,0,"9","GPX3"
"INHBA2",0,2.64287258140856,0.108,0.018,0,"9","INHBA"
"FOXC22",0,4.91217620107675,0.094,0.004,0,"9","FOXC2"
"PLEKHH22",0,2.15883018977299,0.132,0.043,0,"9","PLEKHH2"
"LAMA52",0,2.31459782880446,0.133,0.046,0,"9","LAMA5"
"RRAS3",0,2.75643695015288,0.116,0.029,0,"9","RRAS"
"TMEM473",0,2.21207473161814,0.114,0.027,0,"9","TMEM47"
"HEY22",0,4.15205685845362,0.095,0.008,0,"9","HEY2"
"RAB131",0,2.01256832508538,0.134,0.049,0,"9","RAB13"
"COL25A1",0,3.41299077637102,0.128,0.043,0,"9","COL25A1"
"SOX132",0,2.44487343990724,0.109,0.025,0,"9","SOX13"
"MAP7D3",0,2.72468617499094,0.111,0.028,0,"9","MAP7D3"
"OSMR-AS11",0,2.19685256446389,0.114,0.031,0,"9","OSMR-AS1"
"SEMA5B",0,3.69273860362814,0.105,0.022,0,"9","SEMA5B"
"LINC007021",0,5.34037918680488,0.085,0.003,0,"9","LINC00702"
"TEAD32",0,2.89059191146456,0.104,0.022,0,"9","TEAD3"
"MAP3K20-AS1",0,3.18081665949983,0.104,0.022,0,"9","MAP3K20-AS1"
"CACNA1H1",0,3.50394974925036,0.095,0.015,0,"9","CACNA1H"
"PLEKHG21",0,2.2099890644309,0.13,0.05,0,"9","PLEKHG2"
"AL512638.22",0,3.78147489282024,0.091,0.012,0,"9","AL512638.2"
"NRGN3",0,4.08202877576155,0.088,0.01,0,"9","NRGN"
"TGFB32",0,3.76622832813169,0.093,0.015,0,"9","TGFB3"
"LINC009242",0,3.20145334279623,0.088,0.01,0,"9","LINC00924"
"AC002066.11",0,4.03926383441838,0.091,0.013,0,"9","AC002066.1"
"LINC00989",0,6.8192859997457,0.079,0.002,0,"9","LINC00989"
"SLC6A11",0,4.12391899262602,0.086,0.01,0,"9","SLC6A1"
"CD2482",0,3.64579031675203,0.086,0.01,0,"9","CD248"
"AVPR1A",0,6.44359867517077,0.078,0.002,0,"9","AVPR1A"
"AC008250.11",0,5.48558077723983,0.079,0.003,0,"9","AC008250.1"
"FAM162B",0,3.08524846686409,0.111,0.036,0,"9","FAM162B"
"RAB341",0,2.16469545964837,0.115,0.04,0,"9","RAB34"
"RASL11A",0,4.78686992766723,0.077,0.005,0,"9","RASL11A"
"PRKG1-AS11",0,4.36216003402125,0.08,0.009,0,"9","PRKG1-AS1"
"HAPLN32",0,2.47950570893531,0.09,0.019,0,"9","HAPLN3"
"SGCA",0,6.11186956987953,0.072,0.001,0,"9","SGCA"
"TRIP61",0,2.42229844966138,0.093,0.023,0,"9","TRIP6"
"SELENBP13",0,3.92255036334371,0.077,0.007,0,"9","SELENBP1"
"ZNF7031",0,3.09552549570678,0.089,0.019,0,"9","ZNF703"
"AGT1",0,3.81938149543725,0.081,0.012,0,"9","AGT"
"VGLL33",0,2.26628089165754,0.095,0.026,0,"9","VGLL3"
"AC100803.3",0,5.79308645043205,0.071,0.003,0,"9","AC100803.3"
"NPNT3",0,2.90164173140885,0.082,0.015,0,"9","NPNT"
"GPR20",0,8.54342704911589,0.067,0,0,"9","GPR20"
"NTF31",0,4.91523237214953,0.071,0.004,0,"9","NTF3"
"ATP1A21",0,2.13664624231364,0.084,0.019,0,"9","ATP1A2"
"KCNMB12",0,2.35099145370529,0.077,0.013,0,"9","KCNMB1"
"TBX182",0,3.041007292137,0.078,0.014,0,"9","TBX18"
"CDC42EP12",0,2.28334654190993,0.083,0.02,0,"9","CDC42EP1"
"RBPMS2",0,3.77057771721298,0.073,0.011,0,"9","RBPMS2"
"FOXS12",0,3.48489532612208,0.066,0.005,0,"9","FOXS1"
"ATP1B2",0,2.46916610394384,0.087,0.026,0,"9","ATP1B2"
"RXFP11",0,3.7280027566909,0.076,0.015,0,"9","RXFP1"
"PRDM162",0,2.17288296027543,0.084,0.024,0,"9","PRDM16"
"GPAT2",0,4.85121198630426,0.065,0.006,0,"9","GPAT2"
"SNHG183",0,3.40917013631666,0.067,0.008,0,"9","SNHG18"
"AL590999.12",0,3.35622520720575,0.068,0.009,0,"9","AL590999.1"
"AL034417.21",0,3.50723439406617,0.073,0.015,0,"9","AL034417.2"
"TBX152",0,3.54823855050883,0.065,0.008,0,"9","TBX15"
"HSPB63",0,3.38013138867678,0.063,0.007,0,"9","HSPB6"
"CHRD2",0,4.19860792201762,0.062,0.006,0,"9","CHRD"
"MOCS11",0,3.00922867173952,0.074,0.018,0,"9","MOCS1"
"AC009269.21",0,2.99978674787825,0.068,0.013,0,"9","AC009269.2"
"RRAD",0,3.52403870450539,0.065,0.01,0,"9","RRAD"
"KCNA5",0,7.81053174577262,0.056,0.001,0,"9","KCNA5"
"CABP1",0,4.11892468487111,0.066,0.012,0,"9","CABP1"
"JPH2",0,4.68197439219619,0.059,0.005,0,"9","JPH2"
"SLC2A41",0,5.00912842716095,0.055,0.002,0,"9","SLC2A4"
"CALHM21",0,2.64986321286719,0.071,0.018,0,"9","CALHM2"
"NRARP3",0,3.68604569645264,0.059,0.007,0,"9","NRARP"
"AC087477.21",0,2.88838231331951,0.062,0.011,0,"9","AC087477.2"
"OR51E1",0,8.08075731660107,0.05,0,0,"9","OR51E1"
"AC005358.1",0,5.03937249898146,0.055,0.005,0,"9","AC005358.1"
"ACAN",0,5.2167800625298,0.051,0.002,0,"9","ACAN"
"NPY1R3",0,2.7420876053998,0.057,0.009,0,"9","NPY1R"
"WISP12",0,3.06287600060325,0.056,0.008,0,"9","WISP1"
"HRC",0,6.23222456759003,0.048,0.001,0,"9","HRC"
"HSPB22",0,4.02003224402937,0.052,0.006,0,"9","HSPB2"
"REM13",0,4.25960103391406,0.049,0.003,0,"9","REM1"
"GPR42",0,4.88335868525441,0.048,0.004,0,"9","GPR4"
"DLX51",0,4.87160922528001,0.046,0.003,0,"9","DLX5"
"SYDE12",0,3.00103733831665,0.05,0.008,0,"9","SYDE1"
"SFTA1P2",0,4.86737965916553,0.043,0.002,0,"9","SFTA1P"
"ARTN",0,3.83417268619657,0.045,0.006,0,"9","ARTN"
"DES",0,6.2226837479998,0.04,0.001,0,"9","DES"
"ADAMTS142",0,3.08132308542602,0.048,0.009,0,"9","ADAMTS14"
"CCL82",0,3.91962575018524,0.039,0.003,0,"9","CCL8"
"MIR497HG2",0,4.08098375446118,0.039,0.004,0,"9","MIR497HG"
"SNAI22",0,3.31547415705793,0.04,0.005,0,"9","SNAI2"
"KRT182",0,3.62764817022511,0.04,0.005,0,"9","KRT18"
"AC013565.1",0,4.60076041720291,0.04,0.005,0,"9","AC013565.1"
"BMP22",0,3.52708335458985,0.041,0.006,0,"9","BMP2"
"AP003555.31",0,4.2903956141979,0.037,0.002,0,"9","AP003555.3"
"PLA2G52",0,4.80306000003817,0.039,0.006,0,"9","PLA2G5"
"AP003555.11",0,4.07371891293746,0.034,0.003,0,"9","AP003555.1"
"SUSD22",0,3.97019040717847,0.033,0.004,0,"9","SUSD2"
"ANGPT4",0,5.14466754639806,0.029,0.002,0,"9","ANGPT4"
"HTR1F",0,6.54510558177989,0.025,0.001,0,"9","HTR1F"
"EGFL6",0,3.75745684766296,0.025,0.002,0,"9","EGFL6"
"ADRA2B",0,5.11048208855827,0.022,0.001,0,"9","ADRA2B"
"ITIH3",0,4.96032304586249,0.021,0.001,0,"9","ITIH3"
"AC098798.1",0,5.35958942789341,0.02,0.001,0,"9","AC098798.1"
"CHMP4C1",0,3.43534033117101,0.02,0.002,0,"9","CHMP4C"
"AC009154.11",0,4.01221181913905,0.02,0.002,0,"9","AC009154.1"
"KCNAB1-AS2",0,7.37084847565273,0.018,0,0,"9","KCNAB1-AS2"
"AC008742.11",0,3.64237925217467,0.019,0.002,0,"9","AC008742.1"
"OR51E2",0,6.46170987301084,0.018,0.001,0,"9","OR51E2"
"FOXF12",0,4.24888862286101,0.018,0.001,0,"9","FOXF1"
"TCF211",0,4.04641507866427,0.017,0.001,0,"9","TCF21"
"AP003555.21",0,4.43237442396083,0.017,0.001,0,"9","AP003555.2"
"AC099687.1",0,5.27134137596761,0.016,0.001,0,"9","AC099687.1"
"SULT1E1",0,6.9575555177543,0.014,0,0,"9","SULT1E1"
"FZD10",0,4.58154404340636,0.014,0.001,0,"9","FZD10"
"AP001107.3",0,4.5884522590392,0.014,0.001,0,"9","AP001107.3"
"AC006254.1",0,6.80367918904418,0.012,0,0,"9","AC006254.1"
"S1PR5",0,3.81110939303158,0.013,0.001,0,"9","S1PR5"
"AC090409.1",0,5.48817148925458,0.011,0,0,"9","AC090409.1"
"AL024474.22",2.95369591254295e-307,2.18668551424514,0.076,0.021,9.63968198017516e-303,"9","AL024474.2"
"NID22",1.0240288451439e-304,2.3302736741449,0.091,0.029,3.34202053901164e-300,"9","NID2"
"COL27A12",1.10501466979418e-304,2.11413409990277,0.088,0.027,3.60632587634027e-300,"9","COL27A1"
"CACNA1A",1.9849831710313e-300,2.79742556185744,0.095,0.031,6.47819107697776e-296,"9","CACNA1A"
"SMIM32",1.20543228514297e-298,2.25902396005224,0.093,0.03,3.9340488057926e-294,"9","SMIM3"
"AL354794.12",1.21100177010765e-298,4.4172792299502,0.017,0.002,3.95222537692334e-294,"9","AL354794.1"
"IFITM14",1.36579162428558e-297,2.10902254186962,0.064,0.016,4.45739754501843e-293,"9","IFITM1"
"SERTAD12",2.97077052160155e-295,2.15485439526749,0.127,0.049,9.69540667429881e-291,"9","SERTAD1"
"COL4A5",1.21300458534466e-294,2.91104824057086,0.052,0.012,3.95876176473084e-290,"9","COL4A5"
"LZTS1-AS11",4.46099605919343e-288,2.74983529455528,0.075,0.022,1.45589067387837e-283,"9","LZTS1-AS1"
"FOXL11",6.85908372525087e-288,4.36639315392563,0.014,0.001,2.23853056457287e-283,"9","FOXL1"
"INAFM11",7.06245593815407e-282,2.23875036767098,0.114,0.043,2.30490311997596e-277,"9","INAFM1"
"AC004257.1",3.5772008423769e-280,4.78295294411084,0.016,0.001,1.16745526691813e-275,"9","AC004257.1"
"GLI22",7.26038372262524e-279,2.37087225518408,0.079,0.024,2.36949883171597e-274,"9","GLI2"
"SCN4B",1.08748333256631e-275,3.94419142931303,0.033,0.006,3.54911060416342e-271,"9","SCN4B"
"MAP3K7CL",8.74335961392666e-275,2.13023903366859,0.147,0.064,2.85348284360111e-270,"9","MAP3K7CL"
"PDE1B1",2.81587077845657e-273,2.97521477898916,0.038,0.007,9.18987587257088e-269,"9","PDE1B"
"NRIP2",1.30437269180834e-267,2.26258855858099,0.076,0.023,4.25695071698569e-263,"9","NRIP2"
"CBFA2T31",6.95061272998916e-266,2.59496036221174,0.042,0.009,2.26840197055926e-261,"9","CBFA2T3"
"TMEM74B",1.29292524155649e-263,3.29739275027302,0.046,0.01,4.21959081834376e-259,"9","TMEM74B"
"AL096772.13",1.09242235470248e-260,3.06179209106335,0.024,0.003,3.56522959680702e-256,"9","AL096772.1"
"FAS1",1.21672599424762e-260,2.04204771100544,0.075,0.023,3.97090695482652e-256,"9","FAS"
"CCL192",1.27421832446287e-258,2.90732440799598,0.036,0.007,4.15853892371701e-254,"9","CCL19"
"ELN3",1.7692338093137e-253,2.16543428777896,0.166,0.08,5.7740714600762e-249,"9","ELN"
"AC105411.1",4.65155815968994e-251,3.81630890793568,0.064,0.018,1.51808252099641e-246,"9","AC105411.1"
"ARSJ2",8.28349747278212e-250,2.36025736705277,0.051,0.013,2.70340223521717e-245,"9","ARSJ"
"ITGA112",1.67060769506569e-243,2.31104332380981,0.081,0.027,5.45219527361637e-239,"9","ITGA11"
"BMP52",7.94801402162282e-243,2.93428636738513,0.028,0.005,2.59391385609682e-238,"9","BMP5"
"AC021088.11",1.60290733084599e-242,3.15713974425109,0.044,0.01,5.23124836494898e-238,"9","AC021088.1"
"ADRA1B",1.38714168161906e-238,3.56930147865649,0.047,0.012,4.52707559213198e-234,"9","ADRA1B"
"LINC01348",1.84547021841633e-226,4.1211236772112,0.015,0.002,6.02287660482352e-222,"9","LINC01348"
"AC004828.1",8.85863656731921e-224,4.55731710228239,0.019,0.002,2.8911046301103e-219,"9","AC004828.1"
"USP2",2.11907041386986e-223,2.88468193762119,0.034,0.007,6.91579820270567e-219,"9","USP2"
"AL645608.81",3.65536661799059e-220,3.05000070673977,0.036,0.008,1.19296544944741e-215,"9","AL645608.8"
"LINC02515",6.3995956280276e-220,4.14491657265608,0.014,0.001,2.08857202916309e-215,"9","LINC02515"
"AC110760.1",1.28186022345698e-219,3.93868159088624,0.037,0.008,4.18347902527419e-215,"9","AC110760.1"
"TEAD22",8.6487613211876e-219,2.22080519937895,0.058,0.017,2.82260974478278e-214,"9","TEAD2"
"LZTS11",1.07079893860772e-214,2.35996827609531,0.122,0.054,3.49465941604016e-210,"9","LZTS1"
"SORT1",6.863329414951e-214,2.15177259738189,0.235,0.144,2.23991618786341e-209,"9","SORT1"
"EPHA21",4.58296723378074e-212,2.17588438366634,0.055,0.016,1.49569718641668e-207,"9","EPHA2"
"MFAP43",7.8738899040622e-212,2.25339813438223,0.071,0.024,2.56972270908974e-207,"9","MFAP4"
"MTHFD2",1.03212548464352e-209,2.06228539511113,0.154,0.078,3.3684447316826e-205,"9","MTHFD2"
"LGR6",1.41541316972953e-206,4.1318581957355,0.019,0.003,4.61934242072929e-202,"9","LGR6"
"CNGA1",2.92650313784723e-205,3.25556627532137,0.044,0.011,9.55093564067823e-201,"9","CNGA1"
"SIX12",3.09471066561497e-203,3.08691986326228,0.014,0.001,1.0099897728301e-198,"9","SIX1"
"MBNL1-AS12",8.91294121234631e-203,2.55724128154607,0.028,0.005,2.90882749406134e-198,"9","MBNL1-AS1"
"COL13A11",2.04121832705699e-200,3.02840002825394,0.034,0.008,6.66172013218318e-196,"9","COL13A1"
"AC147651.1",8.41948862835058e-200,3.28289928997438,0.014,0.002,2.7477843087485e-195,"9","AC147651.1"
"SMIM101",1.68904516288763e-199,2.86495365624658,0.042,0.011,5.51236779360008e-195,"9","SMIM10"
"LINC00670",2.03651997364701e-198,3.8442976110523,0.029,0.006,6.64638658599437e-194,"9","LINC00670"
"A4GALT4",1.19118884897056e-197,2.04942741865557,0.074,0.026,3.88756392750031e-193,"9","A4GALT"
"MYOZ1",1.57304691139455e-196,3.23832789277206,0.024,0.004,5.13379590002725e-192,"9","MYOZ1"
"PTH1R1",1.01458067751269e-195,3.08373067126037,0.062,0.02,3.3111854991304e-191,"9","PTH1R"
"KITLG2",7.6456315403546e-195,2.20130978839981,0.074,0.027,2.49522830951013e-190,"9","KITLG"
"LINC02507",1.07669873431402e-187,3.81199307203497,0.019,0.003,3.51391398930723e-183,"9","LINC02507"
"AL133346.13",1.26751361502753e-187,2.16268094336274,0.068,0.024,4.13665743400385e-183,"9","AL133346.1"
"FMO32",2.10840693614461e-180,2.46263833539941,0.033,0.008,6.88099687680154e-176,"9","FMO3"
"LRRC10B1",1.51040610572867e-179,2.96096284787496,0.048,0.014,4.92936136665608e-175,"9","LRRC10B"
"AL450332.11",3.50072873124523e-178,3.15532810928754,0.035,0.008,1.14249782872919e-173,"9","AL450332.1"
"FRK",1.2453005873867e-177,3.0969804517589,0.047,0.014,4.06416299699525e-173,"9","FRK"
"CCDC153",7.6589242998209e-174,2.84642148108453,0.024,0.004,2.49956653448955e-169,"9","CCDC153"
"TMEM200B2",1.23173016952745e-170,2.95485453089873,0.022,0.004,4.0198745812698e-166,"9","TMEM200B"
"TMEM30B2",1.76202723279162e-162,3.25705029917257,0.015,0.002,5.75055207693874e-158,"9","TMEM30B"
"SLC6A162",7.31828471656569e-162,2.12618745674531,0.047,0.014,2.38839540009838e-157,"9","SLC6A16"
"C17orf82",1.6261353921525e-160,3.44936928245913,0.02,0.003,5.30705546582889e-156,"9","C17orf82"
"AC011389.1",2.18374342759583e-159,2.73717667544253,0.109,0.053,7.12686505030175e-155,"9","AC011389.1"
"ARHGAP441",4.96456645543529e-156,2.13639528563229,0.202,0.13,1.62023590839586e-151,"9","ARHGAP44"
"MSC2",7.8880514203967e-154,2.73126069653909,0.023,0.004,2.57434446156067e-149,"9","MSC"
"HOXA-AS22",7.0577986112409e-152,2.60284668958371,0.027,0.006,2.30338315476458e-147,"9","HOXA-AS2"
"LIN7A",8.49907804246858e-151,2.25668064169648,0.119,0.06,2.77375910994004e-146,"9","LIN7A"
"HSPB8",1.45560050683155e-147,2.23050338836289,0.068,0.027,4.75049781409545e-143,"9","HSPB8"
"BATF3",1.73139627665591e-147,2.46129156583221,0.053,0.019,5.65058488849422e-143,"9","BATF3"
"SYPL22",1.19784706093733e-146,2.955017432856,0.016,0.003,3.90929366807505e-142,"9","SYPL2"
"OLFML12",8.76980967751663e-145,2.15157705670615,0.037,0.011,2.86211508635433e-140,"9","OLFML1"
"AC068491.21",4.98760486915495e-144,2.32586969297619,0.049,0.016,1.62775472509741e-139,"9","AC068491.2"
"CLMAT33",8.55812610988802e-144,2.13616156563356,0.049,0.016,2.79303003722305e-139,"9","CLMAT3"
"AC091906.11",1.43038635538361e-143,3.14497823745847,0.024,0.005,4.66820890942994e-139,"9","AC091906.1"
"AC113383.1",3.64752087426507e-143,2.86350397902983,0.061,0.023,1.19040491252515e-138,"9","AC113383.1"
"AP001189.12",5.03102104688018e-143,3.37831225745479,0.013,0.002,1.64192402885982e-138,"9","AP001189.1"
"SERPINI1",1.22482016343939e-139,2.09801401324762,0.083,0.037,3.99732308540081e-135,"9","SERPINI1"
"AF001548.2",1.10124506021641e-138,3.22070157051626,0.019,0.004,3.59402337852227e-134,"9","AF001548.2"
"KRT8",2.00459307274135e-135,2.05298311393678,0.039,0.012,6.54218995219868e-131,"9","KRT8"
"HSPA21",1.51282448991211e-131,2.33789770122496,0.055,0.02,4.93725400527716e-127,"9","HSPA2"
"HOXA51",2.06283691281209e-131,3.83035987105067,0.011,0.001,6.73227454865353e-127,"9","HOXA5"
"SRL",3.21055245419928e-131,3.30304426615957,0.029,0.008,1.04779589895248e-126,"9","SRL"
"AGTR11",6.89914626639715e-131,2.75170147115477,0.048,0.017,2.25160537550137e-126,"9","AGTR1"
"TDO22",1.39539179184057e-129,3.17455947886149,0.019,0.004,4.55400065185089e-125,"9","TDO2"
"AL132671.21",1.87869108171406e-125,2.76118438074088,0.032,0.009,6.131296214282e-121,"9","AL132671.2"
"TMC4",1.27455553835119e-124,2.44299064639161,0.053,0.02,4.15963945496295e-120,"9","TMC4"
"TMEM38B",5.50386815447773e-124,2.05885400796588,0.127,0.071,1.79624241089535e-119,"9","TMEM38B"
"RIPOR3",6.52933227776902e-124,2.64275444266288,0.066,0.028,2.1309128821727e-119,"9","RIPOR3"
"LGALSL",3.20450712525055e-123,2.2402784315824,0.069,0.03,1.04582294539677e-118,"9","LGALSL"
"SATB21",1.13528989408261e-122,2.64972208961201,0.039,0.013,3.70513209832801e-118,"9","SATB2"
"LY6K1",2.25438789988876e-121,3.05483623117156,0.018,0.004,7.35742035007695e-117,"9","LY6K"
"PCDH182",3.67420414129785e-119,2.59897383582417,0.035,0.011,1.19911326355397e-114,"9","PCDH18"
"AC090337.11",6.34642456428434e-119,3.24089673526247,0.012,0.002,2.07121912079984e-114,"9","AC090337.1"
"AC100830.1",8.3183532606643e-118,2.63960066856405,0.068,0.03,2.7147777701504e-113,"9","AC100830.1"
"VIPR11",5.81837499220213e-117,3.31641616329139,0.023,0.005,1.89888486245509e-112,"9","VIPR1"
"LINC022041",2.15655586372562e-116,3.50339451210583,0.011,0.002,7.03813571685493e-112,"9","LINC02204"
"EMX2OS",2.37470143342136e-115,2.98183140855499,0.023,0.006,7.75007559811395e-111,"9","EMX2OS"
"DNAJB4",9.4303258470237e-115,2.15680717215092,0.08,0.038,3.07768114343466e-110,"9","DNAJB4"
"S100A31",3.80614560072103e-114,3.87569813815533,0.016,0.003,1.24217367825132e-109,"9","S100A3"
"AL139246.53",4.17296238494327e-114,2.17759201481926,0.028,0.008,1.36188800395009e-109,"9","AL139246.5"
"HOXA33",9.50687457989104e-113,2.15369319851961,0.026,0.007,3.10266358789324e-108,"9","HOXA3"
"ADRA2A1",4.97216746940232e-112,2.75522704634129,0.033,0.01,1.62271657531414e-107,"9","ADRA2A"
"MRVI1-AS1",2.66366169693301e-111,2.78987412148149,0.05,0.019,8.69312631411057e-107,"9","MRVI1-AS1"
"ADAMTS152",1.17696102935025e-110,2.04902564223101,0.032,0.01,3.84113001538747e-106,"9","ADAMTS15"
"NET1",1.63387396749635e-110,2.15792513203544,0.135,0.081,5.33231108032108e-106,"9","NET1"
"HOXA41",2.56227562816913e-108,4.26551578141969,0.01,0.001,8.36224274009276e-104,"9","HOXA4"
"AL445465.13",4.88036889663331e-107,3.09549929890191,0.019,0.004,1.59275719310525e-102,"9","AL445465.1"
"SNX311",8.98326582649893e-107,3.18135648507749,0.028,0.008,2.93177863513619e-102,"9","SNX31"
"AC100793.2",5.22917863003029e-106,2.24038075405741,0.071,0.033,1.70659473769668e-101,"9","AC100793.2"
