"","p_val","avg_log2FC","pct.1","pct.2","p_val_adj","cluster","gene"
"TOP2A",0,5.97662826448528,0.729,0.025,0,"1","TOP2A"
"DIAPH3",0,4.65848657838401,0.757,0.073,0,"1","DIAPH3"
"BRIP1",0,4.41999662236879,0.724,0.063,0,"1","BRIP1"
"SMC4",0,4.07251174356642,0.741,0.084,0,"1","SMC4"
"ATAD2",0,3.80397206364539,0.673,0.078,0,"1","ATAD2"
"CENPF",0,4.78857099375047,0.627,0.035,0,"1","CENPF"
"SPC25",0,4.57221131823252,0.599,0.037,0,"1","SPC25"
"ASPM",0,5.62857531221338,0.576,0.021,0,"1","ASPM"
"EZH2",0,2.61429095805975,0.747,0.219,0,"1","EZH2"
"KIF18B",0,5.479683312215,0.539,0.019,0,"1","KIF18B"
"CENPK",0,3.9063043588571,0.568,0.048,0,"1","CENPK"
"SYNE2",0,2.50326336295416,0.743,0.225,0,"1","SYNE2"
"MKI67",0,5.44577297236044,0.532,0.015,0,"1","MKI67"
"GTSE1",0,5.33870858714154,0.531,0.018,0,"1","GTSE1"
"DTL",0,4.48310538570741,0.539,0.028,0,"1","DTL"
"RFC3",0,2.42133566005934,0.804,0.294,0,"1","RFC3"
"CIT",0,3.47675180887208,0.611,0.104,0,"1","CIT"
"APOLD1",0,4.33655726896115,0.568,0.064,0,"1","APOLD1"
"HELLS",0,2.76096377499953,0.665,0.163,0,"1","HELLS"
"FANCI",0,3.76362325781472,0.551,0.055,0,"1","FANCI"
"TMPO",0,2.69674684453727,0.656,0.16,0,"1","TMPO"
"MMS22L",0,2.68900730853335,0.663,0.168,0,"1","MMS22L"
"MELK",0,4.8951521537025,0.517,0.023,0,"1","MELK"
"POLQ",0,3.8529401985799,0.541,0.053,0,"1","POLQ"
"NUF2",0,3.02178985587035,0.584,0.101,0,"1","NUF2"
"CEP128",0,2.62192705066421,0.652,0.176,0,"1","CEP128"
"NCAPG",0,4.67375130114381,0.492,0.025,0,"1","NCAPG"
"KNL1",0,4.73764063196731,0.492,0.026,0,"1","KNL1"
"CIP2A",0,3.49852376462061,0.527,0.064,0,"1","CIP2A"
"NUSAP1",0,4.80417106656443,0.489,0.026,0,"1","NUSAP1"
"MIS18BP1",0,2.7605039800934,0.583,0.123,0,"1","MIS18BP1"
"FANCA",0,3.05256961710642,0.546,0.09,0,"1","FANCA"
"KIF15",0,4.51434078876149,0.483,0.028,0,"1","KIF15"
"C21orf58",0,3.39827798127448,0.537,0.083,0,"1","C21orf58"
"AP001347.1",0,2.60519418888665,0.595,0.147,0,"1","AP001347.1"
"AURKB",0,6.61596742214529,0.45,0.006,0,"1","AURKB"
"NCAPG2",0,3.0097550440938,0.544,0.103,0,"1","NCAPG2"
"KIF20B",0,3.38847689733969,0.494,0.065,0,"1","KIF20B"
"CDK1",0,5.87018142645562,0.438,0.01,0,"1","CDK1"
"TPX2",0,5.04279648797976,0.446,0.019,0,"1","TPX2"
"KIF11",0,4.97654493448161,0.437,0.018,0,"1","KIF11"
"ZGRF1",0,2.90195135175807,0.518,0.1,0,"1","ZGRF1"
"RTKN2",0,4.31534651052792,0.448,0.03,0,"1","RTKN2"
"AC011447.3",0,2.33979241948223,0.56,0.146,0,"1","AC011447.3"
"CEP152",0,4.01386390130337,0.449,0.037,0,"1","CEP152"
"PBK",0,5.74668796075628,0.421,0.009,0,"1","PBK"
"CENPP",0,2.07138216949847,0.689,0.278,0,"1","CENPP"
"RACGAP1",0,3.62968659840153,0.461,0.051,0,"1","RACGAP1"
"RAD51AP1",0,4.40277405764716,0.433,0.025,0,"1","RAD51AP1"
"Z94721.1",0,3.77365084463437,0.463,0.058,0,"1","Z94721.1"
"XRCC2",0,3.66344332376228,0.446,0.042,0,"1","XRCC2"
"CLSPN",0,3.73584348054351,0.439,0.037,0,"1","CLSPN"
"CDC25C",0,5.22555432927776,0.417,0.016,0,"1","CDC25C"
"BRCA2",0,4.0006585218137,0.43,0.029,0,"1","BRCA2"
"PARPBP",0,3.9238339184715,0.437,0.037,0,"1","PARPBP"
"AC091057.6",0,4.63318608308618,0.43,0.03,0,"1","AC091057.6"
"NDC80",0,5.47547419517327,0.409,0.011,0,"1","NDC80"
"HMGB2",0,3.73059210333392,0.506,0.109,0,"1","HMGB2"
"DEPDC1B",0,4.00782210062134,0.433,0.037,0,"1","DEPDC1B"
"ECT2",0,4.1472408507936,0.43,0.036,0,"1","ECT2"
"KIF14",0,5.02983006945902,0.412,0.019,0,"1","KIF14"
"CENPU",0,4.02416280910429,0.422,0.029,0,"1","CENPU"
"LMNB1",0,2.67840981350509,0.484,0.092,0,"1","LMNB1"
"BIRC5",0,5.1257966443845,0.401,0.015,0,"1","BIRC5"
"ANLN",0,4.53702116634736,0.402,0.022,0,"1","ANLN"
"ESCO2",0,5.52548652185589,0.389,0.009,0,"1","ESCO2"
"KNTC1",0,2.97378062624674,0.454,0.076,0,"1","KNTC1"
"EXO1",0,4.50628856647851,0.394,0.019,0,"1","EXO1"
"KIFC1",0,5.5984204438632,0.384,0.009,0,"1","KIFC1"
"MYBL2",0,4.47918001961345,0.392,0.019,0,"1","MYBL2"
"MCM10",0,4.42328296224018,0.39,0.019,0,"1","MCM10"
"BLM",0,3.77817018813155,0.406,0.036,0,"1","BLM"
"SMC2",0,2.64597126525472,0.468,0.1,0,"1","SMC2"
"E2F3",0,2.48875397136917,0.483,0.117,0,"1","E2F3"
"DNA2",0,3.08172302151585,0.425,0.062,0,"1","DNA2"
"GEN1",0,2.94822920297783,0.44,0.079,0,"1","GEN1"
"LINC01572",0,2.66253919273848,0.49,0.13,0,"1","LINC01572"
"FBLN1",0,2.13718895625933,0.471,0.113,0,"1","FBLN1"
"BUB1B",0,4.83048981044047,0.37,0.015,0,"1","BUB1B"
"CENPE",0,4.81835982940297,0.371,0.02,0,"1","CENPE"
"VRK1",0,2.53982946038604,0.436,0.085,0,"1","VRK1"
"CHEK1",0,3.05295425888149,0.402,0.054,0,"1","CHEK1"
"TYMS",0,3.73871298485773,0.39,0.047,0,"1","TYMS"
"TACC3",0,4.31933563183298,0.363,0.021,0,"1","TACC3"
"KIF23",0,5.44968365681651,0.35,0.009,0,"1","KIF23"
"MCM3",0,2.8945847987541,0.41,0.071,0,"1","MCM3"
"NCAPD3",0,2.40893917338188,0.43,0.098,0,"1","NCAPD3"
"KIF4A",0,4.10740300154336,0.355,0.024,0,"1","KIF4A"
"ORC6",0,3.68162239223063,0.362,0.031,0,"1","ORC6"
"DBF4",0,2.72450169750328,0.401,0.075,0,"1","DBF4"
"POLE",0,2.74575539614221,0.393,0.067,0,"1","POLE"
"ARHGAP11A",0,4.67814090560939,0.34,0.015,0,"1","ARHGAP11A"
"CHAF1A",0,3.35026241912496,0.358,0.036,0,"1","CHAF1A"
"CDCA7",0,3.91645316064646,0.346,0.024,0,"1","CDCA7"
"CENPJ",0,2.18186914883887,0.42,0.098,0,"1","CENPJ"
"CKAP2",0,2.51197291428081,0.429,0.109,0,"1","CKAP2"
"WDR76",0,2.96789937416039,0.377,0.057,0,"1","WDR76"
"GJC1",0,2.50076552575072,0.387,0.069,0,"1","GJC1"
"ZNF367",0,3.52840794126806,0.352,0.036,0,"1","ZNF367"
"ZNF519",0,2.19211116473258,0.413,0.097,0,"1","ZNF519"
"RRM1",0,2.29724524666206,0.418,0.103,0,"1","RRM1"
"FOXM1",0,3.39993447849533,0.344,0.029,0,"1","FOXM1"
"CEP135",0,2.20615892508504,0.418,0.104,0,"1","CEP135"
"UBE2T",0,3.20387579675379,0.378,0.067,0,"1","UBE2T"
"C2orf48",0,5.88741193891994,0.317,0.007,0,"1","C2orf48"
"KPNA2",0,2.66056172063761,0.457,0.148,0,"1","KPNA2"
"CCDC150",0,2.68982922982496,0.376,0.069,0,"1","CCDC150"
"MXD3",0,2.70064402458468,0.386,0.079,0,"1","MXD3"
"GMNN",0,2.77697578273206,0.376,0.07,0,"1","GMNN"
"NOSTRIN",0,4.37621601320287,0.323,0.02,0,"1","NOSTRIN"
"NCAPD2",0,2.423182765078,0.382,0.079,0,"1","NCAPD2"
"FANCD2",0,3.13661501166904,0.342,0.04,0,"1","FANCD2"
"PRR11",0,4.08892415885883,0.325,0.023,0,"1","PRR11"
"RGS3",0,2.12177791863477,0.458,0.157,0,"1","RGS3"
"NCAPH",0,4.7913338993213,0.312,0.011,0,"1","NCAPH"
"TK1",0,4.83309575097644,0.312,0.012,0,"1","TK1"
"KIF2C",0,4.68426747762431,0.311,0.013,0,"1","KIF2C"
"HIST1H4C",0,3.752671192423,0.451,0.154,0,"1","HIST1H4C"
"CKAP2L",0,5.48339353308627,0.304,0.007,0,"1","CKAP2L"
"IQGAP3",0,5.58482626573163,0.303,0.007,0,"1","IQGAP3"
"TTK",0,5.4407936388711,0.303,0.008,0,"1","TTK"
"DTYMK",0,2.35832146195986,0.391,0.099,0,"1","DTYMK"
"CDCA2",0,5.70813516750234,0.29,0.006,0,"1","CDCA2"
"CDC45",0,4.37227054291566,0.297,0.014,0,"1","CDC45"
"ZWINT",0,4.57215520587401,0.296,0.014,0,"1","ZWINT"
"KIF18A",0,4.73354044479759,0.291,0.012,0,"1","KIF18A"
"E2F1",0,3.9093950876072,0.301,0.022,0,"1","E2F1"
"WEE1",0,2.4478967622456,0.338,0.061,0,"1","WEE1"
"MAD2L1",0,4.23903883515568,0.301,0.024,0,"1","MAD2L1"
"LIG1",0,2.43237538599569,0.34,0.066,0,"1","LIG1"
"ZNF730",0,2.09592192150849,0.37,0.098,0,"1","ZNF730"
"STIL",0,3.52706440888567,0.3,0.029,0,"1","STIL"
"CENPO",0,2.71980024505327,0.32,0.05,0,"1","CENPO"
"MND1",0,2.52837365372264,0.32,0.051,0,"1","MND1"
"KIF22",0,2.52173112794775,0.337,0.068,0,"1","KIF22"
"CDCA5",0,4.49769034794696,0.28,0.012,0,"1","CDCA5"
"CENPI",0,4.23194754790376,0.286,0.019,0,"1","CENPI"
"TTF2",0,2.46863967896227,0.335,0.069,0,"1","TTF2"
"POLA2",0,2.95145604184854,0.308,0.042,0,"1","POLA2"
"SPC24",0,4.34098077996463,0.281,0.015,0,"1","SPC24"
"FBXO5",0,4.30971015155672,0.284,0.018,0,"1","FBXO5"
"UBE2C",0,5.39132659948376,0.278,0.013,0,"1","UBE2C"
"GAS2L3",0,4.04399110845871,0.289,0.024,0,"1","GAS2L3"
"WDHD1",0,2.20096771850776,0.344,0.081,0,"1","WDHD1"
"SGO1",0,4.69639905980193,0.272,0.01,0,"1","SGO1"
"SGO2",0,3.73672608711916,0.291,0.029,0,"1","SGO2"
"HJURP",0,5.97865004763324,0.265,0.004,0,"1","HJURP"
"TUBA1B",0,2.034007826983,0.598,0.337,0,"1","TUBA1B"
"DLGAP5",0,5.37474894812837,0.266,0.006,0,"1","DLGAP5"
"DSCC1",0,3.89509077331866,0.277,0.019,0,"1","DSCC1"
"NEMP1",0,2.47996293065101,0.316,0.059,0,"1","NEMP1"
"UHRF1",0,3.83589436436988,0.274,0.018,0,"1","UHRF1"
"BUB1",0,5.77195155424198,0.261,0.006,0,"1","BUB1"
"TROAP",0,5.82921820193011,0.261,0.006,0,"1","TROAP"
"SKA3",0,4.15043355949445,0.268,0.013,0,"1","SKA3"
"BARD1",0,3.0987496123351,0.29,0.036,0,"1","BARD1"
"MCM6",0,2.88698340741938,0.298,0.045,0,"1","MCM6"
"CENPH",0,3.18683215928236,0.287,0.034,0,"1","CENPH"
"PCNA",0,3.2060408313646,0.311,0.059,0,"1","PCNA"
"GINS1",0,3.11805776588322,0.283,0.032,0,"1","GINS1"
"MCM8",0,2.43595428635293,0.313,0.063,0,"1","MCM8"
"WDR62",0,3.82929072954466,0.27,0.02,0,"1","WDR62"
"NEIL3",0,5.93212932102567,0.252,0.005,0,"1","NEIL3"
"AC008543.1",0,2.47936768736911,0.302,0.056,0,"1","AC008543.1"
"DSN1",0,2.97071137959447,0.281,0.038,0,"1","DSN1"
"PTTG1",0,4.76224353845923,0.259,0.016,0,"1","PTTG1"
"MASTL",0,2.66314251327294,0.288,0.045,0,"1","MASTL"
"CKS2",0,3.62739683667439,0.283,0.04,0,"1","CKS2"
"CCNB1",0,4.63497304456834,0.258,0.016,0,"1","CCNB1"
"RFWD3",0,2.33756899774728,0.308,0.066,0,"1","RFWD3"
"USP1",0,2.07968214770466,0.331,0.091,0,"1","USP1"
"PRC1",0,4.06589001181435,0.259,0.019,0,"1","PRC1"
"ESPL1",0,4.85141675379528,0.247,0.009,0,"1","ESPL1"
"H2AFX",0,3.52081376388026,0.272,0.035,0,"1","H2AFX"
"ANP32E",0,2.4678210718626,0.319,0.082,0,"1","ANP32E"
"GGH",0,2.2534328874954,0.3,0.063,0,"1","GGH"
"GINS2",0,3.2115335396683,0.268,0.033,0,"1","GINS2"
"DDX11",0,2.05295255694656,0.31,0.075,0,"1","DDX11"
"MCM4",0,2.13700242908016,0.301,0.069,0,"1","MCM4"
"FANCB",0,3.80739891519047,0.248,0.018,0,"1","FANCB"
"ZNF732",0,3.69664753964758,0.248,0.019,0,"1","ZNF732"
"CENPM",0,3.74996792353227,0.249,0.021,0,"1","CENPM"
"ENDOG",0,3.6881004377877,0.255,0.031,0,"1","ENDOG"
"AC016205.1",0,3.4752858821382,0.283,0.061,0,"1","AC016205.1"
"TBC1D31",0,2.19712401049471,0.293,0.072,0,"1","TBC1D31"
"PLK4",0,3.63865351332966,0.234,0.017,0,"1","PLK4"
"CDKN3",0,3.87109248525088,0.236,0.019,0,"1","CDKN3"
"PKMYT1",0,4.80750840385681,0.226,0.009,0,"1","PKMYT1"
"FAM111B",0,5.0707108963156,0.223,0.007,0,"1","FAM111B"
"CHEK2",0,3.27191292910292,0.241,0.025,0,"1","CHEK2"
"TICRR",0,3.63000599854754,0.234,0.02,0,"1","TICRR"
"PIMREG",0,5.5857570740745,0.218,0.005,0,"1","PIMREG"
"CCNF",0,2.08981961593269,0.281,0.07,0,"1","CCNF"
"CDCA8",0,2.38591754048391,0.253,0.042,0,"1","CDCA8"
"CKS1B",0,2.99487712744016,0.284,0.075,0,"1","CKS1B"
"RFC4",0,2.30018070543953,0.261,0.054,0,"1","RFC4"
"MCM5",0,2.74933086822838,0.248,0.041,0,"1","MCM5"
"AC073529.1",0,2.49000083587785,0.271,0.065,0,"1","AC073529.1"
"CCNA2",0,3.71914672831307,0.22,0.016,0,"1","CCNA2"
"KNSTRN",0,2.61649639063442,0.249,0.046,0,"1","KNSTRN"
"RFC5",0,2.1948386131891,0.252,0.051,0,"1","RFC5"
"UBE2S",0,2.26454406020516,0.334,0.133,0,"1","UBE2S"
"SPDL1",0,2.00386587545857,0.272,0.072,0,"1","SPDL1"
"CEP55",0,4.95751392047455,0.204,0.006,0,"1","CEP55"
"AC079594.2",0,3.15856232240638,0.223,0.027,0,"1","AC079594.2"
"SHCBP1",0,4.49708260662104,0.205,0.009,0,"1","SHCBP1"
"CCNB2",0,4.39121736605524,0.208,0.013,0,"1","CCNB2"
"DEPDC1",0,5.02993446106025,0.199,0.006,0,"1","DEPDC1"
"TIMELESS",0,2.67874224732478,0.223,0.032,0,"1","TIMELESS"
"PHF19",0,2.28048434416715,0.242,0.052,0,"1","PHF19"
"WDR34",0,2.27668533045937,0.252,0.064,0,"1","WDR34"
"TMEM97",0,2.17497354129524,0.256,0.068,0,"1","TMEM97"
"CDC6",0,3.91754453022601,0.201,0.013,0,"1","CDC6"
"FANCD2OS",0,3.66535875244617,0.203,0.018,0,"1","FANCD2OS"
"ASF1B",0,3.90396976409552,0.196,0.011,0,"1","ASF1B"
"CDT1",0,3.44079112797349,0.204,0.02,0,"1","CDT1"
"ZNF66",0,2.05226976742735,0.242,0.058,0,"1","ZNF66"
"TMSB15A",0,2.09859254664827,0.26,0.079,0,"1","TMSB15A"
"CDKN2C",0,2.23396530635417,0.245,0.065,0,"1","CDKN2C"
"CDCA4",0,3.00233100811635,0.204,0.024,0,"1","CDCA4"
"INCENP",0,3.33012241462706,0.201,0.023,0,"1","INCENP"
"RAD54B",0,3.06781526640528,0.2,0.023,0,"1","RAD54B"
"CENPA",0,2.72169162934778,0.209,0.032,0,"1","CENPA"
"KIF24",0,4.23365607813919,0.186,0.01,0,"1","KIF24"
"TCF19",0,4.13874430157197,0.187,0.012,0,"1","TCF19"
"NDE1",0,3.3472309062734,0.196,0.022,0,"1","NDE1"
"MYBL1",0,3.60817421583636,0.189,0.015,0,"1","MYBL1"
"FBXO43",0,4.22867997433643,0.184,0.01,0,"1","FBXO43"
"CENPN",0,3.69086467478638,0.187,0.014,0,"1","CENPN"
"PIF1",0,4.17614616213468,0.189,0.017,0,"1","PIF1"
"AC004158.1",0,2.27900733833959,0.218,0.046,0,"1","AC004158.1"
"HMMR",0,4.24121525896071,0.18,0.01,0,"1","HMMR"
"AF233439.1",0,3.6742737034693,0.187,0.017,0,"1","AF233439.1"
"HAUS8",0,2.87201380409514,0.191,0.022,0,"1","HAUS8"
"CENPW",0,3.29093426044518,0.194,0.026,0,"1","CENPW"
"FOXN4",0,4.84479145081645,0.175,0.007,0,"1","FOXN4"
"RAD54L",0,3.23451359988831,0.184,0.017,0,"1","RAD54L"
"AURKA",0,4.04585496931738,0.179,0.012,0,"1","AURKA"
"C19orf48",0,2.07198203919463,0.217,0.05,0,"1","C19orf48"
"POC1A",0,2.41735045844473,0.196,0.03,0,"1","POC1A"
"MCM2",0,3.01070685413295,0.188,0.022,0,"1","MCM2"
"CCDC34",0,2.08174415289123,0.224,0.059,0,"1","CCDC34"
"SKA1",0,5.23726948509125,0.168,0.004,0,"1","SKA1"
"NUDT1",0,2.25326321441384,0.22,0.058,0,"1","NUDT1"
"RECQL4",0,2.86738790852724,0.185,0.023,0,"1","RECQL4"
"E2F7",0,4.75315598461794,0.168,0.006,0,"1","E2F7"
"HMGB3",0,2.68573668073182,0.192,0.033,0,"1","HMGB3"
"FAM83D",0,4.71754521093562,0.165,0.006,0,"1","FAM83D"
"C5orf34",0,2.14496888783905,0.2,0.042,0,"1","C5orf34"
"AC104073.4",0,3.92182043897467,0.167,0.011,0,"1","AC104073.4"
"PHGDH",0,2.42914548391365,0.189,0.034,0,"1","PHGDH"
"CSRP2",0,2.1417060038088,0.194,0.039,0,"1","CSRP2"
"PCLAF",0,4.46458076089184,0.167,0.013,0,"1","PCLAF"
"TRIP13",0,2.63150738885143,0.169,0.022,0,"1","TRIP13"
"RRM2",0,5.96672256862814,0.149,0.004,0,"1","RRM2"
"KIF20A",0,5.57554715675852,0.145,0.002,0,"1","KIF20A"
"BORA",0,2.30008585347466,0.178,0.036,0,"1","BORA"
"C18orf54",0,2.29779793554561,0.173,0.031,0,"1","C18orf54"
"LINC01224",0,3.05439065492685,0.154,0.015,0,"1","LINC01224"
"E2F2",0,5.25040568967887,0.141,0.003,0,"1","E2F2"
"PLK1",0,3.81547243964081,0.15,0.012,0,"1","PLK1"
"PRC1-AS1",0,2.69539645618426,0.163,0.027,0,"1","PRC1-AS1"
"ZNF726",0,2.52167305512002,0.16,0.025,0,"1","ZNF726"
"LRR1",0,2.77240873817095,0.154,0.02,0,"1","LRR1"
"CHAF1B",0,2.43145949951798,0.16,0.026,0,"1","CHAF1B"
"GLRA2",0,2.07974674803499,0.174,0.041,0,"1","GLRA2"
"TRAIP",0,2.8627355848888,0.149,0.017,0,"1","TRAIP"
"REXO5",0,2.21253142046627,0.167,0.035,0,"1","REXO5"
"NMU",0,3.97653682451866,0.138,0.009,0,"1","NMU"
"PSRC1",0,3.00751358361491,0.144,0.016,0,"1","PSRC1"
"CENPL",0,2.35422870765209,0.154,0.028,0,"1","CENPL"
"HIST1H1C",0,2.42961040147978,0.159,0.034,0,"1","HIST1H1C"
"TONSL",0,2.2854694326078,0.155,0.03,0,"1","TONSL"
"CCDC15",0,2.60937358322501,0.146,0.022,0,"1","CCDC15"
"CDCA3",0,3.56911844331936,0.134,0.011,0,"1","CDCA3"
"CLBA1",0,2.06673424589294,0.172,0.049,0,"1","CLBA1"
"C4orf46",0,2.18551365890066,0.148,0.026,0,"1","C4orf46"
"CDC20",0,4.94407758971222,0.126,0.005,0,"1","CDC20"
"AC027627.1",0,4.69528846118189,0.126,0.005,0,"1","AC027627.1"
"PXMP2",0,2.26345142219302,0.165,0.045,0,"1","PXMP2"
"NEK2",0,4.99119994848639,0.123,0.003,0,"1","NEK2"
"CDC25A",0,3.02826809223551,0.132,0.013,0,"1","CDC25A"
"AC011503.1",0,2.21417052821146,0.151,0.032,0,"1","AC011503.1"
"SAPCD2",0,4.34233447123417,0.118,0.005,0,"1","SAPCD2"
"TEDC2",0,2.18266158604884,0.137,0.025,0,"1","TEDC2"
"HIST1H1D",0,3.64828286026505,0.123,0.011,0,"1","HIST1H1D"
"AC099850.2",0,3.81372342244698,0.117,0.008,0,"1","AC099850.2"
"FEN1",0,3.40108325274456,0.126,0.017,0,"1","FEN1"
"EME1",0,3.71511030885638,0.113,0.007,0,"1","EME1"
"CHTF18",0,2.02872527508248,0.132,0.027,0,"1","CHTF18"
"AC007240.1",0,5.06656887594308,0.106,0.003,0,"1","AC007240.1"
"STK17B",0,2.12762801151784,0.13,0.031,0,"1","STK17B"
"HIST1H1B",0,5.45348024358952,0.1,0.002,0,"1","HIST1H1B"
"XRCC3",0,2.44473861195455,0.117,0.019,0,"1","XRCC3"
"SPAG5",0,5.39920322733178,0.1,0.003,0,"1","SPAG5"
"GINS4",0,2.68460742782727,0.11,0.015,0,"1","GINS4"
"POLD1",0,2.41529303976451,0.112,0.017,0,"1","POLD1"
"ZNF492",0,3.14720488321833,0.104,0.01,0,"1","ZNF492"
"HIST2H2AC",0,3.27215449469995,0.105,0.012,0,"1","HIST2H2AC"
"DDIAS",0,3.30221855588724,0.101,0.008,0,"1","DDIAS"
"AC093249.2",0,2.01809988262632,0.122,0.03,0,"1","AC093249.2"
"ADAMTS3",0,2.12384679425308,0.127,0.035,0,"1","ADAMTS3"
"AC092422.1",0,2.67786055028955,0.106,0.016,0,"1","AC092422.1"
"E2F8",0,4.80425647323068,0.092,0.003,0,"1","E2F8"
"ZNF257",0,2.41953681931938,0.106,0.017,0,"1","ZNF257"
"CDK2",0,3.12425440823148,0.095,0.009,0,"1","CDK2"
"HIST1H1E",0,2.32153718675272,0.103,0.019,0,"1","HIST1H1E"
"RHNO1",0,2.28554649048161,0.103,0.019,0,"1","RHNO1"
"ORC1",0,2.41729389983726,0.095,0.015,0,"1","ORC1"
"ID1",0,2.25652136494209,0.098,0.018,0,"1","ID1"
"DIAPH3-AS1",0,4.22091082182388,0.084,0.004,0,"1","DIAPH3-AS1"
"MYB",0,3.19489157616397,0.088,0.008,0,"1","MYB"
"ARL6IP1",0,2.03860270085329,0.157,0.079,0,"1","ARL6IP1"
"RDM1",0,3.11197838805313,0.086,0.008,0,"1","RDM1"
"FAM110A",0,2.51663826411347,0.092,0.015,0,"1","FAM110A"
"CDCA7L",0,3.11865722635613,0.084,0.008,0,"1","CDCA7L"
"LIPI",0,2.10609286393365,0.097,0.022,0,"1","LIPI"
"FAM111A",0,4.13679893755314,0.081,0.006,0,"1","FAM111A"
"TEX15",0,2.17510300544884,0.091,0.018,0,"1","TEX15"
"HIST1H3B",0,5.31838102782929,0.072,0.001,0,"1","HIST1H3B"
"LINC01916",0,2.20455336549178,0.086,0.017,0,"1","LINC01916"
"HIST1H2BH",0,4.20318770354406,0.071,0.003,0,"1","HIST1H2BH"
"AC097534.1",0,2.18475152820745,0.083,0.017,0,"1","AC097534.1"
"EMP2",0,2.02004431361844,0.082,0.016,0,"1","EMP2"
"DMC1",0,2.20554172605082,0.083,0.017,0,"1","DMC1"
"DIAPH3-AS2",0,4.77319293960145,0.068,0.002,0,"1","DIAPH3-AS2"
"XKR5",0,3.12533828115666,0.072,0.008,0,"1","XKR5"
"TEDC1",0,2.53080279163697,0.076,0.012,0,"1","TEDC1"
"ITPRIPL1",0,2.18010803584147,0.076,0.013,0,"1","ITPRIPL1"
"ARHGEF39",0,3.04004473560971,0.068,0.006,0,"1","ARHGEF39"
"MYH11",0,2.30717680086595,0.077,0.015,0,"1","MYH11"
"TNFRSF13C",0,3.34607274077506,0.067,0.006,0,"1","TNFRSF13C"
"CTSC",0,2.03984631069393,0.072,0.012,0,"1","CTSC"
"MTFR2",0,3.08407936082795,0.065,0.006,0,"1","MTFR2"
"REEP4",0,2.04269984741203,0.07,0.014,0,"1","REEP4"
"TRIM59",0,2.27314620048446,0.062,0.009,0,"1","TRIM59"
"MFGE8",0,2.68227513548515,0.058,0.006,0,"1","MFGE8"
"AC090159.1",0,4.34568830524205,0.054,0.002,0,"1","AC090159.1"
"CU638689.5",0,2.37624244218627,0.062,0.01,0,"1","CU638689.5"
"KRBOX1",0,2.36015102564517,0.058,0.007,0,"1","KRBOX1"
"ZNF530",0,2.12184311944773,0.063,0.012,0,"1","ZNF530"
"HIST1H2AG",0,4.24135623840428,0.054,0.003,0,"1","HIST1H2AG"
"ATP2A1-AS1",0,2.5117558662114,0.059,0.008,0,"1","ATP2A1-AS1"
"ZNF724",0,2.71041423755716,0.056,0.006,0,"1","ZNF724"
"RNASEH2A",0,2.71168849533222,0.053,0.006,0,"1","RNASEH2A"
"COL9A1",0,2.1442502199404,0.054,0.009,0,"1","COL9A1"
"RIBC2",0,2.88633632134207,0.048,0.007,0,"1","RIBC2"
"AC020908.1",0,2.7497309689751,0.048,0.007,0,"1","AC020908.1"
"HIST1H3G",0,5.87146085839868,0.039,0,0,"1","HIST1H3G"
"CCNA1",0,2.119958453195,0.053,0.014,0,"1","CCNA1"
"AL035461.2",0,2.56916000132688,0.043,0.006,0,"1","AL035461.2"
"BUB1B-PAK6",0,3.12014432151578,0.04,0.004,0,"1","BUB1B-PAK6"
"AC087632.1",0,4.28728796993167,0.038,0.002,0,"1","AC087632.1"
"AC026333.4",0,2.57306644060823,0.041,0.006,0,"1","AC026333.4"
"AC130324.3",0,2.28258084419797,0.041,0.007,0,"1","AC130324.3"
"NRGN",0,3.10054833651019,0.037,0.003,0,"1","NRGN"
"FZD2",0,2.530626816919,0.037,0.004,0,"1","FZD2"
"FAM72D",0,4.08541022795984,0.032,0.001,0,"1","FAM72D"
"ZNF695",0,3.37213594926505,0.033,0.002,0,"1","ZNF695"
"AL606468.1",0,3.73420401430601,0.033,0.002,0,"1","AL606468.1"
"HIST1H1A",0,4.88923690960383,0.032,0.002,0,"1","HIST1H1A"
"TERT",0,2.07640821962266,0.037,0.008,0,"1","TERT"
"HPDL",0,2.54370175157192,0.032,0.004,0,"1","HPDL"
"LINC01337",0,3.13432133389317,0.031,0.003,0,"1","LINC01337"
"NT5DC4",0,4.68178327521915,0.029,0.001,0,"1","NT5DC4"
"AC011139.1",0,3.70582280790005,0.029,0.002,0,"1","AC011139.1"
"HIST1H3F",0,4.89342819362389,0.028,0.001,0,"1","HIST1H3F"
"HIST1H2AL",0,7.45765593938735,0.027,0,0,"1","HIST1H2AL"
"LINC02367",0,2.8318834580349,0.032,0.005,0,"1","LINC02367"
"ARHGAP11B",0,4.16226260616957,0.028,0.001,0,"1","ARHGAP11B"
"AP000251.1",0,2.12031005615207,0.032,0.005,0,"1","AP000251.1"
"PKN3",0,2.15920561315496,0.031,0.005,0,"1","PKN3"
"ACBD7",0,2.9156431661001,0.028,0.003,0,"1","ACBD7"
"HIST1H2AH",0,4.85696995249865,0.026,0.001,0,"1","HIST1H2AH"
"AC026401.3",0,4.78604010182888,0.026,0.001,0,"1","AC026401.3"
"HASPIN",0,4.95989257870141,0.026,0.001,0,"1","HASPIN"
"TGIF2",0,2.17423168200492,0.03,0.005,0,"1","TGIF2"
"FAM72C",0,4.8171562661738,0.025,0.001,0,"1","FAM72C"
"SLFN11",0,2.49325082856767,0.029,0.005,0,"1","SLFN11"
"FAM72B",0,3.99556117894074,0.024,0.001,0,"1","FAM72B"
"HIST1H3C",0,5.47381070213206,0.022,0,0,"1","HIST1H3C"
"AL133215.2",0,3.8027788544513,0.024,0.002,0,"1","AL133215.2"
"HIST1H4D",0,2.80391321855861,0.023,0.002,0,"1","HIST1H4D"
"ARHGAP19",0,3.32719360816689,0.023,0.002,0,"1","ARHGAP19"
"HIST1H2AB",0,3.9800905588347,0.021,0.001,0,"1","HIST1H2AB"
"HIST1H4I",0,2.84143409252747,0.022,0.002,0,"1","HIST1H4I"
"CU634019.6",0,2.84091893611487,0.02,0.002,0,"1","CU634019.6"
"ITM2A",0,2.6850842642363,0.019,0.002,0,"1","ITM2A"
"RAD51",0,3.9670754838763,0.018,0.001,0,"1","RAD51"
"FAM72A",0,3.43678640204736,0.015,0.001,0,"1","FAM72A"
"HIST1H2AJ",0,5.08665272859132,0.013,0,0,"1","HIST1H2AJ"
"HIST1H2AM",0,5.22462084801769,0.013,0,0,"1","HIST1H2AM"
"HIST1H2BL",0,4.36455249553221,0.012,0,0,"1","HIST1H2BL"
"AL138789.1",0,4.33983635282281,0.013,0.001,0,"1","AL138789.1"
"HIST1H2BM",0,4.16338305324788,0.011,0,0,"1","HIST1H2BM"
"HIST1H2BB",0,4.92962612439989,0.01,0,0,"1","HIST1H2BB"
"AC025176.1",0,3.81392677550206,0.011,0.001,0,"1","AC025176.1"
"MYLK2",1.5108220850167e-303,3.76185275705215,0.01,0.001,4.9307189566605e-299,"1","MYLK2"
"CU638689.4",2.71672958650105e-299,2.37279726859258,0.022,0.003,8.86631867850481e-295,"1","CU638689.4"
"HIST1H3I",2.97341086681035e-278,3.70287698464024,0.01,0.001,9.70402370492225e-274,"1","HIST1H3I"
"AC008750.7",2.62494261303014e-276,3.90049988185469,0.01,0.001,8.56676271188517e-272,"1","AC008750.7"
"HIST2H2AB",4.3131981315472e-264,3.26520699078402,0.01,0.001,1.40765534221175e-259,"1","HIST2H2AB"
"AC005394.1",4.15239483100374e-261,2.45449256377196,0.022,0.004,1.35517557704638e-256,"1","AC005394.1"
"LINC01965",6.0128178751982e-261,2.20312559338475,0.041,0.011,1.96234324174968e-256,"1","LINC01965"
"HIST1H2BF",5.20232616594828e-241,2.03256174625133,0.02,0.003,1.69783116751888e-236,"1","HIST1H2BF"
"AL023803.2",1.07516702511928e-239,2.88367848403294,0.01,0.001,3.50891510317928e-235,"1","AL023803.2"
"SLC7A3",4.1524572658498e-229,2.324443486063,0.02,0.003,1.35519595328274e-224,"1","SLC7A3"
"HIST1H2BK",5.88803741140679e-221,3.20781541713824,0.011,0.001,1.92161988958672e-216,"1","HIST1H2BK"
"AC002563.1",2.04934897320882e-217,2.69730109758862,0.015,0.002,6.6882553089643e-213,"1","AC002563.1"
"AF001548.2",3.00884330167186e-212,2.40861736720835,0.013,0.002,9.81966099933629e-208,"1","AF001548.2"
"AC012073.1",6.90452679021605e-211,2.80911688011491,0.012,0.001,2.25336136325491e-206,"1","AC012073.1"
"GSC",3.31438402202514e-203,2.02968510401055,0.014,0.002,1.08168236942813e-198,"1","GSC"
"AC091133.2",1.26017036543883e-196,2.2900068039465,0.012,0.001,4.11269200464617e-192,"1","AC091133.2"
"DSC3",4.31244550568905e-183,2.1688042509975,0.016,0.003,1.40740971523668e-178,"1","DSC3"
"HIST1H3A",8.90296976231921e-174,2.81764309883986,0.01,0.001,2.9055732116305e-169,"1","HIST1H3A"
"AP001775.2",2.55547252666922e-173,2.11422336208888,0.017,0.003,8.34004013803766e-169,"1","AP001775.2"
"ZNF723",8.58301809393449e-160,2.09707483085323,0.015,0.003,2.80115378513646e-155,"1","ZNF723"
"MSH5",6.91304273565623e-156,2.63185144301584,0.01,0.001,2.25614062720877e-151,"1","MSH5"
"RASIP1",3.52924587124168e-151,2.02400490875176,0.025,0.007,1.15180468253843e-146,"1","RASIP1"
"DERL3",2.99513799781641e-131,2.33031052510713,0.012,0.002,9.77493236967364e-127,"1","DERL3"
"NEFL",0,2.41110078933791,0.451,0.181,0,"10","NEFL"
"SPOCK2",0,2.09418954190193,0.367,0.164,0,"10","SPOCK2"
"THY1",0,2.80002719014225,0.317,0.123,0,"10","THY1"
"SYNGR3",0,2.05339382692207,0.265,0.116,0,"10","SYNGR3"
"ADCYAP1",0,2.4284767307118,0.284,0.144,0,"10","ADCYAP1"
"DHCR24",0,2.22016095762652,0.232,0.094,0,"10","DHCR24"
"AC008440.2",0,2.09814810605215,0.236,0.102,0,"10","AC008440.2"
"SCD",0,2.10951123652184,0.233,0.103,0,"10","SCD"
"PCSK1",0,2.1316704876781,0.201,0.082,0,"10","PCSK1"
"VGF",0,2.43480487653354,0.233,0.12,0,"10","VGF"
"INSIG1",0,2.05044126038583,0.181,0.076,0,"10","INSIG1"
"LGI3",0,2.11096141295338,0.148,0.049,0,"10","LGI3"
"NBL1",0,2.40338936520159,0.138,0.04,0,"10","NBL1"
"SPRYD3",0,2.01976510565516,0.145,0.051,0,"10","SPRYD3"
"STOM",0,2.08912489213381,0.137,0.052,0,"10","STOM"
"AC093503.2",0,2.15350875541359,0.106,0.032,0,"10","AC093503.2"
"S100B",0,2.22498925752159,0.092,0.025,0,"10","S100B"
"AHNAK2",0,2.04156116814191,0.099,0.035,0,"10","AHNAK2"
"VIP",0,3.48474974618614,0.088,0.026,0,"10","VIP"
"GPX3",0,2.24056470250512,0.094,0.034,0,"10","GPX3"
"NGFR",0,2.70693145189626,0.089,0.03,0,"10","NGFR"
"GABRQ",0,2.40918432584936,0.087,0.035,0,"10","GABRQ"
"DIRAS3",0,2.05195569204753,0.072,0.023,0,"10","DIRAS3"
"SPP1",0,2.33973378707454,0.07,0.024,0,"10","SPP1"
"PTGES",0,2.37939596937516,0.061,0.016,0,"10","PTGES"
"SCN2B",0,2.27695255039796,0.048,0.012,0,"10","SCN2B"
"TPBGL",0,2.21628502863661,0.045,0.01,0,"10","TPBGL"
"NAP1L2",0,2.08599599962494,0.042,0.01,0,"10","NAP1L2"
"NPR1",1.24653968274926e-281,2.36443664142145,0.021,0.004,4.0682069086205e-277,"10","NPR1"
"APOL1",7.90222982571828e-269,2.23679951154157,0.034,0.009,2.57897172592142e-264,"10","APOL1"
"CRH",1.15486183174211e-268,2.58112869687996,0.062,0.023,3.76900707407356e-264,"10","CRH"
"AC008852.1",1.72519912991549e-267,2.00594640668404,0.064,0.024,5.63035988039219e-263,"10","AC008852.1"
"GPNMB",1.13954301961201e-259,2.34238390856824,0.057,0.02,3.71901259880576e-255,"10","GPNMB"
"PTGS1",1.35181193986215e-226,2.14771211736025,0.034,0.01,4.4117734469341e-222,"10","PTGS1"
"NGB",2.1923577260516e-219,2.11818762794256,0.034,0.01,7.15497867474199e-215,"10","NGB"
"CALCA",2.07460328604274e-173,3.24971619073133,0.031,0.01,6.77067528432909e-169,"10","CALCA"
"AC008897.3",4.66081354201391e-172,2.04367634796899,0.015,0.003,1.52110310757166e-167,"10","AC008897.3"
"TMEM255B",1.705040474538e-162,2.29160102849283,0.032,0.011,5.56457009270223e-158,"10","TMEM255B"
"CCK",2.84329199783093e-147,2.34142803982354,0.015,0.003,9.27936776412101e-143,"10","CCK"
"BARHL1",1.63340340484807e-145,2.14431355775367,0.013,0.002,5.33077535206215e-141,"10","BARHL1"
"PTGDS",2.7617667866418e-144,3.0300566576019,0.01,0.002,9.01330208488419e-140,"10","PTGDS"
"MT3",3.19642847363376e-135,2.8949074592794,0.011,0.002,1.04318639665511e-130,"10","MT3"
"ADRA2A",2.08100947358263e-133,2.0687027880928,0.03,0.011,6.79158251798428e-129,"10","ADRA2A"
"SUSD2",9.73369172425583e-130,2.12510597328984,0.015,0.003,3.17668763112813e-125,"10","SUSD2"
"ADRA2C",1.3209815392262e-115,2.08739061364187,0.019,0.006,4.31115535141862e-111,"10","ADRA2C"
"LINGO4",9.94586350021312e-114,2.16516367669701,0.016,0.004,3.24593201192955e-109,"10","LINGO4"
"RPL18A",0,2.25926630661685,0.551,0.14,0,"11","RPL18A"
"RPL26",0,2.04667413596108,0.536,0.127,0,"11","RPL26"
"RPS3A",0,2.10478941800835,0.609,0.203,0,"11","RPS3A"
"RPL9",0,2.17861456053828,0.563,0.157,0,"11","RPL9"
"RPL39",0,2.14487783055471,0.542,0.141,0,"11","RPL39"
"NPM1",0,2.50828727592834,0.634,0.241,0,"11","NPM1"
"RPS21",0,2.10898694646657,0.578,0.197,0,"11","RPS21"
"RPL12",0,2.10835858812978,0.563,0.185,0,"11","RPL12"
"RPL32",0,2.02375511299289,0.622,0.249,0,"11","RPL32"
"RPS27",0,2.01354042199938,0.611,0.239,0,"11","RPS27"
"RPS6",0,2.0126204771864,0.643,0.272,0,"11","RPS6"
"RPS15A",0,2.10975008857796,0.574,0.207,0,"11","RPS15A"
"RPS25",0,2.05221555952737,0.585,0.219,0,"11","RPS25"
"RPS18",0,2.02151628349463,0.646,0.284,0,"11","RPS18"
"RPL21",0,2.00679336665203,0.62,0.261,0,"11","RPL21"
"RPS16",0,2.07366337319422,0.602,0.254,0,"11","RPS16"
"RPLP1",0,2.01146217869826,0.63,0.284,0,"11","RPLP1"
"HSPE1",0,2.25313666258636,0.454,0.111,0,"11","HSPE1"
"RPS10",0,2.16343742232439,0.448,0.105,0,"11","RPS10"
"ATP5PO",0,2.01349445932306,0.447,0.107,0,"11","ATP5PO"
"RPL13A",0,2.03056012809846,0.628,0.289,0,"11","RPL13A"
"RPL23A",0,2.01270823128796,0.645,0.308,0,"11","RPL23A"
"PTMA",0,2.19126254481951,0.685,0.36,0,"11","PTMA"
"FOS",0,2.06528773778362,0.477,0.157,0,"11","FOS"
"ODC1",0,2.20419264888116,0.465,0.156,0,"11","ODC1"
"NME1",0,2.51324924618852,0.407,0.1,0,"11","NME1"
"RPL36A",0,2.08105601551135,0.378,0.087,0,"11","RPL36A"
"POLR2J3-ENSG00000285437",0,2.20027648542953,0.374,0.087,0,"11","POLR2J3-ENSG00000285437"
"IER2",0,2.21963808953651,0.405,0.119,0,"11","IER2"
"NOP53",0,2.03247525822107,0.406,0.12,0,"11","NOP53"
"CSNK2B",0,2.04818668889204,0.369,0.089,0,"11","CSNK2B"
"H1F0",0,2.05738371177495,0.426,0.152,0,"11","H1F0"
"HIGD2A",0,2.00641676309476,0.348,0.086,0,"11","HIGD2A"
"RAB5C",0,2.15943239344623,0.333,0.077,0,"11","RAB5C"
"CNPY2",0,2.22018750700097,0.329,0.075,0,"11","CNPY2"
"SMIM26",0,2.11731315029161,0.334,0.08,0,"11","SMIM26"
"PSMA2",0,2.11070650154411,0.317,0.071,0,"11","PSMA2"
"CCDC59",0,2.17846443145701,0.354,0.108,0,"11","CCDC59"
"EIF6",0,2.02348878557633,0.331,0.087,0,"11","EIF6"
"GADD45A",0,2.00536574556346,0.334,0.104,0,"11","GADD45A"
"ARL6IP11",0,2.07804388398464,0.307,0.077,0,"11","ARL6IP1"
"PPP2CA",0,2.29044326064416,0.297,0.068,0,"11","PPP2CA"
"GCSH",0,2.03697024509943,0.302,0.075,0,"11","GCSH"
"KDELR2",0,2.38701465710322,0.288,0.062,0,"11","KDELR2"
"DNAJB1",0,2.05097929369728,0.349,0.125,0,"11","DNAJB1"
"MRPL12",0,2.21855262289483,0.288,0.071,0,"11","MRPL12"
"TAF9",0,2.12321136885604,0.281,0.066,0,"11","TAF9"
"VIM",0,2.32191199554352,0.317,0.103,0,"11","VIM"
"COMMD3",0,2.20893952275411,0.278,0.065,0,"11","COMMD3"
"RPL22L1",0,2.33999872105603,0.273,0.074,0,"11","RPL22L1"
"RPL17",0,2.07871991439673,0.251,0.052,0,"11","RPL17"
"TIA1",0,2.27753076065951,0.25,0.055,0,"11","TIA1"
"TBCC",0,2.13030468339916,0.269,0.076,0,"11","TBCC"
"ZNF830",0,2.10791829709274,0.267,0.074,0,"11","ZNF830"
"NDUFA9",0,2.16021511192652,0.247,0.058,0,"11","NDUFA9"
"SMIM7",0,2.15407815335512,0.249,0.06,0,"11","SMIM7"
"SMARCE1",0,2.01394779208009,0.254,0.067,0,"11","SMARCE1"
"FBL",0,2.00742343999578,0.265,0.079,0,"11","FBL"
"EEF1E1",0,2.41438302979868,0.234,0.049,0,"11","EEF1E1"
"NAA10",0,2.0718929542102,0.243,0.06,0,"11","NAA10"
"IER3IP1",0,2.1638092592565,0.232,0.053,0,"11","IER3IP1"
"BLOC1S6",0,2.15345350903734,0.235,0.059,0,"11","BLOC1S6"
"GOSR2",0,2.34711065731184,0.223,0.048,0,"11","GOSR2"
"CHMP1B",0,2.69915521641022,0.213,0.038,0,"11","CHMP1B"
"MYL12A",0,2.17432077494234,0.232,0.059,0,"11","MYL12A"
"RAMMET",0,2.15700313918586,0.225,0.055,0,"11","RAMMET"
"CKS21",0,2.02872086432843,0.219,0.049,0,"11","CKS2"
"TMX2",0,2.08463048750154,0.222,0.054,0,"11","TMX2"
"CDKN1A",0,2.5324683938465,0.22,0.053,0,"11","CDKN1A"
"TSNAX",0,2.53416308213236,0.206,0.04,0,"11","TSNAX"
"TRIAP1",0,2.22061323067136,0.215,0.052,0,"11","TRIAP1"
"CFAP298",0,2.27152237995552,0.21,0.048,0,"11","CFAP298"
"ARPC4",0,2.20665050181051,0.202,0.044,0,"11","ARPC4"
"LIMD2",0,2.33436277047031,0.202,0.044,0,"11","LIMD2"
"APOPT1",0,2.04055982176877,0.211,0.053,0,"11","APOPT1"
"FIP1L1",0,2.39383694427281,0.199,0.042,0,"11","FIP1L1"
"ID2",0,2.46200129198255,0.215,0.059,0,"11","ID2"
"ZNF580",0,2.0096904937093,0.21,0.055,0,"11","ZNF580"
"ASCL1",0,2.72033817994327,0.192,0.042,0,"11","ASCL1"
"TARDBP",0,2.25464143547551,0.188,0.042,0,"11","TARDBP"
"ZNF655",0,2.39445098145905,0.186,0.041,0,"11","ZNF655"
"ZNF37A",0,2.50533522700168,0.181,0.039,0,"11","ZNF37A"
"NSMCE3",0,2.31384993117761,0.184,0.042,0,"11","NSMCE3"
"PARL",0,2.17387555877528,0.18,0.043,0,"11","PARL"
"FAM215B",0,2.01581994206271,0.185,0.048,0,"11","FAM215B"
"PSMA3-AS1",0,2.18670805027862,0.176,0.04,0,"11","PSMA3-AS1"
"SATB1",0,2.45203172774629,0.169,0.034,0,"11","SATB1"
"HCG18",0,2.24274423661202,0.175,0.041,0,"11","HCG18"
"CRYZL1",0,2.02713739510036,0.177,0.045,0,"11","CRYZL1"
"TMEM256",0,2.01563255874645,0.173,0.042,0,"11","TMEM256"
"UBE2F",0,2.0693567281741,0.171,0.042,0,"11","UBE2F"
"FNIP1",0,2.52757978936045,0.163,0.035,0,"11","FNIP1"
"THAP5",0,2.1885528268714,0.17,0.042,0,"11","THAP5"
"CXCR4",0,2.7660306917757,0.158,0.032,0,"11","CXCR4"
"EMG1",0,2.55574160708229,0.153,0.027,0,"11","EMG1"
"SPTSSA",0,2.19351519942499,0.164,0.038,0,"11","SPTSSA"
"HEXA",0,2.05752836836406,0.167,0.041,0,"11","HEXA"
"DDIT4",0,2.12545647232069,0.167,0.044,0,"11","DDIT4"
"REPIN1",0,2.46996572962074,0.153,0.03,0,"11","REPIN1"
"RBFA",0,2.12247974970153,0.163,0.04,0,"11","RBFA"
"AC060780.1",0,2.04691177610949,0.164,0.042,0,"11","AC060780.1"
"IER5",0,2.81095841788451,0.155,0.035,0,"11","IER5"
"CHMP4A",0,2.06040587489666,0.159,0.039,0,"11","CHMP4A"
"NUP62",0,2.22985475112113,0.154,0.034,0,"11","NUP62"
"SYNJ2BP",0,2.08083570078739,0.159,0.041,0,"11","SYNJ2BP"
"TMEM170A",0,2.15150178861805,0.154,0.037,0,"11","TMEM170A"
"ERV3-1",0,2.36717988829808,0.145,0.029,0,"11","ERV3-1"
"SDHAF2",0,2.06657688167274,0.155,0.04,0,"11","SDHAF2"
"PELO",0,2.31659140852485,0.146,0.033,0,"11","PELO"
"SDHD",0,2.2497583098341,0.146,0.033,0,"11","SDHD"
"EXOSC3",0,2.45301100290323,0.139,0.027,0,"11","EXOSC3"
"ZNF511",0,2.07044147780136,0.149,0.039,0,"11","ZNF511"
"PIGS",0,2.18412809430191,0.143,0.033,0,"11","PIGS"
"STX16",0,2.03303971190509,0.148,0.038,0,"11","STX16"
"LTV1",0,2.183108842572,0.141,0.032,0,"11","LTV1"
"ZHX1",0,2.29793908111289,0.142,0.033,0,"11","ZHX1"
"ZNF664",0,2.24275938017075,0.141,0.034,0,"11","ZNF664"
"PTTG11",0,2.32557269973383,0.132,0.027,0,"11","PTTG1"
"ADSL",0,2.36557631555707,0.132,0.027,0,"11","ADSL"
"RBM7",0,2.39992791597243,0.129,0.025,0,"11","RBM7"
"ABCF2-ENSG00000033050",0,2.53082888117541,0.127,0.024,0,"11","ABCF2-ENSG00000033050"
"TOMM5",0,2.28406006990928,0.13,0.027,0,"11","TOMM5"
"AEN",0,2.08408337875063,0.135,0.033,0,"11","AEN"
"AKT1S1",0,2.29224705361402,0.131,0.029,0,"11","AKT1S1"
"ZNF581",0,2.67907376187274,0.123,0.021,0,"11","ZNF581"
"TMED7",0,2.35006708522796,0.128,0.027,0,"11","TMED7"
"THAP9-AS1",0,2.3802000352607,0.125,0.025,0,"11","THAP9-AS1"
"UBE2W",0,2.14981139655198,0.13,0.031,0,"11","UBE2W"
"TMEM251",0,2.37073459689564,0.127,0.028,0,"11","TMEM251"
"PIGBOS1",0,2.12061914274416,0.131,0.032,0,"11","PIGBOS1"
"MFAP4",0,2.85226115724735,0.124,0.025,0,"11","MFAP4"
"RAB13",0,2.32522521393774,0.122,0.024,0,"11","RAB13"
"TRAPPC2B",0,2.20646946246065,0.126,0.028,0,"11","TRAPPC2B"
"SLC39A3",0,2.09263201704719,0.13,0.033,0,"11","SLC39A3"
"RGS16",0,2.07071438565906,0.129,0.033,0,"11","RGS16"
"GGPS1",0,2.03896253124586,0.128,0.032,0,"11","GGPS1"
"RRP9",0,2.18898401028337,0.122,0.026,0,"11","RRP9"
"MRPS17",0,2.45242515873675,0.115,0.022,0,"11","MRPS17"
"HOXC9",0,2.1774954655986,0.125,0.032,0,"11","HOXC9"
"LINC01089",0,2.07675773925333,0.12,0.029,0,"11","LINC01089"
"DDX19B",0,2.17039403298498,0.119,0.028,0,"11","DDX19B"
"RBM14",0,2.17794212759938,0.116,0.026,0,"11","RBM14"
"NME2",0,2.60810341256067,0.109,0.019,0,"11","NME2"
"MRPL30",0,2.33792512355585,0.112,0.023,0,"11","MRPL30"
"CHERP",0,2.51411020713278,0.108,0.02,0,"11","CHERP"
"DDX39B",0,2.49793099250676,0.109,0.022,0,"11","DDX39B"
"ZNF605",0,2.53098709284684,0.109,0.022,0,"11","ZNF605"
"RRS1",0,2.77382264712086,0.102,0.016,0,"11","RRS1"
"CHML",0,2.68977276027432,0.103,0.018,0,"11","CHML"
"KTI12",0,2.66209503204477,0.101,0.017,0,"11","KTI12"
"TWF2",0,2.05727071075075,0.111,0.027,0,"11","TWF2"
"PEG3",0,2.60503234826368,0.103,0.019,0,"11","PEG3"
"SLC5A3",0,2.26770246959552,0.108,0.024,0,"11","SLC5A3"
"MED7",0,2.04482793663387,0.111,0.028,0,"11","MED7"
"TIMM10B",0,2.12230309200156,0.109,0.026,0,"11","TIMM10B"
"UNC119",0,2.02918537501422,0.111,0.028,0,"11","UNC119"
"ID3",0,2.61221436076534,0.102,0.019,0,"11","ID3"
"ANKRD13B",0,2.25225839801095,0.106,0.023,0,"11","ANKRD13B"
"PPP3R1",0,2.24803329697815,0.106,0.024,0,"11","PPP3R1"
"ID11",0,2.63030675605839,0.101,0.02,0,"11","ID1"
"ZFP91",0,2.39813605083675,0.103,0.023,0,"11","ZFP91"
"TP53I13",0,2.11590508785641,0.101,0.022,0,"11","TP53I13"
"CLN8",0,2.10290418560223,0.106,0.027,0,"11","CLN8"
"INO80C",0,2.38790034761937,0.099,0.02,0,"11","INO80C"
"CTSC1",0,2.84569209457761,0.092,0.014,0,"11","CTSC"
"MTAP",0,2.4634405784093,0.095,0.018,0,"11","MTAP"
"ZNF503",0,2.81716530043992,0.092,0.015,0,"11","ZNF503"
"NPW",0,2.33853681728797,0.096,0.019,0,"11","NPW"
"SERTAD3",0,2.0628646003479,0.099,0.023,0,"11","SERTAD3"
"CLN5",0,2.16829194426574,0.099,0.024,0,"11","CLN5"
"HOXC6",0,2.11226447759068,0.107,0.032,0,"11","HOXC6"
"PPAN",0,2.92842930162853,0.089,0.014,0,"11","PPAN"
"ISY1",0,2.27119557006481,0.096,0.022,0,"11","ISY1"
"HNRNPUL2",0,2.13210574287131,0.097,0.023,0,"11","HNRNPUL2"
"RAB34",0,2.2436151785709,0.092,0.018,0,"11","RAB34"
"YBX3",0,3.48724007757395,0.083,0.01,0,"11","YBX3"
"PIGM",0,2.48571471373965,0.09,0.017,0,"11","PIGM"
"SERPINH1",0,2.68813435147891,0.089,0.016,0,"11","SERPINH1"
"RBM12",0,2.57642202827476,0.09,0.017,0,"11","RBM12"
"HIST1H2BG",0,2.23485783485947,0.095,0.023,0,"11","HIST1H2BG"
"PINX1-ENSG00000254093",0,2.47436654973393,0.089,0.017,0,"11","PINX1-ENSG00000254093"
"PSMD9",0,2.0136626182328,0.095,0.024,0,"11","PSMD9"
"DNAL4",0,2.19296835044787,0.092,0.021,0,"11","DNAL4"
"RBMXL1",0,2.49206476353831,0.086,0.016,0,"11","RBMXL1"
"ZSCAN26",0,2.31006308250964,0.089,0.019,0,"11","ZSCAN26"
"AARSD1",0,2.48408134006118,0.086,0.016,0,"11","AARSD1"
"SYS1",0,2.29140100494744,0.089,0.019,0,"11","SYS1"
"SLC35E1",0,2.42581817794063,0.088,0.018,0,"11","SLC35E1"
"ZNF576",0,2.30988130820868,0.091,0.021,0,"11","ZNF576"
"TEX261",0,2.33828072809631,0.087,0.019,0,"11","TEX261"
"PHOSPHO2",0,2.11702604347837,0.089,0.021,0,"11","PHOSPHO2"
"FLCN",0,2.2801390721377,0.089,0.021,0,"11","FLCN"
"C11orf54",0,2.40528757397499,0.083,0.016,0,"11","C11orf54"
"ZBED1",0,2.37261578823706,0.086,0.019,0,"11","ZBED1"
"PCDHA10",0,2.26868538530749,0.085,0.019,0,"11","PCDHA10"
"ZNF559",0,2.52519160269434,0.08,0.015,0,"11","ZNF559"
"ST20",0,2.1045143299755,0.086,0.022,0,"11","ST20"
"ERF",0,2.5283648511206,0.079,0.015,0,"11","ERF"
"LINC00526",0,2.05811600748697,0.084,0.021,0,"11","LINC00526"
"GEMIN7",0,2.17773765765314,0.082,0.019,0,"11","GEMIN7"
"GTSF1",0,2.31053986923704,0.075,0.014,0,"11","GTSF1"
"SLC35F6",0,2.26336379460271,0.077,0.017,0,"11","SLC35F6"
"MATR3-ENSG00000015479",0,2.59283186203134,0.074,0.014,0,"11","MATR3-ENSG00000015479"
"NGRN",0,2.03562081784676,0.08,0.02,0,"11","NGRN"
"TGIF1",0,2.25096841045425,0.075,0.015,0,"11","TGIF1"
"EMP3",0,3.06093099930669,0.074,0.014,0,"11","EMP3"
"CU638689.51",0,2.64480325100245,0.071,0.011,0,"11","CU638689.5"
"TMEM42",0,2.05925960796832,0.077,0.018,0,"11","TMEM42"
"BLOC1S5",0,2.35984463785976,0.075,0.016,0,"11","BLOC1S5"
"FAM122A",0,2.24156880070413,0.077,0.019,0,"11","FAM122A"
"RNF103",0,2.18331222863832,0.076,0.019,0,"11","RNF103"
"CYB561D2",0,2.41884293692651,0.066,0.012,0,"11","CYB561D2"
"HIST1H1D1",0,2.28328696921382,0.07,0.016,0,"11","HIST1H1D"
"DDX28",0,2.12881771715751,0.067,0.014,0,"11","DDX28"
"ATXN1L",0,2.54159298335729,0.066,0.013,0,"11","ATXN1L"
"TUT1",0,2.50203896474637,0.063,0.011,0,"11","TUT1"
"KCTD7",0,2.21884056514933,0.065,0.014,0,"11","KCTD7"
"PSMA6",0,2.29472964412383,0.064,0.014,0,"11","PSMA6"
"ZNF544",0,2.35338413529964,0.063,0.013,0,"11","ZNF544"
"RBM27",0,2.48216920742921,0.061,0.012,0,"11","RBM27"
"FKBP11",0,2.92757309347101,0.058,0.009,0,"11","FKBP11"
"LINC01551",0,3.139312239167,0.055,0.006,0,"11","LINC01551"
"ZNF626",0,2.27397596018433,0.062,0.013,0,"11","ZNF626"
"RTL10",0,2.45050426289904,0.061,0.012,0,"11","RTL10"
"KDM4A",0,2.26569695514143,0.061,0.013,0,"11","KDM4A"
"FASTKD5",0,2.49211842817799,0.059,0.011,0,"11","FASTKD5"
"ZNF781",0,2.33944632529858,0.06,0.012,0,"11","ZNF781"
"PRR34-AS1",0,2.05226605906872,0.061,0.013,0,"11","PRR34-AS1"
"TLX3",0,2.63259832100022,0.058,0.011,0,"11","TLX3"
"DNAJC25",0,2.59425623578039,0.058,0.011,0,"11","DNAJC25"
"KRBOX11",0,2.54872713189144,0.055,0.009,0,"11","KRBOX1"
"FXN",0,2.31672852666126,0.058,0.012,0,"11","FXN"
"ZNF286A",0,2.47938909569376,0.057,0.011,0,"11","ZNF286A"
"HOMER3",0,2.51606828983161,0.057,0.011,0,"11","HOMER3"
"HSPA6",0,3.5897431777001,0.054,0.009,0,"11","HSPA6"
"TNFRSF12A",0,3.3228414037243,0.055,0.011,0,"11","TNFRSF12A"
"SHB",0,2.75234819943684,0.047,0.007,0,"11","SHB"
"ZC3H10",0,2.66635831681524,0.049,0.009,0,"11","ZC3H10"
"ZNF585A",0,2.63757414378935,0.048,0.008,0,"11","ZNF585A"
"CRYGD",0,2.5490097640313,0.046,0.007,0,"11","CRYGD"
"TGIF21",0,3.31945951427471,0.043,0.005,0,"11","TGIF2"
"FOXG1",0,3.07806411387553,0.039,0.005,0,"11","FOXG1"
"BIVM",6.41155696687591e-306,2.25950241855635,0.062,0.014,2.09247573170962e-301,"11","BIVM"
"SERTAD1",1.22909409882026e-304,2.20868068197431,0.072,0.018,4.0112715009098e-300,"11","SERTAD1"
"RAD51D",2.06205881992524e-301,2.07932113168747,0.083,0.022,6.72973516470801e-297,"11","RAD51D"
"ZNF8",3.39436505382798e-301,2.67917244760598,0.041,0.007,1.1077849789673e-296,"11","ZNF8"
"METTL1",1.22057128490791e-295,2.12554155242179,0.058,0.012,3.98345644542546e-291,"11","METTL1"
"ZNF551",5.74493742607251e-294,2.52568059307641,0.04,0.006,1.87491777837302e-289,"11","ZNF551"
"FDX2",1.18765923846092e-293,2.20360021163726,0.067,0.016,3.87604469064107e-289,"11","FDX2"
"EEF1AKMT4",8.39331934534061e-291,2.81407830424779,0.043,0.007,2.73924370154536e-286,"11","EEF1AKMT4"
"SHLD3",1.47271724106482e-288,2.79611165583692,0.043,0.007,4.80635998793915e-284,"11","SHLD3"
"PDLIM1",2.68538941177403e-288,2.19822858626217,0.059,0.013,8.76403688426572e-284,"11","PDLIM1"
"SLC35A3",1.76412695337949e-286,2.2060335310767,0.062,0.014,5.75740472504932e-282,"11","SLC35A3"
"ELAC1",2.27833391796066e-285,2.23411241052691,0.063,0.015,7.4355705746564e-281,"11","ELAC1"
"ZNF506",4.98529758285885e-285,2.03692454826544,0.085,0.024,1.62700171914181e-280,"11","ZNF506"
"PLCG2",8.20955593467892e-284,2.01598290846187,0.227,0.109,2.67927067484181e-279,"11","PLCG2"
"AC068473.5",2.0421043188882e-278,2.47098704102858,0.044,0.008,6.66461165512354e-274,"11","AC068473.5"
"ZNF174",2.46289890890805e-278,2.5252622829652,0.045,0.008,8.03791687911232e-274,"11","ZNF174"
"ZNF670",6.02763359649916e-278,2.76099881578879,0.037,0.006,1.96717850055346e-273,"11","ZNF670"
"NKAIN4",4.11759140554099e-277,2.4168944809523,0.045,0.008,1.34381713111236e-272,"11","NKAIN4"
"ZNF660",1.15306452511261e-276,2.50832473066035,0.045,0.008,3.76314138415751e-272,"11","ZNF660"
"DNAJC14",3.56442337702632e-275,2.08689722653413,0.066,0.016,1.16328521332631e-270,"11","DNAJC14"
"IFT80",3.22834282668401e-273,2.20458417298568,0.064,0.016,1.05360196491659e-268,"11","IFT80"
"HLA-E",3.66824368879003e-270,2.00261764162943,0.05,0.01,1.19716801027351e-265,"11","HLA-E"
"BARHL11",7.45279462444658e-270,3.19259095374289,0.024,0.003,2.43229405363439e-265,"11","BARHL1"
"EFNA4",6.13431543685404e-267,3.97055693373335,0.017,0.001,2.00199518597168e-262,"11","EFNA4"
"AC005838.2",3.2304847041021e-265,2.36885543783393,0.05,0.01,1.05430098803076e-260,"11","AC005838.2"
"HSPA14",7.67330851144228e-261,2.34845309637929,0.052,0.011,2.5042609657943e-256,"11","HSPA14"
"RAP2B",3.60243017331897e-260,2.14045947875182,0.059,0.014,1.17568911136438e-255,"11","RAP2B"
"HAUS3",8.93859097829866e-258,2.47009673200393,0.053,0.012,2.91719855167755e-253,"11","HAUS3"
"PPT2",2.96455608214817e-250,2.11843753589773,0.062,0.015,9.67512522969876e-246,"11","PPT2"
"ZNF222",7.01182637538974e-246,2.46679146389527,0.042,0.008,2.28837965587219e-241,"11","ZNF222"
"C8orf44",8.21425940998083e-245,2.10746658623707,0.055,0.013,2.68080570104134e-240,"11","C8orf44"
"HPDL1",4.10356506682878e-243,2.51275463471012,0.032,0.005,1.33923949521024e-238,"11","HPDL"
"BAMBI",3.85726003128092e-241,2.51856045082133,0.044,0.009,1.25885538380884e-236,"11","BAMBI"
"SHISA2",2.00537918512416e-240,2.27056356709616,0.051,0.012,6.5447555085712e-236,"11","SHISA2"
"SLC33A1",4.29614492418544e-240,2.10340086441258,0.051,0.012,1.40208985745716e-235,"11","SLC33A1"
"LIPT1",3.09726779352964e-239,2.71447020753066,0.038,0.007,1.01082431709633e-234,"11","LIPT1"
"ARHGEF35",6.91340089500085e-238,2.9172741996686,0.03,0.004,2.25625751609248e-233,"11","ARHGEF35"
"AC108134.2",6.56617022983851e-236,2.33239123509483,0.049,0.011,2.14293531621009e-231,"11","AC108134.2"
"ZNF548",2.88138637228751e-234,2.68592933099694,0.035,0.006,9.40369256459752e-230,"11","ZNF548"
"HIST1H3H",1.36467991985739e-233,2.93161666448318,0.025,0.003,4.45376938644657e-229,"11","HIST1H3H"
"ANKHD1",2.6119061738445e-232,2.40618117766529,0.04,0.008,8.52421698895891e-228,"11","ANKHD1"
"RBAK",2.06642195132855e-224,2.68908607935297,0.038,0.007,6.74397468035584e-220,"11","RBAK"
"ZNF625",8.98834084977916e-222,2.6297384048776,0.034,0.006,2.93343491973393e-217,"11","ZNF625"
"PPP1R37",7.40140205518371e-221,2.16957406582933,0.056,0.014,2.41552157472976e-216,"11","PPP1R37"
"ZNF747",4.45257930745813e-218,2.27987720853426,0.046,0.01,1.45314378278204e-213,"11","ZNF747"
"PTGR2",6.93612861021026e-218,2.12385038299303,0.045,0.01,2.26367493322822e-213,"11","PTGR2"
"COG8-ENSG00000272617",8.21795634313406e-218,2.6885603500308,0.031,0.005,2.68201223214523e-213,"11","COG8-ENSG00000272617"
"SOCS1",5.805941552913e-216,2.47592510840214,0.033,0.006,1.89482708520869e-211,"11","SOCS1"
"UBE2V1",2.75942450280484e-214,2.30110471521487,0.046,0.01,9.00565780735387e-210,"11","UBE2V1"
"ZBED3-AS1",4.65531614632834e-214,2.60101005298687,0.031,0.005,1.51930897751572e-209,"11","ZBED3-AS1"
"ANKRD65",8.92992071346735e-214,2.4210271106822,0.038,0.007,2.91436892404721e-209,"11","ANKRD65"
"SCLY",1.17631466088011e-211,2.23087650505065,0.042,0.009,3.83902052724834e-207,"11","SCLY"
"ZMYM6",1.98791302431806e-209,2.03550628222993,0.046,0.011,6.48775294616444e-205,"11","ZMYM6"
"VAMP5",1.30109617177008e-207,2.88693435086678,0.029,0.005,4.24625746618883e-203,"11","VAMP5"
"HOXC8",5.21734749729931e-207,2.28037949166581,0.059,0.016,1.7027335292186e-202,"11","HOXC8"
"DEPDC5",5.52135484312613e-206,2.29328125083126,0.048,0.012,1.80194936660264e-201,"11","DEPDC5"
"ZNF6951",8.67908959661957e-206,3.01361559734232,0.025,0.004,2.83250768075276e-201,"11","ZNF695"
"ZNF571-AS1",6.00395587868333e-205,2.12258186012239,0.044,0.01,1.95945104056709e-200,"11","ZNF571-AS1"
"HIST1H2AE",3.21448581381066e-203,2.05324359727631,0.048,0.011,1.04907959019525e-198,"11","HIST1H2AE"
"ATOH1",3.99877695039303e-202,2.64506808503878,0.025,0.004,1.30504084553027e-197,"11","ATOH1"
"RRAD",1.49836063513716e-201,2.59320816292771,0.046,0.011,4.89004976883365e-197,"11","RRAD"
"AC092279.1",6.33600488572551e-201,2.01694259474296,0.05,0.012,2.06781855450538e-196,"11","AC092279.1"
"HIST1H4E",6.37935215836408e-197,2.52778238957166,0.06,0.017,2.0819653704037e-192,"11","HIST1H4E"
"CEBPB",4.92699557554992e-195,2.43971542125604,0.049,0.012,1.60797427603647e-190,"11","CEBPB"
"ARHGEF10",6.49298732978759e-195,2.31832930083027,0.032,0.006,2.11905134494948e-190,"11","ARHGEF10"
"TIMP1",5.99653064744558e-193,2.26346631497807,0.118,0.049,1.95702774210034e-188,"11","TIMP1"
"S100A16",2.21648645268048e-191,3.56168763835242,0.027,0.005,7.23372518696802e-187,"11","S100A16"
"PCDHA9",1.96902928347164e-190,2.54565820302479,0.028,0.005,6.42612396953804e-186,"11","PCDHA9"
"IRX3",8.45040801640461e-190,2.15883479188072,0.039,0.009,2.75787516023381e-185,"11","IRX3"
"BBS5",1.0189008776786e-189,2.6553185908133,0.03,0.005,3.32528490439188e-185,"11","BBS5"
"MINDY4",2.70032411748583e-185,2.76889389865383,0.026,0.004,8.81277778982675e-181,"11","MINDY4"
"ZBTB8B",2.74122806664293e-184,2.34004622789093,0.035,0.007,8.94627191829587e-180,"11","ZBTB8B"
"SGK494",1.11081640327393e-183,2.28202450074992,0.034,0.007,3.6252604137248e-179,"11","SGK494"
"ZNF419",1.58229298351858e-183,2.41952789769968,0.031,0.006,5.16397138101125e-179,"11","ZNF419"
"DTD2",4.19861211311391e-183,2.46679143884069,0.034,0.007,1.37025904923586e-178,"11","DTD2"
"AC016394.1",1.06285350048554e-182,2.18779324235681,0.039,0.009,3.46872868418462e-178,"11","AC016394.1"
"PCDHGA10",1.30615665519202e-178,2.61761180315934,0.032,0.006,4.26277285988467e-174,"11","PCDHGA10"
"CFHR1",4.02296853903104e-178,3.55063797573893,0.016,0.002,1.31293601239817e-173,"11","CFHR1"
"FZD21",3.99525749461087e-176,2.37792395683414,0.03,0.006,1.3038922359412e-171,"11","FZD2"
"SND1-IT1",4.55752856377813e-175,2.23108212697975,0.037,0.008,1.48739502207463e-170,"11","SND1-IT1"
"EID3",8.9745681878784e-175,2.08291358294928,0.048,0.013,2.92894007379599e-170,"11","EID3"
"ZBED6CL",2.23086032298266e-174,2.84591181726091,0.023,0.004,7.2806357500862e-170,"11","ZBED6CL"
"OMA1",3.28236194225429e-174,2.17348041004067,0.037,0.008,1.07123164347411e-169,"11","OMA1"
"SCHIP1",8.05459347511275e-174,2.37525457764123,0.031,0.006,2.6286971265378e-169,"11","SCHIP1"
"MAGEA4",5.22346959647228e-172,2.39108401329826,0.041,0.01,1.70473153750469e-167,"11","MAGEA4"
"AL445524.1",5.37972596128926e-172,2.0213022239632,0.037,0.008,1.75572736472636e-167,"11","AL445524.1"
"AC015813.1",1.76647447214139e-171,2.41402490595328,0.029,0.006,5.76506608728065e-167,"11","AC015813.1"
"NHLH1",5.52783995442776e-170,2.53070791314271,0.026,0.005,1.80406584752704e-165,"11","NHLH1"
"SLC18A3",1.12370572971903e-169,2.03763678420535,0.057,0.017,3.66732601951102e-165,"11","SLC18A3"
"IFNAR2",2.04668999815629e-169,2.13996749872662,0.036,0.008,6.67957747798288e-165,"11","IFNAR2"
"ZNF764",3.17409600870531e-168,2.29655095232937,0.036,0.008,1.03589797340107e-163,"11","ZNF764"
"RASL10B",1.27568060065592e-167,2.42611144764057,0.031,0.006,4.16331120830066e-163,"11","RASL10B"
"HIST1H2BH1",2.90642569830988e-167,2.63962339708786,0.032,0.007,9.48541090900411e-163,"11","HIST1H2BH"
"ZNF443",4.55844771136003e-165,2.90949264764779,0.021,0.003,1.48769499507946e-160,"11","ZNF443"
"ITPRIPL2",3.16423912023921e-163,2.64613715695517,0.02,0.003,1.03268107928127e-158,"11","ITPRIPL2"
"CTXN2",1.61652759618168e-158,2.15010206407194,0.047,0.013,5.27569946289852e-154,"11","CTXN2"
"HIST1H2BJ",2.90501949262299e-158,2.4988086750597,0.027,0.005,9.48082161612439e-154,"11","HIST1H2BJ"
"CIART",3.7607272012665e-157,2.46577119208171,0.044,0.012,1.22735092940533e-152,"11","CIART"
"TEAD2",4.02086335210406e-156,2.29451866608216,0.021,0.003,1.31224896359268e-151,"11","TEAD2"
"CENPS",9.79659733887253e-156,2.04004959802651,0.041,0.01,3.19721750751444e-151,"11","CENPS"
"MARS2",1.46147866923396e-155,2.98035029629808,0.017,0.002,4.76968178491195e-151,"11","MARS2"
"SLC25A51",1.61704129575417e-155,2.20692530116666,0.034,0.008,5.27737597282331e-151,"11","SLC25A51"
"AL391069.3",6.24085386861012e-153,2.11878073673577,0.027,0.005,2.0367650685596e-148,"11","AL391069.3"
"NECTIN4",6.11557299203717e-152,2.214942533047,0.039,0.01,1.99587840168125e-147,"11","NECTIN4"
"RLN2",1.87802306999593e-151,2.04210549562443,0.026,0.005,6.12911609123871e-147,"11","RLN2"
"TM9SF1",7.64516750397912e-151,2.27800975487627,0.032,0.007,2.49507686659863e-146,"11","TM9SF1"
"ZNF17",7.62258817049783e-149,2.65611598706425,0.02,0.003,2.48770787532367e-144,"11","ZNF17"
"ZNF713",2.81013462679285e-148,2.23096637166195,0.031,0.007,9.17115536800114e-144,"11","ZNF713"
"CIPC",1.71927397669978e-145,2.14566730680183,0.035,0.008,5.6110225503574e-141,"11","CIPC"
"RBM34",2.138174974761e-144,2.07835558613844,0.035,0.009,6.97814784762999e-140,"11","RBM34"
"SNAI1",2.40521090159953e-142,2.79145723948306,0.018,0.003,7.84964629846023e-138,"11","SNAI1"
"S1PR2",1.24825464964229e-141,2.29234004379751,0.025,0.005,4.07380387457257e-137,"11","S1PR2"
"BICRA",6.14304717296256e-139,2.46239272995747,0.028,0.006,2.00484487536806e-134,"11","BICRA"
"MED26",5.33589766895563e-136,2.43217331143965,0.027,0.006,1.74142356324036e-131,"11","MED26"
"ZNF653",8.70514618144316e-136,2.37002479930962,0.025,0.005,2.84101150777579e-131,"11","ZNF653"
"PCDHGA6",1.25258241643769e-135,2.59240108024838,0.025,0.005,4.08792797428603e-131,"11","PCDHGA6"
"BX005019.1",1.88052576960784e-135,2.34331071912975,0.026,0.006,6.13728390169214e-131,"11","BX005019.1"
"BMP4",2.17997579511721e-134,2.47661050740763,0.021,0.004,7.11456900494453e-130,"11","BMP4"
"AL031777.3",4.67992570990046e-134,2.33803762691076,0.034,0.009,1.52734055468311e-129,"11","AL031777.3"
"CEP295NL",1.0313884306597e-133,3.07933540082082,0.014,0.002,3.36603928230098e-129,"11","CEP295NL"
"AL160006.1",4.91127604435078e-132,2.09050790960093,0.032,0.008,1.60284404983432e-127,"11","AL160006.1"
"TAP2",2.19696733510754e-131,2.29202311432631,0.023,0.004,7.17002259485697e-127,"11","TAP2"
"AC004597.1",1.60690208647511e-129,2.33364163694764,0.018,0.003,5.24428564942016e-125,"11","AC004597.1"
"STC2",4.67221990415872e-129,3.02328029987143,0.016,0.002,1.52482568792124e-124,"11","STC2"
"S100A2",6.940572528744e-128,2.70015730625483,0.024,0.005,2.26512525048089e-123,"11","S100A2"
"NOTCH1",7.92080128196459e-128,2.25884943773675,0.012,0.001,2.58503270638196e-123,"11","NOTCH1"
"TMEM56",2.51623836387694e-127,2.01182020961834,0.035,0.009,8.21199552434879e-123,"11","TMEM56"
"LCN15",2.92876975727324e-127,3.17013800541339,0.01,0.001,9.55833297983696e-123,"11","LCN15"
"VPS33B",6.55145841815602e-127,2.11237629371458,0.032,0.008,2.1381339693494e-122,"11","VPS33B"
"TATDN2",4.89985566142592e-126,2.04559507483783,0.03,0.007,1.59911689366296e-121,"11","TATDN2"
"NPY2R",3.31834483343732e-125,2.44591325330785,0.021,0.004,1.08297501984061e-120,"11","NPY2R"
"ZNF280A",1.18307636698841e-124,2.48640842131409,0.014,0.002,3.86108803130338e-120,"11","ZNF280A"
"SUMO4",2.54508463275581e-122,2.50537432931342,0.022,0.004,8.30613820746185e-118,"11","SUMO4"
"EEF1AKMT3",7.83492511186917e-122,2.07513682769363,0.02,0.004,2.55700615950962e-117,"11","EEF1AKMT3"
"DCUN1D3",9.63858466946114e-122,2.08155892588463,0.029,0.007,3.14564849272534e-117,"11","DCUN1D3"
"GSC1",1.7831005470957e-121,2.79438519430789,0.015,0.002,5.81932694550152e-117,"11","GSC"
"GPR4",3.21023247490672e-121,3.18673452217465,0.012,0.002,1.04769147051056e-116,"11","GPR4"
"TMEFF1",2.03692898814801e-119,2.54284793240504,0.019,0.003,6.64772144571985e-115,"11","TMEFF1"
"ZFP41",3.02434762184672e-119,2.36682195332862,0.023,0.005,9.87026089865895e-115,"11","ZFP41"
"EN1",8.81927525784802e-119,2.49645397336078,0.017,0.003,2.87825867315128e-114,"11","EN1"
"TP73",5.22824601869695e-117,2.20918340228025,0.017,0.003,1.70629037066194e-112,"11","TP73"
"CYB5RL",7.1351410407032e-117,2.1242420359045,0.028,0.007,2.3286246300439e-112,"11","CYB5RL"
"TRIP10",1.05366998171564e-116,2.03376781412806,0.023,0.005,3.43875735232715e-112,"11","TRIP10"
"PCDHGB6",2.7923921585921e-115,2.26929319609432,0.021,0.004,9.11325104878118e-111,"11","PCDHGB6"
"BLOC1S3",3.55627899920407e-115,2.52935102890397,0.018,0.003,1.16062721418024e-110,"11","BLOC1S3"
"LRTOMT",3.73735898675744e-115,2.04840306888129,0.029,0.007,1.21972447891816e-110,"11","LRTOMT"
"S100A10",6.88121986933813e-115,3.91464799249668,0.033,0.009,2.24575491655719e-110,"11","S100A10"
"PAPOLB",5.1579933122789e-114,2.77375014432264,0.013,0.002,1.68336269739534e-109,"11","PAPOLB"
"AC092747.4",3.1928277921465e-113,2.55190024217791,0.019,0.004,1.04201127824493e-108,"11","AC092747.4"
"DGCR6",4.72703534100715e-113,2.01608256474842,0.039,0.012,1.54271525389109e-108,"11","DGCR6"
"ZNF662",4.93169322357459e-113,2.34796670395714,0.019,0.004,1.6095074004458e-108,"11","ZNF662"
"POU5F2",2.1113465710079e-112,2.5280319410502,0.021,0.004,6.89059066914138e-108,"11","POU5F2"
"AL392172.1",7.01083084453313e-111,2.16670207768638,0.022,0.005,2.28805475442183e-106,"11","AL392172.1"
"MPV17L",1.60518302288482e-110,2.36439689551775,0.021,0.005,5.23867531348689e-106,"11","MPV17L"
"TNNI3",1.8296615350922e-110,2.10107646460204,0.018,0.003,5.97128338592689e-106,"11","TNNI3"
"ZNF468",3.34809499916804e-108,2.53531100609116,0.018,0.003,1.09268428392848e-103,"11","ZNF468"
"MRPS24",1.473708097979e-107,2.49799879639429,0.021,0.004,4.80959374856427e-103,"11","MRPS24"
"CHN2",3.60170274126708e-107,2.46721345043074,0.016,0.003,1.17545170663992e-102,"11","CHN2"
"IRF9",4.74291176984896e-106,2.20610303281812,0.031,0.008,1.54789668520791e-101,"11","IRF9"
"ZNF700",5.8540178747036e-106,2.3393469573682,0.018,0.003,1.91051727358827e-101,"11","ZNF700"
"TRIM5",0,2.30247090789183,0.29,0.074,0,"12","TRIM5"
"PIK3C2G",0,2.28295555175496,0.284,0.09,0,"12","PIK3C2G"
"AC024145.1",0,2.1376509328512,0.25,0.067,0,"12","AC024145.1"
"RERGL",0,2.08538620922906,0.254,0.084,0,"12","RERGL"
"AC023051.1",0,2.33357879013827,0.217,0.052,0,"12","AC023051.1"
"LINC01194",0,2.38669640769128,0.208,0.047,0,"12","LINC01194"
"AC008056.1",0,2.12484989881608,0.205,0.058,0,"12","AC008056.1"
"AL121917.1",0,2.2047943058195,0.187,0.05,0,"12","AL121917.1"
"AC106729.1",0,2.07857720205556,0.182,0.049,0,"12","AC106729.1"
"AC104389.4",0,2.2602707910546,0.173,0.042,0,"12","AC104389.4"
"SLCO1C1",0,2.01107514804567,0.18,0.057,0,"12","SLCO1C1"
"LINC02476",0,2.23976603407274,0.159,0.04,0,"12","LINC02476"
"AC090502.1",0,2.28999532642809,0.148,0.035,0,"12","AC090502.1"
"AC005699.1",0,2.23625486297685,0.133,0.031,0,"12","AC005699.1"
"ST18",0,2.44457323457724,0.144,0.042,0,"12","ST18"
"LINC00645",0,2.24876160764015,0.128,0.027,0,"12","LINC00645"
"LINC01182",0,2.40769185021274,0.124,0.033,0,"12","LINC01182"
"AL691420.1",0,2.6394973023571,0.117,0.029,0,"12","AL691420.1"
"F5",0,2.16227749569946,0.101,0.024,0,"12","F5"
"AL162718.1",0,2.09527517860123,0.104,0.027,0,"12","AL162718.1"
"AL139023.1",0,2.50930334634918,0.094,0.021,0,"12","AL139023.1"
"AL121721.1",0,2.49846146247747,0.091,0.018,0,"12","AL121721.1"
"AC079465.1",0,2.00516623507208,0.094,0.024,0,"12","AC079465.1"
"LINC01967",0,2.10002287855331,0.098,0.028,0,"12","LINC01967"
"OTX2-AS1",0,2.11073960831885,0.094,0.025,0,"12","OTX2-AS1"
"AL929601.1",0,2.58044946751714,0.083,0.018,0,"12","AL929601.1"
"AC062004.1",0,2.46176466245857,0.087,0.023,0,"12","AC062004.1"
"LINC01203",0,2.4323273476963,0.076,0.014,0,"12","LINC01203"
"AC079917.1",0,2.13525456163399,0.082,0.023,0,"12","AC079917.1"
"RIN3",0,2.11002425457425,0.074,0.018,0,"12","RIN3"
"LINC00355",0,2.34565655459678,0.071,0.016,0,"12","LINC00355"
"AC005165.1",0,2.15039021211428,0.071,0.017,0,"12","AC005165.1"
"LINC01297",0,2.32933296502004,0.067,0.017,0,"12","LINC01297"
"AC008056.2",0,2.05245172134782,0.066,0.016,0,"12","AC008056.2"
"CYP4A22-AS1",0,2.15140881843381,0.064,0.016,0,"12","CYP4A22-AS1"
"OR52E5",0,2.66175289993727,0.058,0.01,0,"12","OR52E5"
"DEC1",0,2.37604651121688,0.06,0.013,0,"12","DEC1"
"IGF1",0,2.16854610817124,0.06,0.014,0,"12","IGF1"
"LINC01980",0,2.26853340588083,0.058,0.013,0,"12","LINC01980"
"TRIM22",0,2.48321149720095,0.054,0.01,0,"12","TRIM22"
"GLI2",0,2.01653953363958,0.06,0.016,0,"12","GLI2"
"SPTLC3",0,2.17137550578783,0.056,0.013,0,"12","SPTLC3"
"AL356476.1",0,2.98712596359735,0.049,0.007,0,"12","AL356476.1"
"LINC02220",0,2.51854916274269,0.05,0.008,0,"12","LINC02220"
"ANKRD30A",0,2.28221470402799,0.053,0.011,0,"12","ANKRD30A"
"AC005208.1",0,2.92634541492263,0.052,0.011,0,"12","AC005208.1"
"LINC02154",0,2.84637092927514,0.046,0.007,0,"12","LINC02154"
"AC110760.1",0,2.31744227334313,0.049,0.011,0,"12","AC110760.1"
"LINC02445",0,2.66045679113948,0.042,0.007,0,"12","LINC02445"
"AC019183.1",0,2.34401261055275,0.045,0.01,0,"12","AC019183.1"
"AC060765.1",0,2.67396856076611,0.043,0.008,0,"12","AC060765.1"
"KLK4",0,3.39555525694859,0.036,0.004,0,"12","KLK4"
"KCNJ16",0,3.44862850858856,0.033,0.003,0,"12","KCNJ16"
"OR51I2",0,2.52719399804025,0.035,0.006,0,"12","OR51I2"
"AC008109.1",0,2.4516680698088,0.036,0.007,0,"12","AC008109.1"
"ADGRD2",0,3.37441152534912,0.023,0.002,0,"12","ADGRD2"
"AC021915.2",2.88282831902088e-300,2.96801309890742,0.025,0.003,9.40839850195654e-296,"12","AC021915.2"
"LINC02360",4.7620046887644e-295,2.59058497121632,0.034,0.006,1.55412785022515e-290,"12","LINC02360"
"AC109454.3",2.10191857614828e-294,2.05249610473948,0.047,0.011,6.85982146511753e-290,"12","AC109454.3"
"SLC22A25",3.64024554640041e-292,2.20339095579202,0.063,0.018,1.18803053652324e-287,"12","SLC22A25"
"AC005392.31",3.43699491866203e-287,3.75987411186046,0.018,0.002,1.12169766165454e-282,"12","AC005392.3"
"AC011287.2",3.62063557512141e-283,2.43101965358831,0.033,0.006,1.18163062629662e-278,"12","AC011287.2"
"SELP",9.12828358875526e-283,2.12969484455766,0.047,0.011,2.97910663202617e-278,"12","SELP"
"TNMD",2.24269907785855e-275,2.0450974683392,0.042,0.009,7.31927271049917e-271,"12","TNMD"
"PENK",1.25404614991033e-272,2.51357822210153,0.029,0.005,4.09270501484736e-268,"12","PENK"
"AC096576.2",2.63239470381833e-272,2.51591147340672,0.036,0.007,8.5910833553815e-268,"12","AC096576.2"
"LINC02270",1.00009964253332e-268,2.48487767615609,0.031,0.006,3.26392519337173e-264,"12","LINC02270"
"FAM30A",5.32354757252696e-263,2.40885542806258,0.023,0.003,1.7373929857699e-258,"12","FAM30A"
"AC078845.1",3.38036780997482e-257,2.07616585481677,0.066,0.021,1.10321683846338e-252,"12","AC078845.1"
"STRA8",6.64135397551276e-255,2.40416194446366,0.029,0.005,2.16747228344834e-250,"12","STRA8"
"F3",2.5465978362711e-249,2.30939297104498,0.045,0.011,8.31107669845436e-245,"12","F3"
"WIF1",5.53181777724204e-247,2.39188593672144,0.033,0.007,1.80536404978071e-242,"12","WIF1"
"AC022784.1",8.71360680244622e-244,2.00030406530485,0.048,0.013,2.84377271604635e-239,"12","AC022784.1"
"NR4A2",2.01839737051424e-240,2.12859339870645,0.05,0.014,6.58724165841027e-236,"12","NR4A2"
"AL161757.4",1.71018964230381e-232,2.31315705342248,0.032,0.007,5.58137491662272e-228,"12","AL161757.4"
"IL20RA",1.54984533594613e-229,2.50110424927224,0.026,0.005,5.05807523839378e-225,"12","IL20RA"
"PASD1",2.32621678610018e-228,2.35154878567217,0.027,0.005,7.59184110311654e-224,"12","PASD1"
"LIPC",1.20886338772487e-225,2.06366280228057,0.038,0.009,3.94524655217889e-221,"12","LIPC"
"AC068658.1",5.34298137979692e-220,2.05263469950886,0.034,0.008,1.74373540311052e-215,"12","AC068658.1"
"AL109659.1",1.00682051341933e-219,2.08432139462231,0.036,0.008,3.28585942759532e-215,"12","AL109659.1"
"OR56A3",2.1173776910265e-216,2.19679815053399,0.034,0.008,6.91027383243408e-212,"12","OR56A3"
"AC021242.2",1.16832953430978e-214,2.0309764147457,0.043,0.011,3.81296026817339e-210,"12","AC021242.2"
"AL109613.1",5.61513739310454e-209,2.29904250336358,0.027,0.005,1.8325562396136e-204,"12","AL109613.1"
"CASC20",4.62023969428157e-207,2.3370078395414,0.027,0.005,1.50786142662573e-202,"12","CASC20"
"TBX5",1.18872832113051e-205,3.02114460695825,0.016,0.002,3.87953374884153e-201,"12","TBX5"
"LINC02394",6.1165667022435e-205,2.52716052912181,0.025,0.005,1.99620270894419e-200,"12","LINC02394"
"AC025259.3",1.56828744115976e-197,2.09164659690739,0.03,0.007,5.11826289296899e-193,"12","AC025259.3"
"AL136985.1",2.44736352287608e-197,2.06846643316221,0.031,0.007,7.98721559325838e-193,"12","AL136985.1"
"GPRC6A",6.54181005894576e-197,3.00600013669659,0.015,0.002,2.13498513083754e-192,"12","GPRC6A"
"IL18R1",1.54174831445973e-183,2.46022588484297,0.024,0.005,5.03164979907079e-179,"12","IL18R1"
"IGF2-AS",4.39618715363385e-179,2.3239287146151,0.023,0.005,1.43473963945994e-174,"12","IGF2-AS"
"AL139142.1",4.01765209274745e-177,2.13552761905854,0.026,0.006,1.31120093698906e-172,"12","AL139142.1"
"KL",1.7024451630373e-176,2.07480687768205,0.03,0.007,5.55610003408854e-172,"12","KL"
"NFE4",1.44583182509798e-175,2.14098038239934,0.027,0.006,4.71861674438977e-171,"12","NFE4"
"LINC02444",5.39006638554e-172,2.0279149337032,0.027,0.006,1.75910206558483e-167,"12","LINC02444"
"AC079942.1",1.47391901295248e-171,2.51641308941594,0.029,0.007,4.81028209067171e-167,"12","AC079942.1"
"AC092546.1",7.83152847618825e-168,2.29551177519824,0.029,0.007,2.5558976334888e-163,"12","AC092546.1"
"SELE",1.4901692112972e-167,2.17478767821521,0.026,0.006,4.86331623798955e-163,"12","SELE"
"AC105254.1",2.42477189149749e-164,2.46854855582354,0.016,0.003,7.9134855450912e-160,"12","AC105254.1"
"BTBD19",4.57850405452408e-164,2.04222474516304,0.03,0.007,1.49424058323448e-159,"12","BTBD19"
"ASB4",2.0628063278743e-162,2.67899915349109,0.024,0.005,6.73217473165056e-158,"12","ASB4"
"AC136188.1",1.80188617785679e-160,2.5455693460009,0.019,0.003,5.88063573005342e-156,"12","AC136188.1"
"AC096759.1",9.92778154251594e-160,2.21768122465305,0.025,0.006,3.2400307842155e-155,"12","AC096759.1"
"AC016885.2",8.35598562430953e-159,2.29693370442595,0.025,0.006,2.72705946834966e-154,"12","AC016885.2"
"GLI11",4.15748238822251e-153,2.73470749395182,0.015,0.002,1.3568359522203e-148,"12","GLI1"
"AC110760.2",2.1948164686246e-149,2.58122004732555,0.015,0.003,7.16300302700326e-145,"12","AC110760.2"
"ONECUT1",8.9682880792665e-146,2.40957399596021,0.014,0.002,2.92689049754941e-141,"12","ONECUT1"
"AC026726.1",1.51133127732158e-144,2.69083510612867,0.015,0.002,4.9323807566667e-140,"12","AC026726.1"
"GALNT5",7.58502829519497e-142,2.32068162197792,0.015,0.003,2.47544983441983e-137,"12","GALNT5"
"AQP2",1.86118958497783e-138,2.53050495690697,0.013,0.002,6.07417832953364e-134,"12","AQP2"
"SPANXN1",5.04014684644906e-138,3.11133455784616,0.011,0.001,1.64490232480711e-133,"12","SPANXN1"
"AC027801.1",3.58730899351819e-129,2.15189069577836,0.017,0.003,1.1707541631246e-124,"12","AC027801.1"
"AC025539.1",1.25131530983623e-127,2.77032505562784,0.012,0.002,4.08379264518153e-123,"12","AC025539.1"
"SLC32A1",1.54057978002378e-125,2.24309368196767,0.019,0.004,5.02783617008561e-121,"12","SLC32A1"
"AL136529.1",3.0522342143515e-125,2.14268982166513,0.02,0.005,9.96127158195756e-121,"12","AL136529.1"
"SLC35D3",9.6330771319036e-120,2.37231411720263,0.02,0.005,3.14385105276806e-115,"12","SLC35D3"
"OR52E4",2.86623536452739e-119,2.56188323140131,0.011,0.002,9.3542457356716e-115,"12","OR52E4"
"AC021915.1",5.82029663552029e-116,2.93963221048848,0.01,0.001,1.8995120099684e-111,"12","AC021915.1"
"AC083805.1",9.22300937681369e-113,2.42432576420807,0.012,0.002,3.01002134021691e-108,"12","AC083805.1"
"AC078955.1",5.88764991400118e-112,2.2641435859008,0.011,0.002,1.92149342593342e-107,"12","AC078955.1"
"SIM1",9.45162665497458e-111,2.22912481193058,0.015,0.003,3.0846328751175e-106,"12","SIM1"
"AC004674.1",1.06888502963577e-108,2.10784224149378,0.015,0.003,3.48841318271931e-104,"12","AC004674.1"
"AL353740.1",5.11147517598198e-106,2.78786709813308,0.01,0.001,1.66818103843348e-101,"12","AL353740.1"
"EYS",0,2.26855642273917,0.611,0.334,0,"4","EYS"
"AL589740.1",0,3.83390510954378,0.358,0.098,0,"4","AL589740.1"
"PARD3B",0,2.92739858873672,0.395,0.136,0,"4","PARD3B"
"COL21A1",0,3.93002073056191,0.3,0.061,0,"4","COL21A1"
"AC009975.1",0,3.92944766804476,0.28,0.051,0,"4","AC009975.1"
"CCDC26",0,4.37631092933114,0.274,0.052,0,"4","CCDC26"
"AC011287.1",0,2.49169865149681,0.308,0.098,0,"4","AC011287.1"
"AL391117.1",0,3.55488463085338,0.261,0.059,0,"4","AL391117.1"
"AL357507.1",0,4.16178506440323,0.25,0.049,0,"4","AL357507.1"
"LINC02055",0,3.18691749666153,0.26,0.066,0,"4","LINC02055"
"CNBD1",0,4.66675260135201,0.224,0.033,0,"4","CNBD1"
"MIR3681HG",0,3.98425446678215,0.237,0.047,0,"4","MIR3681HG"
"AF121898.1",0,4.1300742416075,0.223,0.036,0,"4","AF121898.1"
"AC113414.1",0,3.77300692195253,0.247,0.06,0,"4","AC113414.1"
"AC099520.1",0,3.59388237874466,0.24,0.056,0,"4","AC099520.1"
"ADAMTSL1",0,3.28961801633177,0.227,0.052,0,"4","ADAMTSL1"
"LINC01934",0,3.96467071666801,0.207,0.032,0,"4","LINC01934"
"CSMD3",0,3.48055631556469,0.225,0.052,0,"4","CSMD3"
"AC007402.1",0,4.20455348143975,0.225,0.053,0,"4","AC007402.1"
"PCAT1",0,3.820147876212,0.212,0.047,0,"4","PCAT1"
"IL12RB2",0,3.59592323698377,0.203,0.039,0,"4","IL12RB2"
"TPRG1",0,3.38543554731462,0.214,0.05,0,"4","TPRG1"
"ARHGAP15",0,3.80127803046891,0.192,0.034,0,"4","ARHGAP15"
"LTBP1",0,3.14016226782425,0.205,0.048,0,"4","LTBP1"
"NKAIN3",0,3.1570731971739,0.202,0.049,0,"4","NKAIN3"
"FSHR",0,3.80024999924846,0.181,0.028,0,"4","FSHR"
"AC078923.1",0,3.59066112846174,0.192,0.041,0,"4","AC078923.1"
"LINC01830",0,4.16722398340173,0.176,0.025,0,"4","LINC01830"
"PTH2R",0,3.33047675605665,0.191,0.045,0,"4","PTH2R"
"MLIP",0,5.43452064501878,0.159,0.013,0,"4","MLIP"
"LAMA2",0,3.88781073084316,0.17,0.03,0,"4","LAMA2"
"MYO3B",0,3.62380144273401,0.171,0.034,0,"4","MYO3B"
"LINC011821",0,2.92535544224868,0.171,0.036,0,"4","LINC01182"
"AC009975.2",0,4.29904152939038,0.153,0.02,0,"4","AC009975.2"
"BANK1",0,4.68473730411262,0.158,0.026,0,"4","BANK1"
"AC112206.2",0,3.8272648102782,0.165,0.033,0,"4","AC112206.2"
"AC092650.1",0,3.80654639461653,0.159,0.027,0,"4","AC092650.1"
"LINC02232",0,5.01792782292667,0.143,0.012,0,"4","LINC02232"
"GPM6A",0,3.76714940705346,0.162,0.032,0,"4","GPM6A"
"MSR1",0,3.83043763857226,0.146,0.017,0,"4","MSR1"
"ESR1",0,3.85995310345901,0.155,0.028,0,"4","ESR1"
"AC084816.1",0,3.90448817505438,0.152,0.025,0,"4","AC084816.1"
"PDE1A",0,3.92262776213559,0.155,0.03,0,"4","PDE1A"
"AP005230.1",0,4.2537747816839,0.147,0.023,0,"4","AP005230.1"
"PDZRN4",0,4.41545053959915,0.138,0.016,0,"4","PDZRN4"
"AC010343.3",0,3.83566352294609,0.149,0.027,0,"4","AC010343.3"
"CD96",0,4.44379925053353,0.141,0.019,0,"4","CD96"
"UNC13C",0,4.00497518151626,0.141,0.02,0,"4","UNC13C"
"AC103409.1",0,4.06831545105202,0.14,0.02,0,"4","AC103409.1"
"CPA6",0,3.88690579215745,0.143,0.024,0,"4","CPA6"
"WDR49",0,3.81877521125214,0.138,0.022,0,"4","WDR49"
"CPED1",0,4.02056583263291,0.134,0.019,0,"4","CPED1"
"TEX41",0,5.06582644462737,0.125,0.012,0,"4","TEX41"
"AC104574.2",0,4.36024197231054,0.125,0.014,0,"4","AC104574.2"
"LYPD6B",0,3.72077142574187,0.131,0.021,0,"4","LYPD6B"
"EMCN",0,4.9077002978456,0.124,0.014,0,"4","EMCN"
"LINC02237",0,4.91837069738853,0.122,0.013,0,"4","LINC02237"
"ASB15",0,4.26287746892957,0.12,0.012,0,"4","ASB15"
"LINC00607",0,4.5368979594161,0.117,0.012,0,"4","LINC00607"
"LINC01099",0,4.53868913588279,0.123,0.018,0,"4","LINC01099"
"AC004949.11",0,4.28852715107902,0.12,0.016,0,"4","AC004949.1"
"LINC01098",0,5.28384363358407,0.114,0.011,0,"4","LINC01098"
"LINC02267",0,4.45329733898123,0.121,0.018,0,"4","LINC02267"
"ADAMTS12",0,4.17565884586852,0.118,0.016,0,"4","ADAMTS12"
"AC004052.1",0,5.01337793701048,0.11,0.009,0,"4","AC004052.1"
"LINC02147",0,4.32132136304313,0.118,0.017,0,"4","LINC02147"
"LINC01482",0,4.15304578305451,0.114,0.014,0,"4","LINC01482"
"AC068633.1",0,4.90222257941937,0.112,0.012,0,"4","AC068633.1"
"DYSF",0,3.86149474658516,0.118,0.018,0,"4","DYSF"
"AHR",0,4.46532909781274,0.112,0.014,0,"4","AHR"
"AC018742.1",0,5.2491789309593,0.106,0.009,0,"4","AC018742.1"
"RXFP1",0,4.5272285639524,0.111,0.014,0,"4","RXFP1"
"LINC00536",0,4.83491077114475,0.107,0.01,0,"4","LINC00536"
"RNF219-AS1",0,4.53271934634811,0.113,0.017,0,"4","RNF219-AS1"
"LINC00639",0,4.99542448217912,0.103,0.007,0,"4","LINC00639"
"LINC02511",0,5.50091955691821,0.102,0.007,0,"4","LINC02511"
"AC037486.1",0,5.10240779892283,0.101,0.008,0,"4","AC037486.1"
"TRDN",0,4.92416214212753,0.102,0.01,0,"4","TRDN"
"AC096577.1",0,4.32932675954355,0.106,0.014,0,"4","AC096577.1"
"LINC01378",0,4.72507139205872,0.104,0.014,0,"4","LINC01378"
"GRHL2",0,4.47717243687272,0.098,0.009,0,"4","GRHL2"
"LINC02233",0,4.98855518874081,0.099,0.01,0,"4","LINC02233"
"HMCN1",0,4.07052511815561,0.099,0.013,0,"4","HMCN1"
"AC012668.3",0,4.63921256412381,0.095,0.009,0,"4","AC012668.3"
"SAMMSON",0,4.78116010366778,0.095,0.01,0,"4","SAMMSON"
"ARAP2",0,4.34918330922069,0.096,0.011,0,"4","ARAP2"
"TTC6",0,4.8291908586175,0.096,0.011,0,"4","TTC6"
"THEMIS",0,4.77327633203756,0.09,0.008,0,"4","THEMIS"
"ABCA13",0,5.42872119748892,0.087,0.006,0,"4","ABCA13"
"AC074327.1",0,4.39615758279681,0.091,0.011,0,"4","AC074327.1"
"AL355997.1",0,4.24018988648898,0.091,0.011,0,"4","AL355997.1"
"CCDC141",0,4.42010057452513,0.087,0.009,0,"4","CCDC141"
"AC099753.1",0,4.29142622562933,0.089,0.011,0,"4","AC099753.1"
"AC073082.1",0,4.68335782793246,0.086,0.008,0,"4","AC073082.1"
"AC092813.1",0,4.57413533336792,0.084,0.007,0,"4","AC092813.1"
"FER1L6",0,4.06835718511198,0.087,0.011,0,"4","FER1L6"
"IL1R1",0,3.92642300626042,0.085,0.01,0,"4","IL1R1"
"FRMD6-AS2",0,4.11148178630234,0.085,0.01,0,"4","FRMD6-AS2"
"AC018616.1",0,4.19133048938517,0.084,0.009,0,"4","AC018616.1"
"AC012593.1",0,5.51721600806387,0.082,0.007,0,"4","AC012593.1"
"OTOGL",0,4.64316230812796,0.082,0.007,0,"4","OTOGL"
"AC068992.1",0,4.99218875113806,0.081,0.007,0,"4","AC068992.1"
"AC008662.1",0,6.26998878365472,0.076,0.003,0,"4","AC008662.1"
"AC019117.1",0,4.90103584800222,0.075,0.005,0,"4","AC019117.1"
"SPATA16",0,5.15531347195479,0.073,0.005,0,"4","SPATA16"
"IFNG-AS1",0,4.6941491497292,0.074,0.008,0,"4","IFNG-AS1"
"AC117473.1",0,5.05649533795785,0.074,0.008,0,"4","AC117473.1"
"SCHLAP1",0,5.09784633303857,0.073,0.007,0,"4","SCHLAP1"
"AC093772.1",0,4.92461307713409,0.073,0.007,0,"4","AC093772.1"
"AC099673.1",0,5.83577398704928,0.069,0.004,0,"4","AC099673.1"
"AC019211.1",0,4.72865154557799,0.07,0.007,0,"4","AC019211.1"
"LINC01478",0,4.76081337030521,0.068,0.007,0,"4","LINC01478"
"LINC00698",0,4.99063227523395,0.065,0.005,0,"4","LINC00698"
"LINC01924",0,5.15569421070081,0.066,0.006,0,"4","LINC01924"
"CACNA2D4",0,5.13632154958454,0.063,0.003,0,"4","CACNA2D4"
"LINC00879",0,5.54454089008939,0.064,0.004,0,"4","LINC00879"
"RHOH",0,4.29970085652435,0.065,0.006,0,"4","RHOH"
"SLC22A2",0,4.74288492337805,0.063,0.005,0,"4","SLC22A2"
"LINC02438",0,5.25869837413141,0.063,0.005,0,"4","LINC02438"
"LINC00603",0,5.44397896639618,0.061,0.004,0,"4","LINC00603"
"AC012355.1",0,5.793006970412,0.06,0.003,0,"4","AC012355.1"
"AC068672.2",0,4.53232941896462,0.06,0.004,0,"4","AC068672.2"
"CYTIP",0,5.04916809860329,0.057,0.003,0,"4","CYTIP"
"C2orf83",0,5.34291883141951,0.056,0.002,0,"4","C2orf83"
"PTPRC",0,4.07433534335248,0.058,0.005,0,"4","PTPRC"
"GUCY2C",0,4.76135131869361,0.057,0.004,0,"4","GUCY2C"
"HORMAD2",0,4.83347705882362,0.056,0.003,0,"4","HORMAD2"
"AC090403.1",0,4.9254213228669,0.056,0.005,0,"4","AC090403.1"
"AC106744.1",0,5.24300049817355,0.053,0.003,0,"4","AC106744.1"
"KCNU1",0,5.42908905758022,0.052,0.003,0,"4","KCNU1"
"LINC00376",0,5.64609340239694,0.052,0.003,0,"4","LINC00376"
"BMP5",0,6.48359971355722,0.049,0.001,0,"4","BMP5"
"AC015574.1",0,5.34754990025402,0.052,0.004,0,"4","AC015574.1"
"AL160162.1",0,5.39792262514849,0.051,0.003,0,"4","AL160162.1"
"LINC01446",0,6.28011066529265,0.048,0.001,0,"4","LINC01446"
"AL078590.2",0,5.04946831822402,0.051,0.004,0,"4","AL078590.2"
"TFEC",0,4.98341464990007,0.049,0.003,0,"4","TFEC"
"FREM2",0,5.06727408180014,0.049,0.003,0,"4","FREM2"
"AADACL2-AS1",0,4.86118664286733,0.05,0.004,0,"4","AADACL2-AS1"
"LINC00348",0,6.35828099405496,0.048,0.002,0,"4","LINC00348"
"AC011124.1",0,5.43561087311517,0.049,0.003,0,"4","AC011124.1"
"PTPRZ1",0,4.70311017384081,0.048,0.003,0,"4","PTPRZ1"
"AL353148.1",0,5.01107573449578,0.049,0.004,0,"4","AL353148.1"
"GBX1",0,4.55536609493841,0.048,0.003,0,"4","GBX1"
"AC079380.1",0,5.38063165845525,0.047,0.003,0,"4","AC079380.1"
"LINC01787",0,5.36119768643325,0.047,0.003,0,"4","LINC01787"
"EBF2",0,4.96527016001716,0.045,0.002,0,"4","EBF2"
"DYTN",0,4.87222510348328,0.046,0.003,0,"4","DYTN"
"MDFIC",0,4.25505627590974,0.045,0.003,0,"4","MDFIC"
"LINC00461",0,5.92306154987466,0.044,0.002,0,"4","LINC00461"
"RHOJ",0,4.64730435707462,0.045,0.003,0,"4","RHOJ"
"AL954650.1",0,5.78370290658268,0.044,0.002,0,"4","AL954650.1"
"LINC02549",0,6.4300394752394,0.043,0.001,0,"4","LINC02549"
"LINC01720",0,5.27755602294437,0.044,0.003,0,"4","LINC01720"
"SLC13A1",0,5.34489953452365,0.042,0.002,0,"4","SLC13A1"
"AC106874.1",0,5.94264358515765,0.04,0.001,0,"4","AC106874.1"
"AP001993.1",0,4.94642926782213,0.041,0.003,0,"4","AP001993.1"
"AL049775.2",0,4.97864174050263,0.041,0.003,0,"4","AL049775.2"
"LINC01821",0,6.18633000674945,0.04,0.002,0,"4","LINC01821"
"CASC6",0,5.15805929478486,0.038,0.002,0,"4","CASC6"
"PLEKHG7",0,5.16428531892043,0.038,0.002,0,"4","PLEKHG7"
"LINC01324",0,5.67771255789924,0.038,0.002,0,"4","LINC01324"
"LINC02552",0,5.94212744210884,0.037,0.002,0,"4","LINC02552"
"LINC00383",0,6.14976038852438,0.035,0.001,0,"4","LINC00383"
"AC090679.1",0,5.90900035581527,0.034,0.001,0,"4","AC090679.1"
"LINC00635",0,5.61423152817405,0.033,0.001,0,"4","LINC00635"
"VGLL3",0,5.25449158494247,0.032,0.001,0,"4","VGLL3"
"AC099567.1",0,5.57158418221257,0.033,0.002,0,"4","AC099567.1"
"CPLX4",0,5.43363990647218,0.031,0.001,0,"4","CPLX4"
"LINC00972",0,6.79476370409635,0.029,0,0,"4","LINC00972"
"AC023796.1",0,6.30446011168074,0.03,0.001,0,"4","AC023796.1"
"SI",0,5.90056912802664,0.03,0.001,0,"4","SI"
"LINC02540",0,5.92513860763274,0.03,0.001,0,"4","LINC02540"
"AL163932.1",0,5.9198130716063,0.029,0.001,0,"4","AL163932.1"
"AC111198.1",0,5.80887545674385,0.029,0.001,0,"4","AC111198.1"
"AC105031.3",0,5.36177333336298,0.029,0.001,0,"4","AC105031.3"
"AL589678.1",0,6.84820828587991,0.028,0.001,0,"4","AL589678.1"
"LINC02149",0,5.99899420129487,0.027,0.001,0,"4","LINC02149"
"LINC00448",0,7.01167094432991,0.024,0.001,0,"4","LINC00448"
"AC000061.1",0,6.6172575817325,0.02,0,0,"4","AC000061.1"
"LINC01049",0,6.36750766869209,0.021,0.001,0,"4","LINC01049"
"LINC01360",0,6.31490982889629,0.019,0,0,"4","LINC01360"
"AL049649.1",0,6.78893904410879,0.019,0,0,"4","AL049649.1"
"LINC01701",0,6.24237402530877,0.019,0,0,"4","LINC01701"
"LINC02383",0,7.09936106774701,0.019,0,0,"4","LINC02383"
"AC103718.1",0,6.90653099979369,0.018,0,0,"4","AC103718.1"
"LINC02429",0,6.79010062098839,0.018,0,0,"4","LINC02429"
"AL353633.1",0,7.50259300292673,0.018,0,0,"4","AL353633.1"
"AC108517.1",0,7.28556355602506,0.017,0,0,"4","AC108517.1"
"LINC01327",0,6.56406914201447,0.017,0,0,"4","LINC01327"
"AL133464.1",0,6.61186138642531,0.017,0,0,"4","AL133464.1"
"AC117460.1",0,6.39802350172505,0.016,0,0,"4","AC117460.1"
"AL161751.1",0,6.53023948165177,0.015,0,0,"4","AL161751.1"
"CCER1",0,7.46499593987122,0.015,0,0,"4","CCER1"
"LINC01661",0,7.11907581393467,0.011,0,0,"4","LINC01661"
"AC100781.1",0,7.20611417548709,0.011,0,0,"4","AC100781.1"
"EPYC",0,7.86849977926871,0.01,0,0,"4","EPYC"
"AC079098.1",1.84105318082972e-307,5.02344824139003,0.045,0.003,6.00846116095587e-303,"4","AC079098.1"
"LINC01812",1.68146937420574e-306,5.78349803611194,0.02,0.001,5.48764344965786e-302,"4","LINC01812"
"LINC01781",3.30662418730957e-306,5.20496828175151,0.039,0.002,1.07914986977035e-301,"4","LINC01781"
"LINC01477",5.9472992790422e-306,6.17168711400256,0.021,0.001,1.94096059270821e-301,"4","LINC01477"
"AC025566.1",1.14706421151266e-305,6.40121730576922,0.019,0.001,3.7435587606927e-301,"4","AC025566.1"
"AL133247.1",1.18376715356327e-305,5.94426353069258,0.023,0.001,3.86334248236909e-301,"4","AL133247.1"
"SLC17A3",2.44064783629532e-305,6.07675321911825,0.023,0.001,7.96529827853341e-301,"4","SLC17A3"
"FAP",3.15563635083049e-305,5.3502981526365,0.031,0.001,1.02987347945704e-300,"4","FAP"
"AC090109.1",3.17200949756403e-305,5.37612430801385,0.028,0.001,1.035217019625e-300,"4","AC090109.1"
"NHSL1",5.99583272717841e-305,3.51181881615002,0.118,0.019,1.95679996884195e-300,"4","NHSL1"
"USH2A",1.32644453649371e-304,3.29302042282054,0.243,0.069,4.32898438930088e-300,"4","USH2A"
"GC",1.37712021492322e-304,5.61169939085446,0.03,0.001,4.49436953342342e-300,"4","GC"
"LINC02008",6.34293948380755e-304,4.77953620079975,0.086,0.011,2.07008172993543e-299,"4","LINC02008"
"AC004704.1",1.8727930658748e-303,4.82300973146469,0.062,0.006,6.112047449789e-299,"4","AC004704.1"
"AP001117.1",2.69069522528109e-303,6.38732417148027,0.021,0.001,8.78135293722736e-299,"4","AP001117.1"
"AC063949.2",4.04720822502241e-303,6.22449811908148,0.016,0,1.32084687631831e-298,"4","AC063949.2"
"DSG4",1.32773363390774e-302,7.14125618484781,0.016,0,4.33319148762129e-298,"4","DSG4"
"AC006333.1",1.84930489435245e-302,3.85809538414324,0.07,0.007,6.03539145320867e-298,"4","AC006333.1"
"LINC01949",7.94180016192828e-302,5.00447050425747,0.057,0.005,2.59188590084691e-297,"4","LINC01949"
"AC087672.2",1.00073091496272e-301,5.82958842438506,0.018,0,3.26598541407232e-297,"4","AC087672.2"
"AC007422.2",1.3575711983202e-301,4.84167037484663,0.049,0.004,4.43056936283781e-297,"4","AC007422.2"
"AC093607.1",3.42151592246705e-301,4.14232857244478,0.096,0.013,1.11664593645635e-296,"4","AC093607.1"
"MIR548A1HG",6.36537092216344e-301,4.79818117530468,0.056,0.005,2.07740245415726e-296,"4","MIR548A1HG"
"DPP10",7.80794490018782e-301,3.54430017881829,0.255,0.076,2.5482008976253e-296,"4","DPP10"
"AP003121.1",1.36162725606353e-300,6.84327475232976,0.014,0,4.44380671288895e-296,"4","AP003121.1"
"PKHD1",3.67706351992525e-300,3.09238682410641,0.295,0.098,1.2000464503628e-295,"4","PKHD1"
"COL14A1",1.16425406788894e-299,3.24757882513753,0.171,0.038,3.79965957596234e-295,"4","COL14A1"
"AL391704.2",1.56380388464467e-299,4.35448887731519,0.087,0.011,5.10363035792636e-295,"4","AL391704.2"
"WNT16",3.8696064354868e-299,5.37345674958493,0.024,0.001,1.26288475628547e-294,"4","WNT16"
"SLC17A1",4.53312854019624e-299,6.24421301648122,0.02,0.001,1.47943183037845e-294,"4","SLC17A1"
"AC093459.1",5.10914250961916e-299,4.71727943749822,0.068,0.007,1.66741974943931e-294,"4","AC093459.1"
"LINC02015",1.39938519544647e-297,4.9408040021753,0.055,0.005,4.56703352385908e-293,"4","LINC02015"
"AC096570.1",1.70151833670457e-297,4.19435526304321,0.076,0.009,5.55307524366902e-293,"4","AC096570.1"
"AC026746.1",2.33411084987397e-296,4.69625007093214,0.038,0.002,7.6176041696487e-292,"4","AC026746.1"
"AL035401.1",7.49847447732128e-296,3.10603908396284,0.221,0.059,2.44720213041857e-291,"4","AL035401.1"
"LINC01288",4.94364576787125e-295,5.6165764283346,0.026,0.001,1.61340823280246e-290,"4","LINC01288"
"AC037450.1",1.56190854240859e-293,3.62230969275998,0.167,0.036,5.09744471900467e-289,"4","AC037450.1"
"LINC00911",2.43135600085378e-291,7.00666953251857,0.013,0,7.9349734443864e-287,"4","LINC00911"
"KYNU",5.25689021931329e-291,4.63203430071999,0.055,0.005,1.71563869197509e-286,"4","KYNU"
"ZNF385B",1.53346552411214e-290,3.43622037365156,0.162,0.035,5.00461808449237e-286,"4","ZNF385B"
"RFTN2",3.58506080263181e-290,3.24770023969076,0.162,0.035,1.17002044354692e-285,"4","RFTN2"
"IQCM",1.27835654988167e-289,4.58028385924656,0.097,0.014,4.17204443619381e-285,"4","IQCM"
"AC008568.1",4.75184577195628e-289,3.24924224802609,0.149,0.03,1.55081238613565e-284,"4","AC008568.1"
"AC003666.1",1.26538002449096e-288,4.19891090828677,0.064,0.006,4.12969424792871e-284,"4","AC003666.1"
"LINC01170",1.67539576862055e-286,2.92526435292857,0.282,0.092,5.46782163047002e-282,"4","LINC01170"
"LINC01584",1.19994972137618e-285,4.90307905336502,0.031,0.002,3.91615591068331e-281,"4","LINC01584"
"LY86-AS1",1.42778115740677e-285,5.20388289919566,0.045,0.003,4.65970658531275e-281,"4","LY86-AS1"
"AC011586.1",4.66874294315212e-285,5.43921935128332,0.032,0.002,1.52369094692713e-280,"4","AC011586.1"
"AC016766.1",3.07539775819383e-284,4.24454719402877,0.14,0.028,1.00368681236414e-279,"4","AC016766.1"
"COL12A1",4.8034363984672e-284,3.78310166687098,0.068,0.007,1.56764950300376e-279,"4","COL12A1"
"AC026167.1",5.20247919377359e-284,4.65790032620624,0.076,0.009,1.69788110967995e-279,"4","AC026167.1"
"MIR4300HG",4.68281071962896e-283,3.61490528491454,0.191,0.048,1.52828210645811e-278,"4","MIR4300HG"
"AC117569.1",2.29903581402499e-282,8.01390501830363,0.01,0,7.50313328265195e-278,"4","AC117569.1"
"AL139042.1",1.41080816710792e-281,5.33214513487513,0.041,0.003,4.60431353417341e-277,"4","AL139042.1"
"LINC00558",6.67251486278792e-281,6.69173768152269,0.016,0,2.17764195061947e-276,"4","LINC00558"
"AC114485.1",8.05226129569457e-281,4.7901812739318,0.075,0.009,2.62793599646288e-276,"4","AC114485.1"
"AC090833.1",4.20394763258367e-280,4.52514876903045,0.078,0.01,1.37200034937001e-275,"4","AC090833.1"
"TPH2",4.98417424296106e-277,3.56968123990188,0.097,0.015,1.62663510593277e-272,"4","TPH2"
"PLBD1",5.14990097064131e-277,4.31309086605634,0.068,0.008,1.6807216807785e-272,"4","PLBD1"
"AC109779.1",5.49869739349815e-277,3.17432138067733,0.181,0.043,1.79455488134205e-272,"4","AC109779.1"
"IMPG1",5.88157259256975e-277,4.1388646270617,0.076,0.009,1.91951003131106e-272,"4","IMPG1"
"AL078590.3",7.82985762274773e-277,4.43449653090007,0.071,0.008,2.55535233375995e-272,"4","AL078590.3"
"PKN2-AS1",1.71164337488831e-276,3.37526080164514,0.231,0.067,5.58611931828547e-272,"4","PKN2-AS1"
"LINC01280",5.12718295289998e-276,4.74531276149798,0.04,0.003,1.67330742850844e-271,"4","LINC01280"
"AC114689.3",7.11630573495941e-276,3.23254068637804,0.212,0.058,2.32247753966135e-271,"4","AC114689.3"
"LINC01470",1.80650281495101e-275,3.24621795813107,0.225,0.064,5.89570258687413e-271,"4","LINC01470"
"AC012413.1",3.14975785966926e-275,4.74074871827256,0.05,0.004,1.02795497508166e-270,"4","AC012413.1"
"ATP6V0D2",1.61094296684335e-273,4.93440466241694,0.052,0.005,5.25747346658996e-269,"4","ATP6V0D2"
"COL4A5",3.02813043856179e-273,4.76479442273904,0.059,0.006,9.88260649929026e-269,"4","COL4A5"
"AC108515.1",4.84602496952696e-273,6.47080716155411,0.016,0,1.58154870905482e-268,"4","AC108515.1"
"LINC01035",9.39763187971297e-273,4.9448691049823,0.041,0.003,3.06701114026313e-268,"4","LINC01035"
"AC015522.1",1.06442254590107e-272,4.35880507171114,0.06,0.006,3.47384942080273e-268,"4","AC015522.1"
"AC010235.1",2.96020191518887e-272,4.53797051246342,0.065,0.007,9.6609149704104e-268,"4","AC010235.1"
"DCAF8L2",5.35361181655166e-272,4.86834921037374,0.05,0.004,1.7472047524498e-267,"4","DCAF8L2"
"AC092994.1",1.49426132611212e-271,6.22304386325283,0.015,0,4.87667126389951e-267,"4","AC092994.1"
"AC073332.1",7.55613085874355e-271,3.9490845152137,0.126,0.024,2.46601886705955e-266,"4","AC073332.1"
"MGST1",1.52298555894818e-269,3.8880858055441,0.105,0.017,4.97041567018329e-265,"4","MGST1"
"ZPLD1",2.2549931039046e-268,4.36955436340404,0.087,0.012,7.35939549390306e-264,"4","ZPLD1"
"SASH1",2.30344405194448e-268,3.06188470417398,0.156,0.034,7.51752000792601e-264,"4","SASH1"
"GJA3",3.12754519292819e-268,6.48787124252205,0.01,0,1.02070564916404e-263,"4","GJA3"
"AC011257.1",3.86909427068231e-268,5.78775693353581,0.02,0.001,1.26271760617988e-263,"4","AC011257.1"
"AC097512.1",6.13440117862237e-268,5.04559655298553,0.036,0.002,2.0020231686552e-263,"4","AC097512.1"
"AC097480.1",1.11570793991818e-266,5.16956103969278,0.042,0.003,3.64122443271698e-262,"4","AC097480.1"
"Z93403.1",1.26494573517406e-264,4.49184908437734,0.094,0.014,4.12827690131408e-260,"4","Z93403.1"
"PTPRQ",2.44917115097089e-264,3.96142296568044,0.096,0.015,7.9931149683086e-260,"4","PTPRQ"
"PPP1R3A",6.11891253790642e-264,5.03459696622692,0.044,0.003,1.99696829587114e-259,"4","PPP1R3A"
"LINC01483",1.41990574595956e-263,3.32959455844083,0.146,0.031,4.63400439251361e-259,"4","LINC01483"
"MYO1E",2.39976710053775e-263,3.13816454786862,0.137,0.028,7.83187990931499e-259,"4","MYO1E"
"LINC01950",3.38076115150242e-263,4.2774235247851,0.086,0.012,1.10334520940433e-258,"4","LINC01950"
"PLBD1-AS1",4.31153655744326e-263,5.2213110412875,0.033,0.002,1.40711307088718e-258,"4","PLBD1-AS1"
"AC025524.2",6.72755392559431e-263,5.32659101306398,0.034,0.002,2.19560449915696e-258,"4","AC025524.2"
"AC128685.1",9.39375954512345e-263,4.69236985405343,0.059,0.006,3.06574736514649e-258,"4","AC128685.1"
"MOBP",9.8179711456463e-263,4.23644218780505,0.062,0.007,3.20419306309313e-258,"4","MOBP"
"AC023469.2",2.2002974530027e-262,4.4670351966385,0.082,0.011,7.18089076761963e-258,"4","AC023469.2"
"KIAA1217",2.47158774748004e-262,2.93653710461153,0.259,0.084,8.06627377267587e-258,"4","KIAA1217"
"AC090150.1",4.08131019107902e-261,3.76732175106581,0.065,0.007,1.33197639396055e-256,"4","AC090150.1"
"AC079340.1",5.37746724717307e-261,4.68460387889477,0.034,0.002,1.7549902107874e-256,"4","AC079340.1"
"LINC01392",6.70045059232228e-261,5.1445315128899,0.047,0.004,2.1867590553103e-256,"4","LINC01392"
"MIR548XHG",9.18250562273092e-261,4.58000763492504,0.068,0.008,2.99680253503446e-256,"4","MIR548XHG"
"LINC00589",1.56974946777768e-260,4.1499317654871,0.076,0.01,5.12303436303925e-256,"4","LINC00589"
"POSTN",2.90758273923669e-259,4.14975254132971,0.07,0.008,9.48918702777286e-255,"4","POSTN"
"AC092958.2",6.50418883260012e-259,6.46560684396201,0.014,0,2.12270706740737e-254,"4","AC092958.2"
"AC096719.1",8.86364685590427e-259,3.73608294710469,0.128,0.025,2.89273978789292e-254,"4","AC096719.1"
"AC020551.1",1.25724680475903e-258,5.52308427590609,0.035,0.002,4.10315067201158e-254,"4","AC020551.1"
"AC074237.1",1.69854576577821e-258,5.47448363767111,0.029,0.001,5.54337396119378e-254,"4","AC074237.1"
"FOXP2",3.18950364590454e-258,2.80369924823184,0.15,0.033,1.04092640987741e-253,"4","FOXP2"
"LINC01923",5.03339085770241e-258,4.73295702058423,0.036,0.002,1.64269744031976e-253,"4","LINC01923"
"AC025272.1",5.9237739922159e-258,4.6971027688637,0.048,0.004,1.93328288009958e-253,"4","AC025272.1"
"MRC1",9.38009497220065e-258,4.06292399190767,0.054,0.005,3.0612877951274e-253,"4","MRC1"
"NPSR1",1.03960065308012e-257,3.66168610313063,0.102,0.017,3.39284069139228e-253,"4","NPSR1"
"TTC29",2.73125602730598e-257,3.94232406921574,0.084,0.012,8.91372717071581e-253,"4","TTC29"
"FLT1",5.16879115546886e-257,3.83369164730046,0.076,0.01,1.68688668149882e-252,"4","FLT1"
"AC010230.1",2.31180276781265e-256,4.49591467539715,0.058,0.006,7.54479951303338e-252,"4","AC010230.1"
"NDST4",7.99903486039597e-256,3.45682558794148,0.125,0.024,2.61056501703883e-251,"4","NDST4"
"CR1",2.07727191132366e-255,4.96022031837711,0.042,0.003,6.77938460979591e-251,"4","CR1"
"AC008691.1",4.23747178576807e-255,3.5155807828301,0.139,0.029,1.38294129200327e-250,"4","AC008691.1"
"AC111000.4",5.74394564035332e-255,6.81394018122243,0.011,0,1.87459409918571e-250,"4","AC111000.4"
"LINC00836",7.08660070780154e-255,4.1247844404474,0.073,0.009,2.31278300699811e-250,"4","LINC00836"
"LINC02377",9.17367889258431e-255,4.72012955093317,0.052,0.005,2.99392184338381e-250,"4","LINC02377"
"POU6F2",1.40959475850913e-254,3.20579744530353,0.157,0.036,4.60035345387038e-250,"4","POU6F2"
"AL356277.3",1.95233496534122e-254,3.77530978367524,0.113,0.02,6.37164039288759e-250,"4","AL356277.3"
"AC012409.2",3.85223300579172e-254,3.95990611621018,0.083,0.012,1.25721476377019e-249,"4","AC012409.2"
"AL162414.1",7.34887585540713e-254,3.52522851280782,0.112,0.02,2.39837912417067e-249,"4","AL162414.1"
"SLC2A9",1.24969471230739e-252,3.71537538958521,0.106,0.018,4.0785036630864e-248,"4","SLC2A9"
"AP005209.1",1.29423327461849e-251,6.62210221199415,0.014,0,4.2238597150449e-247,"4","AP005209.1"
"AC093689.1",1.99036432110425e-251,7.36024277957158,0.01,0,6.49575299835582e-247,"4","AC093689.1"
"AC092957.1",5.38821189962254e-251,4.345277180584,0.096,0.016,1.75849683556081e-246,"4","AC092957.1"
"AC087863.1",5.42422773977701e-251,4.90780500335909,0.034,0.002,1.77025096515363e-246,"4","AC087863.1"
"AC116345.1",1.87165170928559e-250,5.69850052451844,0.019,0.001,6.10832251842446e-246,"4","AC116345.1"
"LINC01508",2.87633869912013e-250,4.48579420716551,0.058,0.006,9.38721897844846e-246,"4","LINC01508"
"LINC02469",9.53028902560914e-250,6.80906988708123,0.011,0,3.1103051263978e-245,"4","LINC02469"
"LINC02343",1.0142570940553e-249,3.57248934411375,0.13,0.026,3.31012945215886e-245,"4","LINC02343"
"AC090371.2",1.54192157086046e-249,5.22831326512745,0.035,0.002,5.0322152386602e-245,"4","AC090371.2"
"AC105999.2",1.55627944579702e-249,5.81628065063664,0.027,0.001,5.07907359930315e-245,"4","AC105999.2"
"SULF1",1.66867446975989e-249,3.71383810951046,0.091,0.014,5.44588599950837e-245,"4","SULF1"
"SLCO6A1",4.61109624398745e-249,4.79851678844617,0.044,0.004,1.50487737018774e-244,"4","SLCO6A1"
"ADAM18",5.72834341869238e-248,4.4152976908021,0.047,0.004,1.86950215812445e-243,"4","ADAM18"
"FBN2",9.85097102406854e-248,3.63349732512946,0.121,0.023,3.21496290341501e-243,"4","FBN2"
"AL139383.1",1.22790342878857e-247,2.85249139828917,0.225,0.068,4.00738563019438e-243,"4","AL139383.1"
"CCDC178",3.22984408126299e-246,3.65644828964009,0.146,0.033,1.05409191436099e-241,"4","CCDC178"
"AC023347.1",5.02768830468895e-246,5.80836125864062,0.021,0.001,1.64083635511828e-241,"4","AC023347.1"
"AC063979.2",3.86159115974141e-245,3.52677227829256,0.092,0.014,1.26026889089321e-240,"4","AC063979.2"
"LINC02505",8.89873686972547e-245,5.06394150527684,0.042,0.003,2.9041917648036e-240,"4","LINC02505"
"AC092958.1",4.65382403994722e-244,5.73244443050568,0.019,0.001,1.51882201367718e-239,"4","AC092958.1"
"AL355306.2",1.98949328446568e-243,4.8416128457969,0.058,0.006,6.49291028318218e-239,"4","AL355306.2"
"MLIP-AS1",2.83689638992784e-243,4.52986018916457,0.048,0.004,9.2584950581685e-239,"4","MLIP-AS1"
"LINC00550",5.76337552691508e-243,6.08065718876987,0.013,0,1.880935236964e-238,"4","LINC00550"
"AKR1D1",7.86160985854881e-243,4.70368573661622,0.058,0.006,2.56571499343599e-238,"4","AKR1D1"
"KCNMB2",3.45672472120432e-242,3.30590779338088,0.147,0.033,1.12813668001224e-237,"4","KCNMB2"
"LRMP",5.24266233028258e-242,3.5457663820159,0.098,0.016,1.71099527811102e-237,"4","LRMP"
"ATP6V0A4",1.08164233130515e-241,3.57906256657301,0.087,0.013,3.5300479124475e-237,"4","ATP6V0A4"
"LINC02196",1.24790858024155e-241,3.59278829017198,0.097,0.016,4.07267444247631e-237,"4","LINC02196"
"WNT2",1.6921373512032e-241,4.98160029508962,0.033,0.002,5.52245945938675e-237,"4","WNT2"
"AC092440.1",2.29731480462169e-241,5.00882799720313,0.043,0.003,7.49751659636336e-237,"4","AC092440.1"
"LINC01500",3.99444610394744e-241,4.60685028425639,0.046,0.004,1.30362743048429e-236,"4","LINC01500"
"AC067956.1",5.14797528362695e-241,3.97560251606223,0.073,0.01,1.68009321356449e-236,"4","AC067956.1"
"LINC01162",6.6274672444394e-241,4.72791566173908,0.051,0.005,2.16294020989524e-236,"4","LINC01162"
"AC016687.2",1.6588542222596e-240,4.19077977761984,0.064,0.007,5.41383663976642e-236,"4","AC016687.2"
"IL1R2",3.62748308230177e-240,4.06994183675892,0.038,0.003,1.18386537874e-235,"4","IL1R2"
"TP63",9.46059496354528e-240,4.0721811239804,0.084,0.013,3.08755977230264e-235,"4","TP63"
"LINC01490",9.72454258052613e-239,6.20370878721547,0.014,0,3.17370171658051e-234,"4","LINC01490"
"ASZ1",2.90995244062788e-238,5.0052596871179,0.031,0.002,9.49692078523314e-234,"4","ASZ1"
"AL390957.1",1.08674653038225e-237,2.83558502042153,0.296,0.111,3.54670597655552e-233,"4","AL390957.1"
"DACH2",1.58299036688785e-237,3.76659394653765,0.136,0.03,5.1662473613752e-233,"4","DACH2"
"TRG-AS1",6.27939343936939e-237,4.66959431800192,0.031,0.002,2.04934284287259e-232,"4","TRG-AS1"
"DOCK8",8.1516326351938e-237,3.79943248026847,0.083,0.012,2.66036682682185e-232,"4","DOCK8"
"TECRL",9.46997095066297e-237,5.12247542748508,0.038,0.003,3.09061971945837e-232,"4","TECRL"
"LINC02325",1.33429371584362e-236,6.20757441746466,0.018,0.001,4.35460097102724e-232,"4","LINC02325"
"AP003066.1",1.55474792782019e-236,4.93187787070962,0.041,0.003,5.07407533723398e-232,"4","AP003066.1"
"DOCK1",6.22238885877002e-236,3.31323887580539,0.135,0.029,2.03073882794818e-231,"4","DOCK1"
"AL138720.1",2.8892927626388e-235,3.84865986712094,0.11,0.021,9.42949586014798e-231,"4","AL138720.1"
"AC097487.1",4.37304984926639e-235,4.45831131382865,0.076,0.011,1.42718854880658e-230,"4","AC097487.1"
"TRHDE",6.53224003080829e-235,2.88789295512801,0.199,0.057,2.1318618564546e-230,"4","TRHDE"
"LINC01520",1.38413414983481e-234,5.8375558603037,0.019,0.001,4.51726021140089e-230,"4","LINC01520"
"AC091096.2",1.61413748647779e-234,5.40809872365083,0.029,0.002,5.26789910086893e-230,"4","AC091096.2"
"HCLS1",5.95720645109421e-234,4.27683372268622,0.04,0.003,1.94419389737911e-229,"4","HCLS1"
"AC114954.1",6.02461395734185e-234,5.65778661351874,0.02,0.001,1.96619301111809e-229,"4","AC114954.1"
"GRIN2B",3.26382720061247e-233,3.91976228536282,0.099,0.017,1.06518264519188e-228,"4","GRIN2B"
"AC064834.1",1.40183139688467e-232,4.77256264728643,0.048,0.005,4.57501694687282e-228,"4","AC064834.1"
"PRKG1",1.64795726030068e-231,2.76989065432745,0.261,0.091,5.3782733147173e-227,"4","PRKG1"
"AC062039.1",2.1136947102448e-231,6.45244554894656,0.018,0.001,6.89825405635493e-227,"4","AC062039.1"
"XIRP2",2.22900065103709e-231,4.1168206538569,0.091,0.015,7.27456652472465e-227,"4","XIRP2"
"CD86",4.62341850179078e-231,5.27364311905586,0.021,0.001,1.50889886224444e-226,"4","CD86"
"RBM47",5.62531862326433e-231,3.67235556027347,0.084,0.013,1.83587898588855e-226,"4","RBM47"
"LINC02096",9.91611224035404e-231,5.32367408857433,0.022,0.001,3.23622239076195e-226,"4","LINC02096"
"CD38",1.25830193604387e-230,4.05711780790059,0.048,0.005,4.10659419847277e-226,"4","CD38"
"LINC01317",1.84477088381506e-230,3.74069815446376,0.144,0.034,6.02059425641883e-226,"4","LINC01317"
"ZNF804B",2.30255889676787e-230,2.77688587667279,0.162,0.041,7.51463121549163e-226,"4","ZNF804B"
"AC016152.1",3.39440643600622e-230,4.30505426719604,0.056,0.006,1.10779848445499e-225,"4","AC016152.1"
"SVOPL",4.03578984181595e-230,3.69710858429843,0.091,0.015,1.31712037277505e-225,"4","SVOPL"
"FHL5",4.52737916585481e-230,5.93918909143604,0.017,0.001,1.47755546456837e-225,"4","FHL5"
"AC020718.1",6.92530307117545e-230,5.29034000507055,0.032,0.002,2.26014191030882e-225,"4","AC020718.1"
"C15orf53",1.98059898270101e-229,3.47596539619146,0.135,0.03,6.46388283994301e-225,"4","C15orf53"
"SUGCT",3.3921953242082e-229,2.8673171319087,0.246,0.083,1.10707686600859e-224,"4","SUGCT"
"LINC02477",3.87619691291816e-229,4.04590340939373,0.079,0.012,1.26503562449997e-224,"4","LINC02477"
"AGMO",4.54333051168707e-229,3.50349985649298,0.133,0.029,1.48276134579419e-224,"4","AGMO"
"TMPRSS15",5.41245577423026e-229,3.72450836466387,0.077,0.011,1.76640906647779e-224,"4","TMPRSS15"
"LINC01214",6.45634202400365e-228,5.11688063876052,0.019,0.001,2.10709178295383e-223,"4","LINC01214"
"AL603840.1",2.35356112111314e-227,3.89254460031466,0.11,0.021,7.68108207486483e-223,"4","AL603840.1"
"AC007344.1",4.54757575084324e-227,4.67429839231729,0.048,0.005,1.4841468220452e-222,"4","AC007344.1"
"FLI1",5.8750037208516e-227,3.90015070198237,0.042,0.003,1.91736621433713e-222,"4","FLI1"
"ACSS3",1.01715751005738e-226,3.57246620655199,0.132,0.029,3.31959524982326e-222,"4","ACSS3"
"AL445250.1",5.77802373474978e-226,3.19976481128669,0.175,0.047,1.88571582607294e-221,"4","AL445250.1"
"AC004852.2",1.60184520335759e-225,4.63603042131396,0.061,0.007,5.22778200567783e-221,"4","AC004852.2"
"AC074286.1",1.95841566925287e-225,2.6044167194539,0.203,0.06,6.39148537817366e-221,"4","AC074286.1"
"LINC02309",1.19623360545898e-224,5.44243617332255,0.026,0.001,3.90402799477591e-220,"4","LINC02309"
"AC092167.1",1.56743830837749e-224,3.39525655580841,0.126,0.027,5.11549166322076e-220,"4","AC092167.1"
"LINC02465",1.99556971328221e-224,4.76370155225226,0.051,0.005,6.51274131626782e-220,"4","LINC02465"
"RSPO3",2.12262778931241e-224,5.02515844780683,0.03,0.002,6.92740805319998e-220,"4","RSPO3"
"AP001116.1",7.47220003419364e-224,5.59313496534437,0.023,0.001,2.43862720315944e-219,"4","AP001116.1"
"LINC00326",2.08306669060118e-223,5.28157150303355,0.023,0.001,6.79829645144602e-219,"4","LINC00326"
"LINC01197",3.31511480628146e-223,4.79860731275423,0.044,0.004,1.08192086817802e-218,"4","LINC01197"
"LINC02227",4.71925432419615e-223,3.14130321597007,0.113,0.022,1.54017584124466e-218,"4","LINC02227"
"ALPK1",1.01705326584192e-222,4.38549534364417,0.049,0.005,3.3192550384017e-218,"4","ALPK1"
"LINC01692",1.25952564104124e-222,4.08638205853724,0.08,0.012,4.11058788210218e-218,"4","LINC01692"
"DIRC3",2.352945809526e-222,2.39104893640591,0.328,0.136,7.67907394396905e-218,"4","DIRC3"
"LINC01204",2.94619783312977e-222,5.07774268979553,0.034,0.002,9.61521124820233e-218,"4","LINC01204"
"AC055758.2",1.90158392462567e-221,5.2711097848844,0.018,0.001,6.20600929640832e-217,"4","AC055758.2"
"AC002465.1",1.1683812942474e-220,5.75759667641175,0.013,0,3.81312919190583e-216,"4","AC002465.1"
"SLC27A6",1.68501056065114e-220,4.06194424613606,0.106,0.02,5.49920046574106e-216,"4","SLC27A6"
"SLC4A4",2.89947980173258e-220,2.95607551197371,0.134,0.03,9.46274228093445e-216,"4","SLC4A4"
"AC096759.11",2.97563554102131e-220,4.11827296700985,0.055,0.006,9.71128415167716e-216,"4","AC096759.1"
"LINC02109",6.92266401954525e-220,4.93388717626252,0.037,0.003,2.25928062941879e-215,"4","LINC02109"
"CCDC170",2.00954140723851e-219,3.82299082089013,0.069,0.009,6.5583393366636e-215,"4","CCDC170"
"MGAM2",4.75221858386089e-219,3.85093928561542,0.069,0.009,1.55093405702884e-214,"4","MGAM2"
"CNTN6",1.99263427668282e-217,3.33871416938016,0.139,0.033,6.50316122538204e-213,"4","CNTN6"
"LY96",2.23114890710684e-217,4.36610798111175,0.041,0.004,7.2815775732339e-213,"4","LY96"
"LINC00922",2.2395403636983e-217,4.52658658776084,0.051,0.005,7.30896393096576e-213,"4","LINC00922"
"AC078845.11",2.39172923997225e-217,3.29295253565265,0.112,0.022,7.80564754757344e-213,"4","AC078845.1"
"MIR3976HG",2.82086874643391e-217,5.09050659945426,0.032,0.002,9.20618724086171e-213,"4","MIR3976HG"
"GSDMC",4.90963557483312e-217,6.52009545465205,0.012,0,1.60230866620254e-212,"4","GSDMC"
"PLA2G4A",6.95829941326491e-217,4.50870463719231,0.045,0.004,2.27091059651314e-212,"4","PLA2G4A"
"HHLA2",9.58382060312328e-217,3.34752647793192,0.101,0.019,3.12777569203531e-212,"4","HHLA2"
"MIR4527HG",1.32299734542985e-216,4.20416374606853,0.053,0.006,4.31773413654484e-212,"4","MIR4527HG"
"PRKCH",1.43331266003997e-216,3.38432754061194,0.103,0.019,4.67775919730643e-212,"4","PRKCH"
"NOTCH2",2.53484364251562e-216,4.31378239060273,0.036,0.003,8.27271571171397e-212,"4","NOTCH2"
"FER1L6-AS1",3.68025635496226e-216,4.91122278543812,0.029,0.002,1.20108846400548e-211,"4","FER1L6-AS1"
"EGF",9.57737632944756e-216,4.96562939304061,0.035,0.003,3.12567253887851e-211,"4","EGF"
"AC100801.1",1.21513704205342e-215,4.93191866026036,0.032,0.002,3.96572125044555e-211,"4","AC100801.1"
"AC106900.1",1.10570194428164e-214,4.22182283944399,0.034,0.003,3.60856886535757e-210,"4","AC106900.1"
"LINC01090",1.83256314624466e-214,3.12853010795214,0.2,0.061,5.98075308408409e-210,"4","LINC01090"
"TRPC7",1.99003074443248e-214,3.16658383030095,0.119,0.025,6.49466433752984e-210,"4","TRPC7"
"AC090124.1",2.4619872351724e-214,4.43091438476274,0.065,0.009,8.03494154070864e-210,"4","AC090124.1"
"SLC14A2",4.56249979158955e-214,3.42920505904631,0.129,0.029,1.48901743198317e-209,"4","SLC14A2"
"TMEM212",3.16541224365923e-213,5.35371973152656,0.031,0.002,1.03306393984063e-208,"4","TMEM212"
"SLC9C2",7.69169808432651e-212,3.76016033534339,0.072,0.01,2.5102625868008e-207,"4","SLC9C2"
"MGAM",8.99698964947584e-212,2.82513501398543,0.161,0.042,2.93625754200294e-207,"4","MGAM"
"AC116634.1",1.10529355660767e-211,4.84388980950395,0.044,0.004,3.6072360513448e-207,"4","AC116634.1"
"NPR31",3.53646023504734e-211,3.48107577319321,0.06,0.007,1.15415916231005e-206,"4","NPR3"
"AC079150.1",5.73145801538953e-211,4.59473286487553,0.044,0.004,1.87051863790253e-206,"4","AC079150.1"
"AC011294.1",1.48910287957473e-210,6.1425529616958,0.017,0.001,4.8598361577801e-206,"4","AC011294.1"
"LINC00640",4.34712400299095e-210,3.64754247998541,0.052,0.006,1.41872738961613e-205,"4","LINC00640"
"AC107973.1",7.94045415123878e-210,4.14044726165795,0.065,0.009,2.59144661679829e-205,"4","AC107973.1"
"AC068759.1",1.90663825391806e-209,4.59164932243618,0.044,0.004,6.22250460548698e-205,"4","AC068759.1"
"FER1L6-AS2",3.30292119882364e-209,3.73241166239511,0.066,0.009,1.07794136244808e-204,"4","FER1L6-AS2"
"WWTR1",3.38358151360948e-209,2.76590509682488,0.158,0.041,1.10426566278159e-204,"4","WWTR1"
"LINC01179",4.35130533379578e-209,5.24716819067398,0.025,0.001,1.42009200873759e-204,"4","LINC01179"
"LRP2",7.17037107907072e-209,4.24528634869672,0.066,0.009,2.34012230536552e-204,"4","LRP2"
"GABRR3",9.38683781264179e-209,6.23492204776625,0.014,0,3.06348838853377e-204,"4","GABRR3"
"AC109492.1",1.21084029134276e-208,3.94249317512831,0.086,0.015,3.95169837482624e-204,"4","AC109492.1"
"TGM6",1.38531373775845e-208,4.19070634513924,0.048,0.005,4.52110991454848e-204,"4","TGM6"
"MMP26",1.01775516703624e-207,4.43649065271191,0.062,0.008,3.32154576313948e-203,"4","MMP26"
"LINC01104",1.06457902457533e-207,4.66558943752934,0.027,0.002,3.47436010460404e-203,"4","LINC01104"
"LINC01592",4.19165354873715e-207,4.44002934517957,0.058,0.007,1.36798805216586e-202,"4","LINC01592"
"IL12A-AS1",6.15370091918274e-207,3.39722186653598,0.116,0.025,2.00832183198448e-202,"4","IL12A-AS1"
"EYA2",2.48571571192108e-206,3.58790855149013,0.093,0.017,8.11238179742564e-202,"4","EYA2"
"FAM20A",4.71433425852366e-206,3.02063321305349,0.148,0.037,1.53857012861178e-201,"4","FAM20A"
"ALDH1A1",2.82925654577409e-205,4.07085650073005,0.058,0.007,9.2335616627883e-201,"4","ALDH1A1"
"AC008250.1",3.22838497792433e-205,5.20744358652754,0.026,0.001,1.05361572139538e-200,"4","AC008250.1"
"LINC02005",4.47714505880893e-205,4.98787798609861,0.03,0.002,1.46116106139288e-200,"4","LINC02005"
"RGS21",3.0703996330759e-204,4.92348265844874,0.029,0.002,1.00205562425065e-199,"4","RGS21"
"LY86",6.87057822589395e-204,5.19240972708105,0.021,0.001,2.24228190980275e-199,"4","LY86"
"LINC00587",8.69760224839946e-204,4.78718877347989,0.043,0.004,2.83854946978765e-199,"4","LINC00587"
"AJ009632.2",9.14528178730483e-204,4.29000628101048,0.065,0.009,2.98465416410481e-199,"4","AJ009632.2"
"AC110772.1",1.65676760644116e-203,5.31536304549817,0.021,0.001,5.40702676038136e-199,"4","AC110772.1"
"AC103770.1",3.40408238423166e-203,3.76919048103806,0.07,0.01,1.11095632691784e-198,"4","AC103770.1"
"AC093817.1",1.87109275714408e-202,6.20156757799848,0.012,0,6.10649832221541e-198,"4","AC093817.1"
"AL354896.1",2.84326500357389e-202,5.2611568300004,0.023,0.001,9.27927966566375e-198,"4","AL354896.1"
"GRXCR1",3.78268989249966e-202,5.112568140413,0.034,0.003,1.23451867331619e-197,"4","GRXCR1"
"MSH4",6.55384847926414e-202,2.92320806346101,0.144,0.036,2.13891398969265e-197,"4","MSH4"
"THRB",1.17252639301713e-201,3.57319211280177,0.117,0.026,3.8266571362507e-197,"4","THRB"
"DIRC1",3.13408586947834e-201,4.67064846554601,0.046,0.005,1.02284026436295e-196,"4","DIRC1"
"LINC00850",5.71006281942104e-201,4.59752303651363,0.032,0.002,1.86353610174625e-196,"4","LINC00850"
"MUC13",8.10409124792076e-201,4.3850786838324,0.033,0.002,2.64485121967142e-196,"4","MUC13"
"LINC00430",1.29207145492017e-200,6.61973247713253,0.012,0,4.21680440027745e-196,"4","LINC00430"
"AGBL1-AS1",1.31842508337054e-200,6.01054014448951,0.012,0,4.3028121020881e-196,"4","AGBL1-AS1"
"AL138826.1",1.43901363911093e-200,5.00689136997379,0.034,0.003,4.69636491260244e-196,"4","AL138826.1"
"THSD7B",1.65563795958536e-200,2.08509989949441,0.33,0.142,5.40334004490277e-196,"4","THSD7B"
"MALRD1",2.0922652575179e-200,2.72982028437251,0.247,0.09,6.8283168944354e-196,"4","MALRD1"
"AL137789.1",3.58826455259417e-200,5.19072437176616,0.016,0.001,1.17106601938463e-195,"4","AL137789.1"
"AC009365.1",7.68782095632508e-200,3.4946225648964,0.069,0.01,2.50899724730625e-195,"4","AC009365.1"
"ADGRL4",5.21209460656991e-199,4.29668537283186,0.03,0.002,1.70101919580016e-194,"4","ADGRL4"
"CLIC5",5.9996160378002e-199,3.94063995363059,0.061,0.008,1.95803469009647e-194,"4","CLIC5"
"DCDC2C",7.18419531447423e-199,3.70422222248463,0.07,0.011,2.34463398283181e-194,"4","DCDC2C"
"AC092131.1",9.59015396685084e-199,4.56713060740945,0.059,0.008,3.12984264862144e-194,"4","AC092131.1"
"GLI3",2.5429480242058e-198,3.55831136828157,0.071,0.011,8.29916517179804e-194,"4","GLI3"
"SKAP1",6.19837261668577e-198,2.8300055863748,0.153,0.041,2.02290088718157e-193,"4","SKAP1"
"C1orf87",7.35243052178336e-198,5.2080865334327,0.03,0.002,2.39953922508922e-193,"4","C1orf87"
"PPP1R1C",5.89530492149334e-197,3.75329078650424,0.089,0.016,1.92399171417857e-192,"4","PPP1R1C"
"AC006974.2",7.6825159748126e-197,5.11308209020886,0.023,0.001,2.50726591353984e-192,"4","AC006974.2"
"TINAG",1.32226181678568e-196,4.49340138936198,0.043,0.004,4.31533366526174e-192,"4","TINAG"
"SLC9A9",1.47452034769698e-196,2.85827485849245,0.195,0.061,4.81224460674388e-192,"4","SLC9A9"
"UBE2U",1.6012679778507e-196,5.09660162305376,0.03,0.002,5.22589817251353e-192,"4","UBE2U"
"ARHGAP18",4.08854682173753e-196,3.43343084157463,0.103,0.021,1.33433814074226e-191,"4","ARHGAP18"
"AC099792.1",6.14659109147372e-196,4.0365245331244,0.064,0.009,2.00600146861336e-191,"4","AC099792.1"
"M1AP",7.11698100566641e-196,4.28749818549583,0.062,0.008,2.32269792100929e-191,"4","M1AP"
"DPYS",7.6338994094329e-196,3.12621437513174,0.104,0.021,2.49139941126252e-191,"4","DPYS"
"SERPINI2",1.81039988701036e-195,3.804229977292,0.061,0.008,5.908421071247e-191,"4","SERPINI2"
"TRPC6",3.31781893118393e-195,4.31190349279057,0.073,0.011,1.08280338638119e-190,"4","TRPC6"
"AC019330.1",7.61656533994869e-195,3.86306123804989,0.077,0.013,2.48574226434565e-190,"4","AC019330.1"
"AL138694.1",1.0989220715147e-194,4.15478538046174,0.041,0.004,3.58644207259538e-190,"4","AL138694.1"
"LINC01146",1.49925471469944e-194,4.77658037213134,0.034,0.003,4.89296768689309e-190,"4","LINC01146"
"KCNG2",1.52329590460959e-194,4.33920027323957,0.048,0.005,4.97142851428385e-190,"4","KCNG2"
"KCNE4",1.53243337456819e-194,3.82821849036019,0.065,0.009,5.00124956124076e-190,"4","KCNE4"
"FPR1",1.92942148050799e-194,4.8547598021009,0.031,0.002,6.29685994378588e-190,"4","FPR1"
"LINC02359",2.02219152351376e-194,5.20639486943669,0.03,0.002,6.59962425613949e-190,"4","LINC02359"
"PKHD1L1",1.04632182807145e-193,4.6184247514349,0.041,0.004,3.414775918094e-189,"4","PKHD1L1"
"AC009271.1",6.49269903901699e-193,3.93824885558946,0.063,0.009,2.11895725837359e-188,"4","AC009271.1"
"GPR160",1.26530524635167e-192,3.37767733206983,0.071,0.011,4.1294502019933e-188,"4","GPR160"
"AC025470.2",1.92189028967482e-192,4.13602411829521,0.054,0.007,6.27228114938275e-188,"4","AC025470.2"
"LINC02484",5.03318194503933e-192,3.69701359432125,0.074,0.012,1.64262925958304e-187,"4","LINC02484"
"CCDC197",9.45276933137055e-192,6.02811975701604,0.011,0,3.08500579898609e-187,"4","CCDC197"
"COX7B2",1.09300005964373e-191,4.63188393357807,0.045,0.005,3.56711499465327e-187,"4","COX7B2"
"HAPLN1",1.50342802660819e-191,4.77333943197287,0.035,0.003,4.90658770763849e-187,"4","HAPLN1"
"AL390962.1",1.74212832821504e-191,5.0661285535994,0.027,0.002,5.6856100119626e-187,"4","AL390962.1"
"SAMD12-AS1",1.91249677942305e-191,4.06900511018142,0.076,0.012,6.24162448932506e-187,"4","SAMD12-AS1"
"BMP6",3.77886573211466e-191,4.93325319117051,0.034,0.003,1.23327062033294e-186,"4","BMP6"
"LINC02133",4.25623975035634e-191,3.77623719367234,0.075,0.012,1.3890664049263e-186,"4","LINC02133"
"ANKRD22",9.1818572191553e-191,6.68404646040443,0.01,0,2.99659092204352e-186,"4","ANKRD22"
"PPP1R42",1.20242053350964e-190,3.54756557214715,0.085,0.015,3.92421965316206e-186,"4","PPP1R42"
"LINC01865",1.48364297914677e-190,4.90535152374669,0.029,0.002,4.84201722674341e-186,"4","LINC01865"
"TBXAS1",1.37874657222143e-189,2.86473832858603,0.152,0.041,4.49967731310187e-185,"4","TBXAS1"
"UGT2B15",1.86155848575779e-189,6.76056752492364,0.014,0,6.07538227411912e-185,"4","UGT2B15"
"AC090155.2",2.9746804318197e-189,6.33000868681089,0.01,0,9.70816705728676e-185,"4","AC090155.2"
"AC021006.2",4.75388475873909e-189,4.19011840512974,0.053,0.007,1.55147782986209e-184,"4","AC021006.2"
"ANKRD30A1",6.29272581851434e-189,3.72781473107827,0.076,0.013,2.05369399813034e-184,"4","ANKRD30A"
"AC113137.1",6.85165970804858e-189,4.11942444375917,0.072,0.012,2.23610766231873e-184,"4","AC113137.1"
"AC105094.2",1.19991177933499e-188,3.67147172856117,0.079,0.014,3.91603208303766e-184,"4","AC105094.2"
"PRDM9",1.20211120559086e-188,5.18352651336085,0.025,0.002,3.92321013056632e-184,"4","PRDM9"
"AGR2",1.65593863056393e-188,4.90868049683011,0.023,0.001,5.40432131470845e-184,"4","AGR2"
"AC073325.1",1.76203591626361e-188,4.66498277468701,0.035,0.003,5.75058041631791e-184,"4","AC073325.1"
"AC021192.1",1.80201416804416e-188,5.1142555955132,0.024,0.001,5.88105343882892e-184,"4","AC021192.1"
"COL4A4",2.95255937907448e-188,3.43403989412694,0.099,0.02,9.63597278954749e-184,"4","COL4A4"
"HAO1",4.4196908584251e-188,4.35057492806148,0.026,0.002,1.44241030855562e-183,"4","HAO1"
"CAV2",6.02183195763401e-188,4.17683768286526,0.07,0.011,1.96528507769344e-183,"4","CAV2"
"LINC00578",9.73604248805503e-188,3.15059366145401,0.138,0.035,3.17745482640164e-183,"4","LINC00578"
"AC017091.1",1.11837236726272e-187,4.71838405662708,0.044,0.005,3.6499200577986e-183,"4","AC017091.1"
"GADL1",2.76948418874036e-187,4.90007188422623,0.031,0.002,9.03848859837303e-183,"4","GADL1"
"MTUS2",3.76758528737231e-187,2.93429081171912,0.205,0.069,1.22958913438683e-182,"4","MTUS2"
"NGEF",6.89974066261135e-187,3.07882963487404,0.122,0.029,2.25179936264984e-182,"4","NGEF"
"AC004053.1",7.04135159948801e-187,3.40629690216213,0.133,0.033,2.29801550800891e-182,"4","AC004053.1"
"CLEC2A",9.77965855040329e-187,4.72154536513611,0.018,0.001,3.19168936450962e-182,"4","CLEC2A"
"SNTG1",3.26942350630054e-186,2.17529086455304,0.255,0.097,1.06700905551624e-181,"4","SNTG1"
"LINC00604",3.42920364746236e-186,5.37438169528862,0.021,0.001,1.11915490238582e-181,"4","LINC00604"
"MAP3K19",3.77526890606514e-186,3.32109610108047,0.128,0.031,1.23209676018342e-181,"4","MAP3K19"
"LINC01192",8.54775143882484e-186,4.16661664406009,0.075,0.013,2.78964415957488e-181,"4","LINC01192"
"LINC02208",1.29565579679294e-185,4.24634103953727,0.054,0.007,4.22850225841343e-181,"4","LINC02208"
"AC007384.1",1.73883561217671e-185,4.11959465346743,0.052,0.006,5.67486390389991e-181,"4","AC007384.1"
"LINC02141",1.88910942480786e-185,4.35924511924717,0.059,0.008,6.16529751880294e-181,"4","LINC02141"
"LINC02174",5.95499318721949e-185,5.93027120635354,0.017,0.001,1.94347157658095e-180,"4","LINC02174"
"ZIC1",1.53370160472564e-184,5.37041403859009,0.022,0.001,5.00538855718259e-180,"4","ZIC1"
"LINC00989",3.1212008420136e-184,5.06319949819056,0.024,0.001,1.01863510679956e-179,"4","LINC00989"
"AC060765.11",1.14494206799944e-183,4.03117124041307,0.064,0.009,3.73663293312297e-179,"4","AC060765.1"
"AC128707.1",1.72046045368137e-183,3.77288599630732,0.064,0.009,5.61489473663453e-179,"4","AC128707.1"
"LINC02296",7.63435520794156e-183,3.94091307307796,0.083,0.015,2.49154816566381e-178,"4","LINC02296"
"AC046195.1",1.11974289042638e-182,3.4226233414254,0.119,0.028,3.65439289719554e-178,"4","AC046195.1"
"LINC01789",1.13930541117225e-182,5.07393476729642,0.037,0.003,3.71823713990176e-178,"4","LINC01789"
"AL445584.2",1.30154697493529e-182,3.72514870497985,0.092,0.018,4.2477287073988e-178,"4","AL445584.2"
"PSTPIP2",1.81413431894423e-182,3.23633122443064,0.092,0.018,5.9206087633064e-178,"4","PSTPIP2"
"AC003984.1",1.92206936717792e-182,5.87946791959497,0.016,0.001,6.27286558672187e-178,"4","AC003984.1"
"AC092920.1",1.96872485947992e-182,2.85835578709312,0.171,0.052,6.42513045139866e-178,"4","AC092920.1"
"F9",2.22939199398457e-182,5.87707830897529,0.013,0,7.27584371156805e-178,"4","F9"
"CR383656.10",4.27808802076371e-182,5.77590587075052,0.026,0.002,1.39619680645644e-177,"4","CR383656.10"
"LINC02262",6.274880783669e-182,3.73538580207129,0.05,0.006,2.04787009255821e-177,"4","LINC02262"
"IKZF1",9.06716362179643e-182,3.60142931759612,0.043,0.004,2.95915951960948e-177,"4","IKZF1"
"Z96074.1",9.99376687270241e-182,4.13626742672175,0.089,0.017,3.26156575657516e-177,"4","Z96074.1"
"C5orf47",1.08017905866867e-181,3.89815986718669,0.045,0.005,3.52527237587107e-177,"4","C5orf47"
"SLC7A13",1.82723105650655e-181,4.8340487170923,0.032,0.003,5.96335127601477e-177,"4","SLC7A13"
"FILNC1",4.39190159001111e-181,4.80484329234903,0.038,0.004,1.43334100291603e-176,"4","FILNC1"
"AL133268.3",5.24244104903677e-181,5.27958853770825,0.021,0.001,1.71092306076364e-176,"4","AL133268.3"
"DNAH11",6.78714491358098e-181,2.92573362024636,0.126,0.031,2.21505261399629e-176,"4","DNAH11"
"LINC01202",8.72805680237696e-181,4.76562194852774,0.03,0.002,2.84848861802374e-176,"4","LINC01202"
"RREB1",1.407563904369e-180,3.82247938413835,0.045,0.005,4.59372555829867e-176,"4","RREB1"
"AC106894.1",1.67753736103163e-180,4.16067999546161,0.05,0.006,5.47481093146283e-176,"4","AC106894.1"
"STK3",4.02211823972081e-180,2.54602291634071,0.217,0.076,1.31265850871528e-175,"4","STK3"
"LINC02306",5.76437802731573e-180,4.01710799820973,0.084,0.016,1.88126241299476e-175,"4","LINC02306"
"AC018680.1",7.23789824380428e-180,3.73170925245798,0.104,0.023,2.36216047084796e-175,"4","AC018680.1"
"GHR",1.42610521922729e-179,3.33784257929196,0.104,0.022,4.65423699347019e-175,"4","GHR"
"VEPH1",2.50228601250368e-179,3.36485188144922,0.099,0.021,8.16646063040701e-175,"4","VEPH1"
"ADGRG6",4.53820099857869e-179,3.77607663098513,0.06,0.009,1.48108727789614e-174,"4","ADGRG6"
"CFAP299",5.56837648442153e-179,3.42345168115928,0.135,0.035,1.81729534945581e-174,"4","CFAP299"
"LINC02113",8.8282888942999e-179,4.71122937408877,0.028,0.002,2.88120036354372e-174,"4","LINC02113"
"AL662791.2",1.04854408864756e-178,5.44303176646218,0.017,0.001,3.42202848771018e-174,"4","AL662791.2"
"AC022568.1",1.91313176327466e-178,5.44495179598568,0.018,0.001,6.24369682262317e-174,"4","AC022568.1"
"LINC02099",2.31908711764622e-178,3.89402828685901,0.048,0.006,7.56857271715019e-174,"4","LINC02099"
"AC087269.1",3.04612996197745e-178,4.6303695202885,0.028,0.002,9.9413497439096e-174,"4","AC087269.1"
"LINC02209",4.46126889739104e-178,4.87525733250425,0.02,0.001,1.45597971735254e-173,"4","LINC02209"
"AC123777.1",5.08591172551929e-178,5.53689219385072,0.016,0.001,1.65983815074048e-173,"4","AC123777.1"
"LINC02355",6.3954593207018e-178,4.41909445174593,0.047,0.006,2.08722210390424e-173,"4","LINC02355"
"LINC01898",9.85815638693352e-178,6.90095874304341,0.01,0,3.21730791843962e-173,"4","LINC01898"
"LINC01885",1.23062879368789e-177,3.13554862802465,0.082,0.015,4.01628013107981e-173,"4","LINC01885"
"AL450423.1",1.42959861362869e-177,5.12298756123602,0.027,0.002,4.66563803543858e-173,"4","AL450423.1"
"AC113355.1",1.97584324854364e-177,6.01879271156471,0.011,0,6.44836202594701e-173,"4","AC113355.1"
"TGFA",2.05550764540606e-177,4.5178171258068,0.027,0.002,6.70835475154721e-173,"4","TGFA"
"AL157778.1",7.69768838332549e-177,4.38942166591829,0.057,0.008,2.51221758078211e-172,"4","AL157778.1"
"CCDC175",7.86677204242951e-177,2.90224755945982,0.107,0.024,2.56739972376729e-172,"4","CCDC175"
"LINC01811",9.23281061356239e-177,3.30149597677819,0.106,0.024,3.01322007184222e-172,"4","LINC01811"
"DCT",1.44719088587325e-176,3.59630394314901,0.076,0.013,4.72305217513593e-172,"4","DCT"
"AC104454.2",2.25217868857142e-176,5.12020753574413,0.018,0.001,7.35021036802168e-172,"4","AC104454.2"
"AL356479.1",2.94128062314609e-176,3.03044921042006,0.193,0.064,9.59916344169958e-172,"4","AL356479.1"
"LINC00305",2.95251089496405e-176,5.50797592456954,0.019,0.001,9.63581455680466e-172,"4","LINC00305"
"AC015845.2",5.36483907427118e-176,3.01714836205819,0.102,0.022,1.75086888027914e-171,"4","AC015845.2"
"NKAIN2",1.24803556333938e-175,2.82830777274391,0.223,0.082,4.07308886451439e-171,"4","NKAIN2"
"LINC00393",1.97622940341748e-175,2.97622374569278,0.145,0.04,6.44962228099328e-171,"4","LINC00393"
"AC091826.2",4.7164177163237e-175,5.3448755174835,0.019,0.001,1.5392500858994e-170,"4","AC091826.2"
"PHLDB2",8.36653621786782e-175,3.73242045472335,0.044,0.005,2.73050276006334e-170,"4","PHLDB2"
"PLSCR2",1.17496631631676e-174,4.03882226346893,0.066,0.01,3.83462006993139e-170,"4","PLSCR2"
"AOAH",3.00455506344729e-174,3.00904354507009,0.127,0.032,9.80566590506657e-170,"4","AOAH"
"SYK",3.3079749542304e-174,4.39265176480891,0.034,0.003,1.07959070606263e-169,"4","SYK"
"AC034114.2",3.3386203035696e-174,3.13123829749054,0.124,0.031,1.08959212227298e-169,"4","AC034114.2"
"SLC9A4",9.29391140029609e-174,6.82365915031631,0.01,0,3.03316092460063e-169,"4","SLC9A4"
"AC138305.1",1.39981623377519e-173,3.48529718632348,0.111,0.026,4.5684402605487e-169,"4","AC138305.1"
"COLEC10",1.72497452133549e-173,4.8910147485694,0.032,0.003,5.62962684783051e-169,"4","COLEC10"
"PECAM1",2.45018768628496e-173,3.90036363072663,0.045,0.005,7.9964325329596e-169,"4","PECAM1"
"AL353753.1",4.48375001092736e-173,2.77477994960953,0.146,0.041,1.46331665356625e-168,"4","AL353753.1"
"AC131254.1",4.68260087987618e-173,5.14369987411869,0.021,0.001,1.52821362315639e-168,"4","AC131254.1"
"PREX2",9.88677708712339e-173,3.62771873105405,0.055,0.007,3.22664857015359e-168,"4","PREX2"
"LINC01331",1.64527780614728e-172,4.71195221662536,0.031,0.003,5.36952864814227e-168,"4","LINC01331"
"LINC02439",2.19345251360548e-172,5.8695223944734,0.014,0,7.15855162340284e-168,"4","LINC02439"
"AC018618.1",2.20644444988884e-172,3.31285354499632,0.062,0.009,7.20095210665723e-168,"4","AC018618.1"
"ARHGAP25",2.27013232381467e-172,3.32700527820067,0.082,0.015,7.40880385200154e-168,"4","ARHGAP25"
"AP001341.1",6.06535750298984e-172,3.52175887009343,0.086,0.017,1.97949007467576e-167,"4","AP001341.1"
"AL358332.1",7.38878739772064e-172,4.02934709050386,0.035,0.003,2.41140465512011e-167,"4","AL358332.1"
"LINC02550",8.09945570465698e-172,4.211687986013,0.043,0.005,2.64333836377185e-167,"4","LINC02550"
"AP000459.1",8.16622702881233e-172,6.12241106967699,0.01,0,2.66512985312319e-167,"4","AP000459.1"
"AP003181.1",8.47607799645283e-172,3.85689189429566,0.079,0.014,2.76625281492235e-167,"4","AP003181.1"
"SAMD3",1.15412555748539e-171,3.30999872871275,0.101,0.022,3.76660416940931e-167,"4","SAMD3"
"PRKD1",1.34312615572853e-171,3.53620729308237,0.098,0.021,4.38342652183563e-167,"4","PRKD1"
"AL122019.1",2.23547970239618e-171,3.67124522120156,0.079,0.014,7.29571155674018e-167,"4","AL122019.1"
"SEL1L2",5.36953678458713e-171,3.96227600257694,0.07,0.012,1.75240202501786e-166,"4","SEL1L2"
"ADAD1",1.46012071508501e-170,5.54507994671862,0.018,0.001,4.76524996575143e-166,"4","ADAD1"
"COL23A1",2.20392063828458e-170,2.8606836416061,0.117,0.028,7.19271539510557e-166,"4","COL23A1"
"AC007100.1",4.8408123208014e-170,3.68128767461793,0.082,0.016,1.57984750901674e-165,"4","AC007100.1"
"AC087857.1",8.61429719928796e-170,4.29381621926867,0.046,0.006,2.81136203395962e-165,"4","AC087857.1"
"AC105919.1",1.34400112482696e-169,5.24840333235076,0.027,0.002,4.38628207098527e-165,"4","AC105919.1"
"AC108721.1",2.14209689768603e-169,5.91475717065671,0.014,0.001,6.99094743528812e-165,"4","AC108721.1"
"NALCN-AS1",2.9042194313949e-169,3.52723153578566,0.105,0.024,9.47821053630038e-165,"4","NALCN-AS1"
"GRAMD2B",4.02845737611727e-169,3.24575963088889,0.093,0.019,1.31472734926963e-164,"4","GRAMD2B"
"LINC01435",7.63227828217823e-169,2.18807218277449,0.227,0.084,2.49087034017169e-164,"4","LINC01435"
"ENPP3",7.83697483120163e-169,3.66660473476851,0.065,0.01,2.55767510591096e-164,"4","ENPP3"
"PTPN14",1.04120801986297e-168,3.21928310914767,0.081,0.015,3.39808649362479e-164,"4","PTPN14"
"GABRA6",1.46831084211477e-168,4.59738732379072,0.045,0.005,4.79197926432578e-164,"4","GABRA6"
"AGR3",3.04451162891517e-168,4.94416149437476,0.024,0.002,9.93606815212756e-164,"4","AGR3"
"FAM83B",4.59624313793351e-168,4.85307103442042,0.028,0.002,1.50002991049598e-163,"4","FAM83B"
"LINC02150",1.32746310897504e-167,2.94492319311706,0.121,0.03,4.33230860245095e-163,"4","LINC02150"
"ADGRG7",3.20799319032372e-167,4.4114948273899,0.03,0.002,1.04696065759405e-162,"4","ADGRG7"
"AC010745.2",4.75609016347776e-167,4.83231624650642,0.062,0.01,1.5521975857526e-162,"4","AC010745.2"
"ADAMTS19",5.26319696789003e-167,2.31372731896912,0.151,0.044,1.71769696244059e-162,"4","ADAMTS19"
"MRC2",5.72683192609059e-167,2.74052045090263,0.113,0.027,1.86900886739893e-162,"4","MRC2"
"DCDC2",1.07719321381545e-166,3.23952434763347,0.1,0.022,3.5155277726081e-162,"4","DCDC2"
"LMNTD1",1.22537842830722e-166,3.19399954976057,0.104,0.024,3.99914503862343e-162,"4","LMNTD1"
"IL23R",1.6256096735515e-166,4.42181961615149,0.034,0.003,5.30533973060269e-162,"4","IL23R"
"AC109349.1",1.6868519718623e-166,5.33645525657399,0.017,0.001,5.50521009536982e-162,"4","AC109349.1"
"RGSL1",2.21276219523902e-166,3.99068217994032,0.048,0.006,7.22157070038207e-162,"4","RGSL1"
"AL513323.1",2.24383796683793e-166,4.6290204554839,0.036,0.004,7.32298958857226e-162,"4","AL513323.1"
"AC023194.3",2.56205756578561e-166,5.4158284575899,0.022,0.001,8.36153107169793e-162,"4","AC023194.3"
"LINC02380",4.11702648309652e-166,5.35564337698945,0.014,0.001,1.34363276302338e-161,"4","LINC02380"
"FILIP1",5.66038060350651e-166,2.48193917704038,0.217,0.08,1.84732181376039e-161,"4","FILIP1"
"ABCB11",6.13090443451651e-166,3.9177809055144,0.048,0.006,2.00088197124881e-161,"4","ABCB11"
"MIR7515HG",3.32172657782339e-165,5.94956546169158,0.014,0.001,1.08407868593844e-160,"4","MIR7515HG"
"AC090809.1",3.57953550653342e-165,4.344318683098,0.056,0.008,1.16821720791225e-160,"4","AC090809.1"
"GABRB2",7.4412810310354e-165,3.89970641198407,0.064,0.01,2.42853647728871e-160,"4","GABRB2"
"CYLC2",1.68479289698676e-164,6.69497581138789,0.01,0,5.498490098606e-160,"4","CYLC2"
"AC239727.1",2.01647142947669e-164,4.20127651642425,0.062,0.01,6.58095615724013e-160,"4","AC239727.1"
"MUC19",2.2856973670999e-164,3.91104834597733,0.052,0.007,7.45960192726725e-160,"4","MUC19"
"MYO5B",3.28249576338666e-164,3.63218320833142,0.074,0.013,1.07127531733887e-159,"4","MYO5B"
"LINC01677",3.52742999968775e-164,4.95500353216022,0.029,0.002,1.15121205469809e-159,"4","LINC01677"
"COL6A3",4.69030714600982e-164,2.89486463901529,0.067,0.011,1.53072864017176e-159,"4","COL6A3"
"AC019183.11",9.86037375313888e-164,3.54010955866224,0.065,0.011,3.2180315780744e-159,"4","AC019183.1"
"ACOXL",1.0390146998704e-163,3.1866184217185,0.124,0.032,3.39092837449703e-159,"4","ACOXL"
"C7orf77",1.3513774585508e-163,4.48906667831894,0.019,0.001,4.41035547372638e-159,"4","C7orf77"
"WDR72",2.26957673168836e-163,4.27988401690977,0.056,0.008,7.40699062153813e-159,"4","WDR72"
"AC068413.1",3.00773446605394e-163,4.07951128563269,0.054,0.008,9.81604220341362e-159,"4","AC068413.1"
"CTNNA3",7.12613747984775e-163,2.03725448470236,0.472,0.285,2.32568622792311e-158,"4","CTNNA3"
"STAP1",1.05271984057715e-162,4.10796458693442,0.032,0.003,3.43565647170759e-158,"4","STAP1"
"ACSM2B",1.41765542615831e-162,5.37462938154338,0.014,0.001,4.62666024881027e-158,"4","ACSM2B"
"LINC02391",1.74816094995061e-162,3.37396065936135,0.078,0.015,5.70529807625881e-158,"4","LINC02391"
"AC009055.1",5.25635482315922e-162,4.21275813543628,0.049,0.007,1.71546396008624e-157,"4","AC009055.1"
"LINC01501",7.53450592126593e-162,4.50804665861886,0.036,0.004,2.45896135246435e-157,"4","LINC01501"
"TEX48",9.22814918210811e-162,3.87097974081615,0.039,0.004,3.0116987670728e-157,"4","TEX48"
"DNAH8",1.21036572940175e-161,3.77595872068376,0.075,0.014,3.95014959447554e-157,"4","DNAH8"
"LEF1",1.21640847192956e-161,4.07110399988606,0.032,0.003,3.96987068898931e-157,"4","LEF1"
"VAV3",1.26570550677076e-161,3.1448402573351,0.109,0.026,4.13075649189705e-157,"4","VAV3"
"LINC02240",1.58363737820638e-161,2.52467787774694,0.271,0.118,5.16835894751433e-157,"4","LINC02240"
"IKZF3",1.82831466739068e-161,4.33989052170367,0.038,0.004,5.96688774849621e-157,"4","IKZF3"
"AC007656.1",2.41810939859372e-161,4.22818023619019,0.051,0.007,7.89174183325045e-157,"4","AC007656.1"
"FAM81B",7.93544798036416e-161,3.01342426557042,0.104,0.024,2.58981280287165e-156,"4","FAM81B"
"AC022634.2",3.49686262309836e-160,5.27492087760698,0.015,0.001,1.14123608567438e-155,"4","AC022634.2"
"EDNRA",5.4750859584982e-160,3.49845464243081,0.075,0.014,1.78684905341547e-155,"4","EDNRA"
"APBB1IP",6.18656745331439e-160,3.73499301853979,0.058,0.009,2.01904815406368e-155,"4","APBB1IP"
"OSMR-AS1",6.38441556574859e-160,4.28788237353473,0.035,0.003,2.08361786403771e-155,"4","OSMR-AS1"
"MROH2B",8.43875177432605e-160,5.14472718566734,0.026,0.002,2.75407102906905e-155,"4","MROH2B"
"AC100849.1",9.01748800171836e-160,3.96431506617615,0.056,0.008,2.9429473842408e-155,"4","AC100849.1"
"AC130710.1",9.43876643404194e-160,6.60229587775985,0.038,0.004,3.08043581341393e-155,"4","AC130710.1"
"AC141930.1",1.0559252013375e-159,3.58282537704942,0.042,0.005,3.44611748708506e-155,"4","AC141930.1"
"LINC01707",1.28746955799319e-159,3.72019948255818,0.056,0.008,4.20178564946659e-155,"4","LINC01707"
"UST",1.3012192078382e-159,3.35478643917484,0.09,0.019,4.24665900670075e-155,"4","UST"
"SH3RF2",1.57893613149754e-159,3.8598698396079,0.048,0.006,5.15301595875538e-155,"4","SH3RF2"
"CLEC3A",2.02448399124374e-159,4.82696347604075,0.021,0.001,6.60710595382308e-155,"4","CLEC3A"
"FYB1",2.40323083181989e-159,3.49388258762721,0.068,0.012,7.8431841427274e-155,"4","FYB1"
"LINC02281",5.06322996445171e-159,5.39419300673706,0.018,0.001,1.65243573119846e-154,"4","LINC02281"
"NRK",8.03868286816327e-159,4.60846851664326,0.031,0.003,2.62350454085376e-154,"4","NRK"
"AC016205.11",9.20160292102821e-159,2.0540783968632,0.204,0.073,3.00303512930677e-154,"4","AC016205.1"
"TC2N",2.03047380189021e-158,4.12766294237055,0.029,0.002,6.62665429984889e-154,"4","TC2N"
"AC007333.2",2.5386083108887e-158,5.68377811291943,0.012,0,8.28500208341637e-154,"4","AC007333.2"
"LINC00351",2.91643794121659e-158,3.79590159076015,0.061,0.01,9.51808686495446e-154,"4","LINC00351"
"TPD52L1",4.39506028428015e-158,3.67377319396972,0.062,0.01,1.43437187437767e-153,"4","TPD52L1"
"AC026347.1",7.33341596580421e-158,3.16352189613548,0.104,0.024,2.39333363459986e-153,"4","AC026347.1"
"ABCB5",9.59110477902869e-158,4.11714725234434,0.057,0.009,3.1301529556838e-153,"4","ABCB5"
"AC018464.1",1.08292640117728e-157,4.82511727762716,0.022,0.001,3.53423860288218e-153,"4","AC018464.1"
"AC009055.2",1.26289835750025e-157,5.95602905582214,0.012,0,4.12159507953783e-153,"4","AC009055.2"
"SCN1A",1.38514099428337e-157,2.43364368841635,0.226,0.088,4.52054614894319e-153,"4","SCN1A"
"LINC01566",1.81482147861502e-157,5.92676986582347,0.013,0,5.92285137760797e-153,"4","LINC01566"
"LINC01304",2.79430845386253e-157,5.12575529004536,0.012,0,9.11950507002576e-153,"4","LINC01304"
"KLHL1",5.49444706035616e-157,2.78148598309497,0.208,0.077,1.79316774261784e-152,"4","KLHL1"
"ANO2",1.40843479717439e-156,3.37637300507443,0.101,0.024,4.59656780405835e-152,"4","ANO2"
"RGS18",1.85565823021054e-156,5.42982246060512,0.013,0,6.05612620011511e-152,"4","RGS18"
"ADAM29",2.10506152644994e-156,3.52320011336701,0.07,0.012,6.87007879772203e-152,"4","ADAM29"
"AC016687.3",3.7996888529909e-156,3.49022250661523,0.084,0.017,1.24006645406211e-151,"4","AC016687.3"
"XKR3",3.83668499523588e-156,6.05244067334532,0.01,0,1.25214051504518e-151,"4","XKR3"
"AC021546.1",4.96836529297717e-156,5.01457615924929,0.018,0.001,1.62147569701603e-151,"4","AC021546.1"
"AC079210.1",7.35939661704186e-156,3.89779357452551,0.036,0.004,2.40181267993778e-151,"4","AC079210.1"
"MYOCOS",8.72577378465025e-156,3.46349449986818,0.051,0.007,2.84774353235846e-151,"4","MYOCOS"
"LINC01818",9.39003334133266e-156,4.36392751349677,0.042,0.005,3.06453128127733e-151,"4","LINC01818"
"TRAPPC3L",2.97245526350453e-155,5.10894016974455,0.017,0.001,9.70090499797339e-151,"4","TRAPPC3L"
"AC010967.1",4.16540467298844e-155,2.79098139007517,0.112,0.028,1.35942146907651e-150,"4","AC010967.1"
"DSG1",1.53636269961337e-154,6.15222844271391,0.013,0,5.01407330645818e-150,"4","DSG1"
"LINC01075",1.63047981574019e-154,5.7295290078692,0.018,0.001,5.32123392664967e-150,"4","LINC01075"
"AC021351.1",2.04964709449452e-154,3.26751005236173,0.1,0.023,6.68922825759233e-150,"4","AC021351.1"
"TLL1",2.15402234149511e-154,3.51854000631864,0.069,0.012,7.02986731370343e-150,"4","TLL1"
"OTX2-AS11",2.46664740306668e-154,3.07241090955947,0.11,0.028,8.05015046464842e-150,"4","OTX2-AS1"
"TMC1",2.63862617180786e-154,3.96134129649583,0.071,0.013,8.61142037431212e-150,"4","TMC1"
"IL1RAP",5.07882920292245e-154,3.86605104656757,0.051,0.007,1.65752669866577e-149,"4","IL1RAP"
"CASC8",5.45203566938114e-154,3.79157585679242,0.061,0.01,1.77932636105923e-149,"4","CASC8"
"ECT2L",6.27600245746567e-154,2.63447102939918,0.181,0.062,2.04823616201849e-149,"4","ECT2L"
"CPXM2",8.70165726004543e-154,3.78190189118805,0.064,0.011,2.83987286338843e-149,"4","CPXM2"
"CCR3",1.06154006252934e-153,4.66372745395204,0.028,0.002,3.46444214807074e-149,"4","CCR3"
"CDH17",1.17043943598694e-153,3.97674529479336,0.046,0.006,3.81984614328697e-149,"4","CDH17"
"AP002989.1",1.3770977469606e-153,3.760364146077,0.076,0.015,4.49429620698061e-149,"4","AP002989.1"
"STPG2",2.0246340293767e-153,2.48761553144891,0.332,0.166,6.60759561827381e-149,"4","STPG2"
"IYD",4.05730803846397e-153,5.15153037324383,0.017,0.001,1.3241430514331e-148,"4","IYD"
"RP1",4.36232423885329e-153,4.02880995220961,0.064,0.011,1.42368813859216e-148,"4","RP1"
"AL139142.11",5.1399848623406e-153,4.04629174427832,0.047,0.006,1.67748545967348e-148,"4","AL139142.1"
"GPR55",5.33114986447595e-153,4.91568201764714,0.019,0.001,1.73987406977037e-148,"4","GPR55"
"CFTR",5.38918590653343e-153,3.47933953240233,0.075,0.015,1.75881471245625e-148,"4","CFTR"
"KLB",7.07473601895692e-153,3.7041678711004,0.058,0.009,2.30891084714678e-148,"4","KLB"
"SYT10",2.11556065535795e-152,5.33611721498357,0.021,0.001,6.90434375482621e-148,"4","SYT10"
"AC087235.1",2.98114240159723e-152,4.1525546676056,0.039,0.005,9.72925634185273e-148,"4","AC087235.1"
"LINC01307",1.30166979915653e-151,5.95054292815186,0.014,0.001,4.24812955652725e-147,"4","LINC01307"
"COL4A6",1.44940845127941e-151,4.1335997307708,0.042,0.005,4.73028942159548e-147,"4","COL4A6"
"AL132671.2",1.76055530821459e-151,4.08999591978755,0.048,0.006,5.74574830388914e-147,"4","AL132671.2"
"ACSM1",1.85905993670112e-151,3.81304375209465,0.034,0.003,6.06722800941778e-147,"4","ACSM1"
"AL591501.1",1.9231305141065e-151,3.64270134236838,0.075,0.015,6.27632874583797e-147,"4","AL591501.1"
"AC010997.3",2.00148317848342e-151,2.92380124176146,0.109,0.027,6.5320405012985e-147,"4","AC010997.3"
"TSPAN8",2.11026978367502e-151,3.6925001949316,0.094,0.021,6.88707646600178e-147,"4","TSPAN8"
"LPA",2.41690420026646e-151,4.34319772900424,0.044,0.006,7.88780854798962e-147,"4","LPA"
"TNIP3",2.62791010110131e-151,4.56185980988246,0.026,0.002,8.57644740595423e-147,"4","TNIP3"
"CEACAM21",3.09081262562814e-151,5.61807071982603,0.01,0,1.0087176085e-146,"4","CEACAM21"
"DEC11",3.33519805417467e-151,3.38136088901035,0.075,0.015,1.08847523696045e-146,"4","DEC1"
"PIK3R5",3.98771500547691e-151,3.84557664139025,0.035,0.004,1.30143066918744e-146,"4","PIK3R5"
"LINC02107",6.94427177138959e-151,4.23033231432718,0.044,0.006,2.2663325353107e-146,"4","LINC02107"
"COL8A1",1.04927039683562e-150,3.74869132638907,0.047,0.006,3.42439886711272e-146,"4","COL8A1"
"ZPBP",1.43939142883864e-150,3.24466534238503,0.09,0.02,4.69759786715778e-146,"4","ZPBP"
"LINC01739",1.58821787718249e-150,4.990785727724,0.013,0.001,5.18330786397279e-146,"4","LINC01739"
"ASB17",1.92973788745711e-150,3.6412969213446,0.041,0.005,6.29789256950502e-146,"4","ASB17"
"GPR174",2.20811330360749e-150,6.04537542098653,0.011,0,7.20639857765341e-146,"4","GPR174"
"C8orf34",2.98120748503713e-150,2.66925024399715,0.202,0.075,9.72946874816717e-146,"4","C8orf34"
"PAX3",3.60937557072514e-150,5.57657316053073,0.021,0.001,1.17795581126186e-145,"4","PAX3"
"SLCO2B1",7.58865732411629e-150,3.29539273531818,0.057,0.009,2.47663420429859e-145,"4","SLCO2B1"
"MMRN1",9.03299324042903e-150,5.30298291786429,0.015,0.001,2.94800767394642e-145,"4","MMRN1"
"AC108067.1",9.76516357456639e-150,3.68095374816869,0.045,0.006,3.18695878419549e-145,"4","AC108067.1"
"AC009226.1",1.033121161777e-149,3.30779254637246,0.086,0.018,3.37169422357543e-145,"4","AC009226.1"
"SLC25A21",1.15276745740783e-149,3.72558168463637,0.088,0.019,3.76217187399618e-145,"4","SLC25A21"
"LY75-CD302",1.21679525499009e-149,3.77761824605629,0.035,0.004,3.97113299418567e-145,"4","LY75-CD302"
"LINC01748",1.4065232849285e-149,3.11330469328584,0.084,0.018,4.59032939269267e-145,"4","LINC01748"
"AL022068.1",1.6589896581763e-149,2.72266329068349,0.197,0.072,5.41427864842417e-145,"4","AL022068.1"
"LRMDA",2.82685437597328e-149,2.07993722861383,0.287,0.131,9.22572194142638e-145,"4","LRMDA"
"AL162725.2",3.64649642511005e-149,3.93834612730365,0.052,0.008,1.19007057329891e-144,"4","AL162725.2"
"MYO7B",3.93848407666468e-149,4.16273748674862,0.037,0.004,1.28536366326029e-144,"4","MYO7B"
"AL365259.1",4.13423843368559e-149,4.32592704368736,0.044,0.006,1.34925005521763e-144,"4","AL365259.1"
"TMEM156",4.57666239719142e-149,3.65193708221915,0.056,0.009,1.49363953994739e-144,"4","TMEM156"
"LINC01687",4.60474206516296e-149,5.0010866840144,0.026,0.002,1.50280362038658e-144,"4","LINC01687"
"CIDEC",4.61903425871402e-149,5.17027370303971,0.015,0.001,1.50746802067391e-144,"4","CIDEC"
"C1orf141",7.87602300277392e-149,4.47358578058991,0.046,0.006,2.5704188671853e-144,"4","C1orf141"
"PXDNL",8.04791998107075e-149,2.19598500943799,0.356,0.191,2.62651916502225e-144,"4","PXDNL"
"RUNX1",9.81908749203653e-149,2.19959739275772,0.265,0.116,3.20455739390104e-144,"4","RUNX1"
"AC078962.2",1.0142384203027e-148,3.83911397926846,0.032,0.003,3.31006850849991e-144,"4","AC078962.2"
"AC092813.2",1.31539548487195e-148,4.37337665152733,0.022,0.002,4.29292470442809e-144,"4","AC092813.2"
"AL365214.3",1.70175976846282e-148,5.06880199369187,0.02,0.001,5.55386318035527e-144,"4","AL365214.3"
"DAAM2",2.12316565067842e-148,3.2906146087109,0.049,0.007,6.92916341755408e-144,"4","DAAM2"
"AL445465.1",2.88443366389498e-148,4.72771759703435,0.031,0.003,9.41363770548765e-144,"4","AL445465.1"
"LINC00598",3.39782649153647e-148,3.25537230913823,0.097,0.023,1.10891465377784e-143,"4","LINC00598"
"CDC20B",1.41691063512259e-147,5.52372905715918,0.016,0.001,4.62422954878607e-143,"4","CDC20B"
"ENPP6",1.56802740251112e-147,3.06240594621261,0.083,0.017,5.11741423083528e-143,"4","ENPP6"
"LINC02501",4.21265845837419e-147,6.24896840677694,0.01,0,1.374843214475e-142,"4","LINC02501"
"CDH20",9.30845644798259e-147,2.71609404187293,0.132,0.038,3.0379078463636e-142,"4","CDH20"
"AC021594.2",9.95048266333831e-147,4.93782082251779,0.014,0.001,3.24743952200709e-142,"4","AC021594.2"
"AL355478.1",1.47115419606225e-146,6.12612151109122,0.013,0.001,4.80125883426877e-142,"4","AL355478.1"
"MCF2",1.9815013716908e-146,3.42032586549333,0.081,0.017,6.4668278766501e-142,"4","MCF2"
"MEF2C",2.81679749775211e-146,2.96502685096576,0.074,0.014,9.19290031366378e-142,"4","MEF2C"
"DNAH12",4.52786403860226e-146,2.6181697568785,0.152,0.048,1.47771370763823e-141,"4","DNAH12"
"ALPK2",5.14111879994506e-146,3.56865277123539,0.064,0.011,1.67785553155007e-141,"4","ALPK2"
"ATP10A",8.29849237085003e-146,3.62954633630876,0.041,0.005,2.70829597015062e-141,"4","ATP10A"
"GRK7",1.38804873889112e-145,3.03508075062408,0.068,0.013,4.53003586424506e-141,"4","GRK7"
"PTPN22",1.44305675935618e-145,3.3825022854931,0.074,0.015,4.70956003983483e-141,"4","PTPN22"
"TOPAZ1",2.95804130663567e-145,4.37196744431415,0.042,0.005,9.65386360833617e-141,"4","TOPAZ1"
"PNLIPRP3",4.37302747098257e-145,5.06172369907443,0.021,0.001,1.42718124542987e-140,"4","PNLIPRP3"
"AC124854.1",5.23266390267078e-145,3.16914687339766,0.11,0.029,1.70773219127564e-140,"4","AC124854.1"
"FAM160A1",6.16413231370584e-145,3.53289561430443,0.078,0.016,2.01172622190104e-140,"4","FAM160A1"
"LINC01091",6.81558562545706e-145,3.68189781260836,0.07,0.013,2.22433452472416e-140,"4","LINC01091"
"TMEM236",7.30144466060961e-145,4.13282856910573,0.039,0.005,2.38289947943655e-140,"4","TMEM236"
"SLAMF6",2.16543895962658e-144,5.24758399667416,0.011,0,7.06712658863732e-140,"4","SLAMF6"
"AL359633.2",2.61563358418968e-144,5.75935196550281,0.01,0,8.53638176536143e-140,"4","AL359633.2"
"CPS1",3.11275784607534e-144,3.66259004216107,0.079,0.016,1.01587965064515e-139,"4","CPS1"
"INPP5D",4.25476252933732e-144,3.2543976798436,0.07,0.013,1.38858429907453e-139,"4","INPP5D"
"AC099062.1",5.2553336694296e-144,5.33348629108121,0.014,0.001,1.71513069635504e-139,"4","AC099062.1"
"ENTHD1",5.8930611327833e-144,4.17713443466022,0.043,0.006,1.92325943129516e-139,"4","ENTHD1"
"AC093001.1",7.7924373647426e-144,5.27701576025862,0.013,0.001,2.5431398583574e-139,"4","AC093001.1"
"AL096799.1",1.16109944203288e-143,4.97938915987933,0.025,0.002,3.78936413901852e-139,"4","AL096799.1"
"AC009158.1",1.90547616842837e-143,5.45320170874686,0.015,0.001,6.21871202328282e-139,"4","AC009158.1"
"MCTP1",3.52366958401169e-143,2.4009147709093,0.211,0.083,1.14998480543806e-138,"4","MCTP1"
"LINC00609",5.18649666465605e-143,3.73591004233284,0.058,0.01,1.69266505147715e-138,"4","LINC00609"
"LINC00423",5.94217769651347e-143,5.96878559566839,0.01,0,1.93928911303414e-138,"4","LINC00423"
"BFSP2",6.56052215407476e-143,4.17794174164671,0.034,0.004,2.14109201020384e-138,"4","BFSP2"
"FYB2",5.21128555968508e-142,4.59123198957501,0.027,0.002,1.70075515525882e-137,"4","FYB2"
"AL391704.1",6.53068311010119e-142,4.25937158333707,0.037,0.004,2.13135373981262e-137,"4","AL391704.1"
"ADGRF5",7.21756921568457e-142,3.8517149014876,0.03,0.003,2.35552588923082e-137,"4","ADGRF5"
"AL450442.1",9.2115584365309e-142,3.38737960213694,0.061,0.01,3.00628421134622e-137,"4","AL450442.1"
"AL691420.11",1.44184641615631e-141,2.41864413148816,0.118,0.032,4.70560996376774e-137,"4","AL691420.1"
"SLC39A8",1.76929394708055e-141,3.53713090738906,0.077,0.016,5.77426772569207e-137,"4","SLC39A8"
"MYO3A",1.94311882596846e-141,3.56521183848175,0.072,0.014,6.34156260043066e-137,"4","MYO3A"
"VWA3B",3.29743398643114e-141,3.9790935341333,0.052,0.008,1.07615055581167e-136,"4","VWA3B"
"DNAH7",3.35034575775315e-141,2.58044587996729,0.181,0.065,1.09341884150032e-136,"4","DNAH7"
"CHST9",7.13269774506143e-141,2.88563379932103,0.118,0.033,2.32782723607825e-136,"4","CHST9"
"AC012574.1",8.99530346851315e-141,4.7744942008873,0.021,0.002,2.93570723998395e-136,"4","AC012574.1"
"AC105430.1",1.46542380871235e-140,3.83437918826575,0.042,0.006,4.78255714211361e-136,"4","AC105430.1"
"FAM71F1",1.96817418501626e-140,3.41597823026123,0.052,0.008,6.42333327021907e-136,"4","FAM71F1"
"AC011604.21",1.9686279682655e-140,4.02777543947154,0.036,0.004,6.42481423723128e-136,"4","AC011604.2"
"CD53",2.36883144698954e-140,4.29920592332942,0.027,0.002,7.73091831039507e-136,"4","CD53"
"ATP8B4",2.99111379913554e-140,2.8510228226629,0.116,0.031,9.76179899485875e-136,"4","ATP8B4"
"COL25A1",5.65169939537236e-140,2.29349879309661,0.164,0.055,1.84448861467372e-135,"4","COL25A1"
"C12orf42",1.30026544237974e-139,3.45356835804663,0.082,0.018,4.24354629775053e-135,"4","C12orf42"
"FO393415.3",3.45237451631939e-139,5.66340839342416,0.016,0.001,1.126716947146e-134,"4","FO393415.3"
"AC090125.1",5.13698155668168e-139,3.09943024281435,0.063,0.011,1.67650530083863e-134,"4","AC090125.1"
"AC090376.1",7.53763488077943e-139,4.3206309769197,0.029,0.003,2.45998251969118e-134,"4","AC090376.1"
"LINC02046",8.74174547641702e-139,4.32146678257493,0.044,0.006,2.85295605368346e-134,"4","LINC02046"
"CPB1",1.02532542129632e-138,3.77034864130443,0.039,0.005,3.34625204494267e-134,"4","CPB1"
"DOCK2",1.9801072413471e-138,2.32427499233535,0.173,0.06,6.46227799286039e-134,"4","DOCK2"
"MCMDC2",2.54865068896606e-138,2.64827400667755,0.102,0.026,8.31777638850963e-134,"4","MCMDC2"
"COL24A1",3.7340050681079e-138,3.20970565362968,0.127,0.037,1.2186298940277e-133,"4","COL24A1"
"CDH9",4.6872375118277e-138,2.17678600401649,0.189,0.07,1.52972683436009e-133,"4","CDH9"
"AC025419.1",8.17361504941043e-138,4.26782669331963,0.042,0.006,2.66754100752559e-133,"4","AC025419.1"
"AC138627.1",8.55272860973742e-138,2.46661465253394,0.198,0.076,2.7912685090739e-133,"4","AC138627.1"
"GACAT1",9.22060785426319e-138,4.87610183515203,0.029,0.003,3.00923757931734e-133,"4","GACAT1"
"AC239584.1",9.238562538566e-138,6.1129959493675,0.01,0,3.0150972700864e-133,"4","AC239584.1"
"WDR63",1.20071488677672e-137,3.848115057722,0.054,0.009,3.91865310448449e-133,"4","WDR63"
"AF123462.1",1.6376632905167e-137,3.76722967903068,0.049,0.007,5.34467791493031e-133,"4","AF123462.1"
"MEGF10",2.87722401932033e-137,4.08006542466675,0.04,0.005,9.39010830945383e-133,"4","MEGF10"
"AC004014.1",3.3961614868363e-137,4.3676085899233,0.019,0.001,1.10837126284389e-132,"4","AC004014.1"
"AC113418.1",4.52802876584906e-137,5.16686285259398,0.017,0.001,1.4777674680225e-132,"4","AC113418.1"
"EFHC2",5.32771250769168e-137,4.05326975228105,0.047,0.007,1.73875225401026e-132,"4","EFHC2"
"AGBL1",6.18140397783054e-137,2.20063861510475,0.289,0.139,2.01736300220477e-132,"4","AGBL1"
"AC083864.2",1.05476470550613e-136,4.34184653877031,0.022,0.002,3.4423300928898e-132,"4","AC083864.2"
"LINC01588",1.27314328286224e-136,2.2901829530203,0.17,0.06,4.15503041794921e-132,"4","LINC01588"
"AP001109.1",1.45616834815951e-136,4.80564089549302,0.018,0.001,4.75235102105337e-132,"4","AP001109.1"
"AC116049.2",1.96140602330178e-136,3.25028016723616,0.066,0.013,6.4012446976477e-132,"4","AC116049.2"
"AC010884.1",2.54858034706499e-136,3.31804386719595,0.061,0.011,8.31754682068131e-132,"4","AC010884.1"
"ABI3BP",2.74465509253794e-136,2.32717597946841,0.152,0.05,8.95745636000683e-132,"4","ABI3BP"
"VTCN1",3.03660042529549e-136,3.68708085751747,0.052,0.008,9.91024914799438e-132,"4","VTCN1"
"KLRD1",3.77931206579126e-136,2.37782233170705,0.162,0.055,1.23341628579163e-131,"4","KLRD1"
"AC009313.1",4.11850724952341e-136,4.53163521371193,0.032,0.003,1.34411602595446e-131,"4","AC009313.1"
"DDX4",4.38380911893525e-136,3.71083020229694,0.047,0.007,1.43069994405571e-131,"4","DDX4"
"LINC01515",6.41961551563454e-136,2.75402546957141,0.142,0.045,2.09510571968249e-131,"4","LINC01515"
"AC008591.1",6.91996473049733e-136,2.20945659377751,0.152,0.05,2.25839968944511e-131,"4","AC008591.1"
"AC099520.2",7.21198167659765e-136,3.82873561671835,0.045,0.006,2.35370233997441e-131,"4","AC099520.2"
"UGT2B4",1.08794984221126e-135,5.57667281420679,0.02,0.001,3.55063310504067e-131,"4","UGT2B4"
"AC090572.3",1.42515179103759e-135,3.74188103546733,0.043,0.006,4.65112538523029e-131,"4","AC090572.3"
"AC018554.1",2.85896948283243e-135,4.03551024106813,0.038,0.005,9.33053280417193e-131,"4","AC018554.1"
"AL451137.1",3.25147510751082e-135,3.63557056567273,0.038,0.005,1.06115141608723e-130,"4","AL451137.1"
"LINC02045",4.98210875336519e-135,4.62658036742391,0.025,0.002,1.62596101274826e-130,"4","LINC02045"
"AC046195.2",5.01605996052906e-135,4.26684334839,0.035,0.004,1.63704132871826e-130,"4","AC046195.2"
"AC007879.1",5.29908053759273e-135,2.98038607516985,0.093,0.023,1.72940792424876e-130,"4","AC007879.1"
"LINC01684",5.43393536389268e-135,4.77216189193167,0.034,0.004,1.77341914536001e-130,"4","LINC01684"
"DCDC1",7.17322494543651e-135,3.09560434182966,0.133,0.041,2.34105369319266e-130,"4","DCDC1"
"AC061992.1",7.78767446171344e-135,4.07962840276476,0.032,0.003,2.5415854373248e-130,"4","AC061992.1"
"AC002074.1",1.04073235883036e-134,4.12099567145076,0.035,0.004,3.39653412627875e-130,"4","AC002074.1"
"CLDN10-AS1",1.1914956673243e-134,4.11930689164075,0.035,0.004,3.8885652598796e-130,"4","CLDN10-AS1"
"BTNL8",1.92893355501746e-134,4.89806727081011,0.022,0.002,6.29526755015499e-130,"4","BTNL8"
"LINC02341",2.3317461445643e-134,3.01843073332751,0.124,0.037,7.60988671740006e-130,"4","LINC02341"
"AL158198.1",3.62910993124591e-134,4.54585979137427,0.04,0.005,1.18439631716141e-129,"4","AL158198.1"
"LINC01440",4.42625514261165e-134,3.89465336718302,0.049,0.008,1.44455262834274e-129,"4","LINC01440"
"PINCR",5.61736074059066e-134,4.41912700542893,0.026,0.002,1.83328185129917e-129,"4","PINCR"
"C10orf90",5.84044103015906e-134,3.9912974187661,0.04,0.005,1.90608633460271e-129,"4","C10orf90"
"TMPRSS11B",1.05383360276915e-133,5.77582706177868,0.01,0,3.43929134599739e-129,"4","TMPRSS11B"
"HPSE2",1.41323091434895e-133,2.32934305661011,0.146,0.047,4.61222041206922e-129,"4","HPSE2"
"FAM9B",1.44308184541089e-133,4.6753807131987,0.029,0.003,4.70964191068298e-129,"4","FAM9B"
"AC110058.1",1.75986029497172e-133,5.49256299272971,0.014,0.001,5.7434800586697e-129,"4","AC110058.1"
"AC138646.1",2.37058551357376e-133,4.48427773703128,0.026,0.002,7.73664288209933e-129,"4","AC138646.1"
"AC079414.1",3.00468475105595e-133,4.65005620052822,0.026,0.002,9.8060891535462e-129,"4","AC079414.1"
"FAM19A4",3.84088641157064e-133,2.70077658461307,0.114,0.032,1.25351168928019e-128,"4","FAM19A4"
"NR1H4",4.16049018778746e-133,3.98988457492792,0.036,0.004,1.35781757768632e-128,"4","NR1H4"
"AL354994.1",4.89749628960359e-133,4.44175658384578,0.035,0.004,1.59834688907503e-128,"4","AL354994.1"
"AL592043.1",7.35931217604788e-133,3.37750458063772,0.075,0.016,2.40178512177499e-128,"4","AL592043.1"
"AC002066.1",8.76572986900771e-133,3.90998381802227,0.054,0.009,2.86078360004936e-128,"4","AC002066.1"
"CNMD",1.12108479391507e-132,2.93080386370257,0.082,0.018,3.65877233342122e-128,"4","CNMD"
"LINC02248",3.48923235556485e-132,3.99670792243771,0.037,0.005,1.13874587156214e-127,"4","LINC02248"
"LINC00871",8.77104236409579e-132,2.43654125401698,0.196,0.077,2.8625173859463e-127,"4","LINC00871"
"AC008109.11",1.29043755083443e-131,3.66661929452151,0.049,0.008,4.21147199090325e-127,"4","AC008109.1"
"AC084200.1",2.05686106304943e-131,4.40953770955821,0.039,0.005,6.71277176536812e-127,"4","AC084200.1"
"AC093893.1",3.54990717666786e-131,5.28063314991239,0.016,0.001,1.15854770617732e-126,"4","AC093893.1"
"TMCO5A",3.7279288066864e-131,5.18418847786953,0.017,0.001,1.21664684535017e-126,"4","TMCO5A"
"SSX2B",4.62945930229953e-131,5.24679834944305,0.02,0.001,1.51087033789848e-126,"4","SSX2B"
"NFE2L3",6.26414125764665e-131,2.39957383690037,0.266,0.125,2.04436514084556e-126,"4","NFE2L3"
"AC020687.1",7.04784557780718e-131,3.3654489025086,0.073,0.015,2.30013488277315e-126,"4","AC020687.1"
"ITGAM",1.18776390911868e-130,3.75297293217049,0.042,0.006,3.87638629379973e-126,"4","ITGAM"
"AL442647.1",1.27673483691861e-130,2.94477270418634,0.133,0.042,4.16675181376756e-126,"4","AL442647.1"
"MIR4500HG",1.41037480392472e-130,3.17406726489122,0.102,0.027,4.60289921008873e-126,"4","MIR4500HG"
"FRMPD4",1.94943225433167e-130,3.31686275772423,0.103,0.027,6.36216710523684e-126,"4","FRMPD4"
"SLC1A3",2.70378509254136e-130,3.85253267685263,0.034,0.004,8.82407302801799e-126,"4","SLC1A3"
"LINC02528",3.28469984987868e-130,5.35614854579745,0.013,0.001,1.0719946430064e-125,"4","LINC02528"
"KANK1",4.05012632268799e-130,3.26679751005121,0.077,0.017,1.32179922667245e-125,"4","KANK1"
"FCRL5",4.12805372350889e-130,4.97528437582756,0.011,0,1.34723161320436e-125,"4","FCRL5"
"LINC01094",4.49598079367553e-130,5.19914187094078,0.019,0.001,1.46730829182395e-125,"4","LINC01094"
"WDFY4",4.54637675797173e-130,4.16266254750687,0.049,0.008,1.48375551873165e-125,"4","WDFY4"
"AC079790.1",5.49565813501118e-130,3.03775581602321,0.071,0.015,1.79356298894225e-125,"4","AC079790.1"
"AC009971.1",1.22392116633112e-129,5.14075875851965,0.016,0.001,3.99438911843825e-125,"4","AC009971.1"
"CYSLTR1",1.34657887892995e-129,4.24230623973604,0.035,0.004,4.39469482927577e-125,"4","CYSLTR1"
"AQP4-AS1",1.60490719220514e-129,2.40918562939574,0.197,0.078,5.2377751124807e-125,"4","AQP4-AS1"
"AC099511.1",2.61433329968158e-129,5.13384717893592,0.021,0.002,8.5321381568408e-125,"4","AC099511.1"
"AC002463.1",6.15395509097269e-129,2.96282067733407,0.084,0.02,2.00840478348985e-124,"4","AC002463.1"
"ACVR1C",6.505818717748e-129,2.83936071877396,0.081,0.018,2.12323899672424e-124,"4","ACVR1C"
"AC022387.1",8.33319939073499e-129,2.41714257847348,0.137,0.044,2.71962295316027e-124,"4","AC022387.1"
"PLA2G12B",9.03358984609165e-129,3.85378883536686,0.031,0.003,2.94820238217047e-124,"4","PLA2G12B"
"AC091939.1",1.02309806401034e-128,3.52536328000761,0.047,0.007,3.33898284170414e-124,"4","AC091939.1"
"C9",1.04327116683756e-128,5.39095659492841,0.015,0.001,3.40481978009107e-124,"4","C9"
"AC131956.2",1.30058802400149e-128,5.01178754626859,0.025,0.002,4.24459907513125e-124,"4","AC131956.2"
"LIX1-AS1",1.87467159267045e-128,2.25351375337035,0.247,0.111,6.11817820983929e-124,"4","LIX1-AS1"
"RSPO2",2.41917381161121e-128,2.56916037485008,0.095,0.024,7.89521565157436e-124,"4","RSPO2"
"CCDC1681",3.56526415893018e-128,3.85320837981531,0.031,0.003,1.16355961090845e-123,"4","CCDC168"
"LINC02541",3.68371016172601e-128,5.5369450502064,0.015,0.001,1.2022156483809e-123,"4","LINC02541"
"LINC00971",4.15681865108186e-128,3.744856691851,0.062,0.012,1.35661933496708e-123,"4","LINC00971"
"SLC10A1",5.60535796255345e-128,2.5219038184597,0.129,0.04,1.82936462465894e-123,"4","SLC10A1"
"LINC02548",7.17507583139792e-128,4.55947885956089,0.027,0.003,2.34165774833503e-123,"4","LINC02548"
"ADGRG4",7.57795677072246e-128,5.1452447662483,0.018,0.001,2.47314197169298e-123,"4","ADGRG4"
"LINC01510",1.24380390053863e-127,5.71707166297389,0.014,0.001,4.05927840979786e-123,"4","LINC01510"
"AC123905.1",1.49214613031006e-127,5.73441167444735,0.012,0,4.86976811087992e-123,"4","AC123905.1"
"AC018697.1",1.75922434971193e-127,3.84375228224334,0.049,0.008,5.74140458771984e-123,"4","AC018697.1"
"LINC01239",2.21201011549059e-127,3.29958120151256,0.072,0.015,7.21911621291508e-123,"4","LINC01239"
"ABCC9",2.22315010644155e-127,3.81593929208668,0.047,0.007,7.25547268738263e-123,"4","ABCC9"
"LINC01010",3.5119999690714e-127,4.09088250239755,0.031,0.003,1.14617630990614e-122,"4","LINC01010"
"IL1RAPL2",3.72251100424132e-127,2.31537631236955,0.244,0.11,1.2148786913442e-122,"4","IL1RAPL2"
"LAMB4",6.57717554431828e-127,2.44874263616756,0.119,0.035,2.14652701064371e-122,"4","LAMB4"
"KCNMB2-AS1",6.72480839697901e-127,2.14706323228842,0.302,0.153,2.19470846843807e-122,"4","KCNMB2-AS1"
"CACNA1A",9.65981425316451e-127,3.09699690311281,0.12,0.036,3.15257697966277e-122,"4","CACNA1A"
"AC023469.1",1.18058464143252e-126,3.72203533315416,0.051,0.009,3.85295603577916e-122,"4","AC023469.1"
"AC078980.1",1.34220918870165e-126,3.46353617283672,0.066,0.013,4.38043390824671e-122,"4","AC078980.1"
"AC090630.1",1.87613141192085e-126,2.80286577488251,0.083,0.019,6.12294247594487e-122,"4","AC090630.1"
"AC018754.1",1.94471188022078e-126,3.27032195260498,0.06,0.011,6.34676169228854e-122,"4","AC018754.1"
"LINC00504",2.30617449939543e-126,2.48632122140644,0.191,0.075,7.52643109622692e-122,"4","LINC00504"
"CPA3",2.77337982376775e-126,4.60602256358549,0.02,0.001,9.05120239284843e-122,"4","CPA3"
"AL359237.1",3.29401525881844e-126,4.32176659477138,0.036,0.005,1.07503481986799e-121,"4","AL359237.1"
"PIP5K1B",3.69590871388627e-126,3.06945123240488,0.101,0.027,1.20619676786392e-121,"4","PIP5K1B"
"ARSJ",4.62116746901138e-126,4.98535123737421,0.02,0.001,1.50816421518655e-121,"4","ARSJ"
"AC009435.1",8.69198909977475e-126,3.28693237390804,0.074,0.016,2.83671756260249e-121,"4","AC009435.1"
"LINC02462",1.06233177543507e-125,5.40904168701244,0.017,0.001,3.4670259823099e-121,"4","LINC02462"
"AC111188.1",1.09212833047381e-125,4.93630768711899,0.022,0.002,3.56427001933432e-121,"4","AC111188.1"
"LINC02386",1.13882520920993e-125,5.11582292163944,0.017,0.001,3.71666995277754e-121,"4","LINC02386"
"COL13A1",1.50701378754278e-125,3.74959401376441,0.045,0.007,4.91829019702462e-121,"4","COL13A1"
"INSC",1.51167093420209e-125,3.73269478315335,0.029,0.003,4.93348926086193e-121,"4","INSC"
"CSNKA2IP",1.66802538110031e-125,4.42033579984128,0.031,0.003,5.44376763375896e-121,"4","CSNKA2IP"
"LINC02057",2.53049377299428e-125,4.33764234471547,0.027,0.003,8.25851947754414e-121,"4","LINC02057"
"CYP1B1-AS1",2.67578949157563e-125,3.02788403034322,0.1,0.027,8.73270658470624e-121,"4","CYP1B1-AS1"
"OPN5",2.87666363596718e-125,4.29623055622288,0.026,0.002,9.3882794423425e-121,"4","OPN5"
"IFI44L",2.89840768453461e-125,3.33889636716025,0.02,0.001,9.45924331924715e-121,"4","IFI44L"
"CDH19",4.93043008453684e-125,2.57615693474492,0.038,0.005,1.60909516238944e-120,"4","CDH19"
"C13orf42",8.55125556794673e-125,3.93253594523575,0.04,0.006,2.79078776715509e-120,"4","C13orf42"
"LRRC72",9.60481885876746e-125,4.6534172180954,0.026,0.003,3.13462868274735e-120,"4","LRRC72"
"SH3TC2-DT",1.04777089849334e-124,4.03908713719603,0.035,0.004,3.41950510432285e-120,"4","SH3TC2-DT"
"AP001646.3",1.07901330788949e-124,4.98812672769043,0.014,0.001,3.52146783162813e-120,"4","AP001646.3"
"SGCG",1.0880460724674e-124,3.49273307649468,0.059,0.011,3.55094716210461e-120,"4","SGCG"
"AC108866.1",2.30177371854204e-124,2.46028648142918,0.199,0.081,7.5120687078338e-120,"4","AC108866.1"
"LINC02238",2.89140041979726e-124,5.85223290723041,0.012,0.001,9.43637441005034e-120,"4","LINC02238"
"AC024909.1",3.2628750248721e-124,3.73922851730303,0.061,0.012,1.06487189311726e-119,"4","AC024909.1"
"AC087516.2",4.08756848048989e-124,5.59248281093913,0.013,0.001,1.33401884929268e-119,"4","AC087516.2"
"AC099671.1",4.21305444183268e-124,5.10408651213737,0.026,0.002,1.37497244763651e-119,"4","AC099671.1"
"CD36",4.37465920004447e-124,3.04505938928467,0.106,0.03,1.42771377652651e-119,"4","CD36"
"CYP2B6",4.58742185212718e-124,5.64809634619123,0.011,0,1.49715099566023e-119,"4","CYP2B6"
"LINC01608",4.76136649350306e-124,4.50800373112258,0.03,0.003,1.55391956881966e-119,"4","LINC01608"
"DTHD1",5.96279810899038e-124,5.21561889727352,0.023,0.002,1.9460187908501e-119,"4","DTHD1"
"COL3A1",1.12257316879407e-123,3.38992757024672,0.039,0.005,3.66362979367632e-119,"4","COL3A1"
"MIPOL1",1.52198919287574e-123,3.11029663455639,0.111,0.032,4.96716392986925e-119,"4","MIPOL1"
"AP005203.1",1.56858667976935e-123,3.05140915815451,0.086,0.021,5.11923948809526e-119,"4","AP005203.1"
"MORC1",4.14113476943387e-123,4.06261408098928,0.042,0.006,1.35150074335244e-118,"4","MORC1"
"AC107023.1",4.24544063014683e-123,4.94989868753123,0.018,0.001,1.38554200405472e-118,"4","AC107023.1"
"SPAAR",4.56328899174945e-123,4.53648313752448,0.023,0.002,1.48927499534735e-118,"4","SPAAR"
"AC105411.1",5.77679892948886e-123,3.04128160634269,0.098,0.026,1.88531609862798e-118,"4","AC105411.1"
"LINC01320",6.89136976444197e-123,4.80894333878106,0.018,0.001,2.24906743632328e-118,"4","LINC01320"
"LINC00996",6.99347016685929e-123,4.3579235657946,0.012,0.001,2.2823889236562e-118,"4","LINC00996"
"AC093895.1",7.75009095646843e-123,3.45451145690075,0.062,0.012,2.52931968455304e-118,"4","AC093895.1"
"LINC01994",9.7341116807587e-123,5.43569964492093,0.017,0.001,3.17682468813241e-118,"4","LINC01994"
"AL354719.2",1.01579127019411e-122,3.29899643945038,0.051,0.009,3.3151363894055e-118,"4","AL354719.2"
"AC096711.3",1.22517008670326e-122,3.91391036145145,0.047,0.008,3.99846509496476e-118,"4","AC096711.3"
"RFX6",1.77372510448634e-122,4.52341787371924,0.021,0.002,5.78872925100162e-118,"4","RFX6"
"CSF1R",1.77714869006271e-122,3.77038732553608,0.032,0.004,5.79990246488867e-118,"4","CSF1R"
"AC109588.1",2.27855472030424e-122,5.24753184975026,0.017,0.001,7.43629118518491e-118,"4","AC109588.1"
"AC092422.11",2.63147703862731e-122,3.36907178957072,0.084,0.021,8.5880884632641e-118,"4","AC092422.1"
"LINC01630",2.79246772327871e-122,2.47101367080368,0.154,0.054,9.11349766169241e-118,"4","LINC01630"
"AC087564.1",3.03815814275314e-122,3.46879660774674,0.068,0.014,9.91533291468915e-118,"4","AC087564.1"
"ABCA8",3.22526449335245e-122,3.14915846585808,0.029,0.003,1.0525973200505e-117,"4","ABCA8"
"LINC02089",4.46835340113262e-122,5.31755466854167,0.018,0.001,1.45829181599364e-117,"4","LINC02089"
"LINC02153",5.47392219143653e-122,5.0313912359137,0.019,0.001,1.78646924639723e-117,"4","LINC02153"
"AC104596.1",7.48141039207501e-122,2.34792917318415,0.213,0.091,2.4416330955576e-117,"4","AC104596.1"
"AC104823.1",1.59093451255557e-121,5.09679504097834,0.021,0.002,5.19217387517636e-117,"4","AC104823.1"
"ADAMTSL3",1.84487462439387e-121,2.70361970636881,0.124,0.039,6.02093282417185e-117,"4","ADAMTSL3"
"MEF2C-AS1",1.87624765392387e-121,3.26448434143225,0.126,0.04,6.12332184334593e-117,"4","MEF2C-AS1"
"AC068599.1",1.97163994040405e-121,3.76726298122407,0.078,0.018,6.43464410950265e-117,"4","AC068599.1"
"DNAH3",2.98134089269141e-121,2.97659620675887,0.108,0.031,9.72990413738769e-117,"4","DNAH3"
"LINC01837",3.55832358379021e-121,4.30950218810207,0.033,0.004,1.16129448480577e-116,"4","LINC01837"
"IGFBP7-AS1",3.89956578879798e-121,3.85648883920769,0.034,0.004,1.27266229083211e-116,"4","IGFBP7-AS1"
"COL6A5",6.12589178788651e-121,4.59706858107301,0.028,0.003,1.99924604389464e-116,"4","COL6A5"
"CATSPERB",8.80277211604477e-121,3.72705518300459,0.055,0.01,2.87287270779237e-116,"4","CATSPERB"
"LINC00240",1.05511744770241e-120,2.08956445622049,0.221,0.095,3.44348130232159e-116,"4","LINC00240"
"SHROOM3",1.23154919421295e-120,3.01630608136362,0.11,0.032,4.01928395023339e-116,"4","SHROOM3"
"CPM",1.57455084987204e-120,2.6146970506139,0.114,0.034,5.13870415364239e-116,"4","CPM"
"PRR27",1.98345528276e-120,5.60232153957064,0.015,0.001,6.47320466081554e-116,"4","PRR27"
"PITX1",2.16427012843109e-120,3.71566226564991,0.03,0.003,7.06331199114771e-116,"4","PITX1"
"TCF7L1",6.79591626863508e-120,2.93636819549685,0.069,0.015,2.21791523343174e-115,"4","TCF7L1"
"SPON1",7.80783539519074e-120,2.22853595264436,0.166,0.062,2.54816515957445e-115,"4","SPON1"
"AL138733.1",1.14790800137528e-119,2.50997206705318,0.184,0.073,3.74631255328838e-115,"4","AL138733.1"
"XACT",1.15579126065217e-119,2.89586005619654,0.097,0.026,3.77204035826441e-115,"4","XACT"
"SLC14A1",1.32193907661233e-119,3.41795520486646,0.054,0.01,4.314280370432e-115,"4","SLC14A1"
"MYOC",1.33237496623536e-119,4.13835438571926,0.019,0.001,4.34833893980572e-115,"4","MYOC"
"COL15A1",1.59605466082323e-119,4.23606502378399,0.023,0.002,5.2088839910627e-115,"4","COL15A1"
"ARHGAP31",1.77009035311083e-119,2.0661503750603,0.118,0.036,5.7768668764125e-115,"4","ARHGAP31"
"LINC00298",2.46269669760946e-119,3.98552371076806,0.03,0.003,8.03725694231824e-115,"4","LINC00298"
"AL392023.2",2.61133309606151e-119,4.21068916122238,0.036,0.005,8.52234669230634e-115,"4","AL392023.2"
"AC096637.2",4.1372627093835e-119,4.41344734676303,0.022,0.002,1.3502370578344e-114,"4","AC096637.2"
"AC009387.1",7.79447677963919e-119,4.02766933609187,0.027,0.003,2.54380544180305e-114,"4","AC009387.1"
"AC046136.1",7.81251953771608e-119,3.21120672721858,0.063,0.013,2.54969387632902e-114,"4","AC046136.1"
"AC073176.3",7.85196596968016e-119,3.84808055957978,0.031,0.004,2.56256761386482e-114,"4","AC073176.3"
"AC093599.1",8.83362695984459e-119,5.71953047221295,0.01,0,2.88294249461488e-114,"4","AC093599.1"
"C1orf158",1.13739352900861e-118,5.91010405472481,0.011,0,3.7119975212725e-114,"4","C1orf158"
"LINC00992",1.3981081096038e-118,3.2442804564316,0.07,0.015,4.56286562650295e-114,"4","LINC00992"
"AC010197.1",1.44278330563792e-118,4.21306061922453,0.037,0.005,4.70866759627991e-114,"4","AC010197.1"
"CD84",1.47600878286138e-118,4.40300995593266,0.016,0.001,4.8171022637464e-114,"4","CD84"
"IPCEF1",1.59834543031955e-118,2.66134407378615,0.138,0.046,5.21636014639087e-114,"4","IPCEF1"
"LINC01191",1.61587985991596e-118,3.6620837498975,0.038,0.005,5.27358551082173e-114,"4","LINC01191"
"LHFPL3",2.10325867805148e-118,2.39396608466317,0.214,0.093,6.86419502168882e-114,"4","LHFPL3"
"AC005042.2",2.1238498149034e-118,4.6775407273703,0.016,0.001,6.93139625591873e-114,"4","AC005042.2"
"AC099499.1",2.15774729898845e-118,3.96537858314634,0.031,0.004,7.0420240849787e-114,"4","AC099499.1"
"SLC9C1",2.49969795931898e-118,3.11944485328948,0.081,0.02,8.15801426003343e-114,"4","SLC9C1"
"AC013652.1",3.01506273351417e-118,2.7097668278309,0.154,0.056,9.83995873709684e-114,"4","AC013652.1"
"LINC01322",3.20137041820015e-118,2.02638672349704,0.27,0.131,1.0447992496838e-113,"4","LINC01322"
"FO393415.1",3.37043724106845e-118,3.77894341366945,0.037,0.005,1.0999758979951e-113,"4","FO393415.1"
"AC109462.1",1.09344899165685e-117,5.04224069298633,0.015,0.001,3.56858012917131e-113,"4","AC109462.1"
"FCGR2A",1.17910706566856e-117,4.73607265715905,0.013,0.001,3.84813381951591e-113,"4","FCGR2A"
"LINC02426",1.90351859507108e-117,4.19335091541482,0.029,0.003,6.21232328687397e-113,"4","LINC02426"
"AC104211.3",2.0215063920696e-117,5.12607124916886,0.013,0.001,6.59738826115833e-113,"4","AC104211.3"
"ANKRD55",2.55963330631479e-117,2.98165562030331,0.092,0.024,8.35361925848894e-113,"4","ANKRD55"
"AC090796.1",4.72793925043409e-117,4.6060210191847,0.023,0.002,1.54301025377167e-112,"4","AC090796.1"
"AC025569.1",5.22519733420975e-117,2.77822784501493,0.099,0.027,1.7052954019927e-112,"4","AC025569.1"
"TRPC4",5.60892758613351e-117,3.30337280596361,0.075,0.017,1.83052960701053e-112,"4","TRPC4"
"LOXHD1",7.24640044527227e-117,3.56401908979771,0.044,0.007,2.36493524931906e-112,"4","LOXHD1"
"AQP7",1.30313064702077e-116,4.34416318152827,0.017,0.001,4.252897179617e-112,"4","AQP7"
"LINC01853",1.59227214027111e-116,5.24062395521931,0.014,0.001,5.19653935698881e-112,"4","LINC01853"
"AC092652.2",2.10201063179661e-116,3.81745641431086,0.027,0.003,6.86012189793143e-112,"4","AC092652.2"
"STXBP6",2.55708030798682e-116,3.97510397043128,0.046,0.008,8.34528729314577e-112,"4","STXBP6"
"LINC01499",3.02689806376e-116,4.04153542599871,0.045,0.007,9.87858452088713e-112,"4","LINC01499"
"AC125613.1",3.16039892307088e-116,3.0071125341287,0.094,0.025,1.03142779253341e-111,"4","AC125613.1"
"CDA",3.76595900128484e-116,3.78067640754939,0.027,0.003,1.22905837965932e-111,"4","CDA"
"AL157714.2",3.95525162894104e-116,4.53767723208914,0.021,0.002,1.2908359216212e-111,"4","AL157714.2"
"AP001043.1",4.31981838728217e-116,3.35198180405563,0.05,0.009,1.40981592887341e-111,"4","AP001043.1"
"AC013546.1",7.25969426140184e-116,4.34714857713242,0.034,0.004,2.36927381915111e-111,"4","AC013546.1"
"LINC01428",8.97405756405516e-116,4.58480056907832,0.031,0.004,2.92877342660504e-111,"4","LINC01428"
"AC136489.1",9.62290241363862e-116,3.89219596517804,0.035,0.005,3.1405304317151e-111,"4","AC136489.1"
"OR4N2",9.72190918831059e-116,4.27035010292654,0.029,0.003,3.17284228269704e-111,"4","OR4N2"
"AC004784.1",1.22643452725742e-115,3.01582490135691,0.062,0.013,4.00259172315731e-111,"4","AC004784.1"
"LINC01847",1.53426731754459e-115,3.85967996200636,0.048,0.008,5.00723481753853e-111,"4","LINC01847"
"BCHE",1.8571620645084e-115,3.94448678137457,0.059,0.012,6.06103411372961e-111,"4","BCHE"
"MYO10",1.89790494013888e-115,2.68604263162658,0.098,0.027,6.19400256263726e-111,"4","MYO10"
"ARHGAP6",2.03257228206897e-115,3.04597750742895,0.092,0.025,6.63350289976028e-111,"4","ARHGAP6"
"CCDC195",2.50153493874263e-115,4.51947368103855,0.021,0.002,8.16400942608043e-111,"4","CCDC195"
"AL583804.1",4.79677560717969e-115,4.13908466231125,0.036,0.005,1.56547568715916e-110,"4","AL583804.1"
"AL606804.1",5.73674126719311e-115,4.46587987254517,0.023,0.002,1.87224287996114e-110,"4","AL606804.1"
"MYBPC1",6.85696441038545e-115,4.25979109882734,0.036,0.005,2.2378389049734e-110,"4","MYBPC1"
"AF241725.1",7.27510911499341e-115,4.99183468646201,0.016,0.001,2.37430461076925e-110,"4","AF241725.1"
"AC130415.1",7.48216922445626e-115,5.29479057395353,0.013,0.001,2.44188074809354e-110,"4","AC130415.1"
"AC027701.1",9.95108744093684e-115,4.53119167479649,0.03,0.003,3.24763689722415e-110,"4","AC027701.1"
"CCDC190",1.07356973681462e-114,3.43224810603471,0.052,0.009,3.50370219306821e-110,"4","CCDC190"
"SLC15A5",1.24285553511484e-114,3.23112791611726,0.053,0.01,4.0561833244008e-110,"4","SLC15A5"
"FOLH1",3.8514501695961e-114,4.88252349423564,0.022,0.002,1.25695927734938e-109,"4","FOLH1"
"LINC02128",4.65563619656505e-114,5.06188718257093,0.019,0.002,1.51941342911097e-109,"4","LINC02128"
"LINC01127",4.80901971125406e-114,3.76315086225659,0.021,0.002,1.56947167296487e-109,"4","LINC01127"
"TRDN-AS1",9.49874670776455e-114,3.41551783853628,0.068,0.015,3.10001097554604e-109,"4","TRDN-AS1"
"LINC02126",1.0757998395971e-113,5.61214435211179,0.011,0,3.51098035650911e-109,"4","LINC02126"
"AC004946.1",1.80990986603977e-113,4.44128800774972,0.021,0.002,5.90682183880739e-109,"4","AC004946.1"
"PMP2",2.05284592676489e-113,4.39092797747384,0.018,0.001,6.6996679665899e-109,"4","PMP2"
"DEPDC1-AS1",2.82457498108995e-113,4.63856915832361,0.017,0.001,9.21828290828517e-109,"4","DEPDC1-AS1"
"DRAIC",3.09302380112775e-113,2.86305227792118,0.099,0.028,1.00943924773605e-108,"4","DRAIC"
"AC073071.1",5.35456695801507e-113,4.32298729746717,0.044,0.007,1.7475164724178e-108,"4","AC073071.1"
"NFATC2",6.09471526699478e-113,2.59008705603003,0.072,0.016,1.98907127453642e-108,"4","NFATC2"
"LINC00613",6.54029397314354e-113,4.7748271088175,0.016,0.001,2.13449034107513e-108,"4","LINC00613"
"ASB5",7.31855018725536e-113,4.30074333123995,0.025,0.003,2.38848203911266e-108,"4","ASB5"
"DENND2C",7.44730891521489e-113,3.51374862148951,0.051,0.009,2.43050373756953e-108,"4","DENND2C"
"GPR39",8.60246662995228e-113,2.60178257034501,0.104,0.03,2.80750100935123e-108,"4","GPR39"
"AC092979.1",1.05213297290341e-112,4.17709891448939,0.031,0.004,3.43374117036758e-108,"4","AC092979.1"
"LDHC",1.08596257946311e-112,3.39359463598644,0.061,0.012,3.54414747433581e-108,"4","LDHC"
"LINC01425",2.25915235681313e-112,5.71269752065398,0.015,0.001,7.37296963169535e-108,"4","LINC01425"
"AC108062.1",3.08953282472289e-112,2.26494079407206,0.146,0.052,1.00829993267656e-107,"4","AC108062.1"
"AC115622.1",4.10330142517529e-112,3.18742293794517,0.081,0.02,1.33915345312021e-107,"4","AC115622.1"
"SELENOP",4.59111371125089e-112,2.59969718187766,0.026,0.003,1.49835587080384e-107,"4","SELENOP"
"SLC30A8",5.14113854805193e-112,2.58578972859149,0.091,0.024,1.67786197654223e-107,"4","SLC30A8"
"MGAT4D",5.36471179291391e-112,2.94824171137125,0.064,0.013,1.75082734073538e-107,"4","MGAT4D"
"PLD1",6.06248191197084e-112,2.56586133906529,0.118,0.037,1.9785515967908e-107,"4","PLD1"
"SLC22A16",6.84170485481403e-112,5.25450609326793,0.016,0.001,2.23285879641711e-107,"4","SLC22A16"
"AP000561.1",8.53571563072505e-112,3.69923830757799,0.053,0.01,2.78571615324343e-107,"4","AP000561.1"
"TMEM26",8.85336199585726e-112,4.66896599327435,0.025,0.003,2.88938322096797e-107,"4","TMEM26"
"AL662796.1",9.17940560542772e-112,2.97904471297069,0.088,0.023,2.99579081338739e-107,"4","AL662796.1"
"CMYA5",1.1460374064933e-111,2.70585816657562,0.1,0.029,3.74020767983153e-107,"4","CMYA5"
"AC090531.1",1.44342323518476e-111,3.96247307694236,0.034,0.004,4.71075607034899e-107,"4","AC090531.1"
"AC008050.1",1.66580065953903e-111,3.15955198551361,0.074,0.018,5.43650703247156e-107,"4","AC008050.1"
"HCN1",1.84240282684461e-111,2.3038376703115,0.221,0.101,6.01286586569007e-107,"4","HCN1"
"LINC00519",1.9405023216298e-111,2.65064425346832,0.071,0.016,6.33302337687103e-107,"4","LINC00519"
"USP12-AS2",2.45797469291698e-111,3.53549136902961,0.03,0.003,8.02184620780385e-107,"4","USP12-AS2"
"SAMD5",2.83780145944451e-111,2.93908046250271,0.073,0.017,9.26144884304309e-107,"4","SAMD5"
"LINC02553",2.85497811429831e-111,5.008982473609,0.012,0.001,9.31750657382398e-107,"4","LINC02553"
"LINC02228",3.5513841496535e-111,3.1918137174737,0.05,0.009,1.15902973108092e-106,"4","LINC02228"
"AR",3.76772013617546e-111,4.5632100675139,0.033,0.004,1.22963314364222e-106,"4","AR"
"AC090987.1",4.57940823832923e-111,3.18922768062335,0.055,0.011,1.49453567266113e-106,"4","AC090987.1"
"AC025465.1",5.06238479650531e-111,2.95681941975355,0.069,0.016,1.65215990218747e-106,"4","AC025465.1"
"LINC01031",5.5511242720713e-111,3.02418593671472,0.06,0.012,1.81166491743319e-106,"4","LINC01031"
"LINC01708",7.13265027200515e-111,4.06020013348449,0.029,0.003,2.3278117427716e-106,"4","LINC01708"
"AL136501.1",9.84850798466508e-111,5.84261667248697,0.012,0.001,3.2141590658753e-106,"4","AL136501.1"
"AC022915.2",1.36039776453162e-110,3.53756458558538,0.044,0.007,4.43979414432539e-106,"4","AC022915.2"
"F13B",1.76325727030688e-110,4.50784460207973,0.016,0.001,5.75456642737355e-106,"4","F13B"
"AC121154.1",4.58856065472462e-110,3.57268924881004,0.036,0.005,1.49752265527593e-105,"4","AC121154.1"
"SLC22A3",5.24033540520618e-110,4.14780247296942,0.021,0.002,1.71023586284309e-105,"4","SLC22A3"
"UGT2B17",5.58501259060121e-110,5.92040758094646,0.013,0.001,1.82272470906861e-105,"4","UGT2B17"
"AL035078.4",1.03536654336056e-109,4.08762204728862,0.042,0.007,3.37902225091154e-105,"4","AL035078.4"
"AC092546.11",1.37856928028868e-109,3.39488199101172,0.045,0.008,4.49909870315013e-105,"4","AC092546.1"
"TMEM26-AS1",1.75244153486466e-109,5.84049521327202,0.01,0,5.71926819318429e-105,"4","TMEM26-AS1"
"LINC00534",2.00328815502409e-109,2.28375661225918,0.199,0.085,6.53793122273662e-105,"4","LINC00534"
"AC097713.1",2.88330911006546e-109,4.98243187482813,0.015,0.001,9.40996761160963e-105,"4","AC097713.1"
"AC068196.1",3.90417445520168e-109,3.55206473676825,0.048,0.008,1.27416637519962e-104,"4","AC068196.1"
"LINC02231",4.72981849232397e-109,2.81439743274049,0.088,0.023,1.54362356315485e-104,"4","LINC02231"
"RNF43",4.92871554741899e-109,2.92487166501402,0.05,0.009,1.60853560605566e-104,"4","RNF43"
"AP000959.1",6.04571841038234e-109,5.7161563690435,0.012,0.001,1.97308066041238e-104,"4","AP000959.1"
"KIF6",7.8987619121035e-109,2.83833735614634,0.119,0.039,2.5778399376341e-104,"4","KIF6"
"C8orf37-AS1",8.06839060691423e-109,2.81091408392882,0.16,0.061,2.63319995847253e-104,"4","C8orf37-AS1"
"TRABD2A",8.71603167568031e-109,2.87701570260792,0.069,0.016,2.84456409767503e-104,"4","TRABD2A"
"AC008574.1",1.01974834385225e-108,3.76731042237638,0.054,0.01,3.3280506949962e-104,"4","AC008574.1"
"AC011287.21",1.32777653015235e-108,3.716209188296,0.043,0.007,4.33333148380522e-104,"4","AC011287.2"
"AF240627.1",1.46333081812727e-108,5.8606001946415,0.01,0,4.77572645804015e-104,"4","AF240627.1"
"PLVAP",1.58376510657036e-108,4.0294352802304,0.023,0.002,5.16877580180304e-104,"4","PLVAP"
"RYR1",1.78136094532389e-108,3.23261095605862,0.071,0.017,5.81364958115905e-104,"4","RYR1"
"GLRA3",2.10035104122037e-108,3.05463283425359,0.084,0.022,6.8547056581268e-104,"4","GLRA3"
"AL357060.1",2.82338228669262e-108,3.70521321356162,0.041,0.007,9.21439043085002e-104,"4","AL357060.1"
"LINC01505",3.11052289912112e-108,2.01856441282086,0.297,0.157,1.01515025335717e-103,"4","LINC01505"
"AC010145.1",3.54011627961649e-108,4.49796957701965,0.04,0.006,1.15535234901564e-103,"4","AC010145.1"
"AC124290.1",3.78913091536003e-108,4.16246837979221,0.028,0.003,1.2366207655369e-103,"4","AC124290.1"
"CASP8",3.86164447148593e-108,2.51787347032737,0.096,0.027,1.26028628971415e-103,"4","CASP8"
"LINC02253",8.23527682373386e-108,3.33384334548778,0.06,0.013,2.68766494419378e-103,"4","LINC02253"
"AC068594.1",8.59341827404569e-108,4.07733628342548,0.017,0.001,2.80454798791755e-103,"4","AC068594.1"
"IL5RA",9.02307374461501e-108,3.70880636386383,0.037,0.005,2.94477034729255e-103,"4","IL5RA"
"INHBA-AS1",1.04411222020831e-107,4.53651797399022,0.026,0.003,3.40756464187183e-103,"4","INHBA-AS1"
"PCAT4",2.04685907245024e-107,5.0820178897482,0.013,0.001,6.68012926884859e-103,"4","PCAT4"
"C2orf78",2.40644506796849e-107,4.90562809848848,0.016,0.001,7.85367412382197e-103,"4","C2orf78"
"AC087664.1",3.50186158732461e-107,4.83074901941464,0.016,0.001,1.14286754763926e-102,"4","AC087664.1"
"FRMD7",3.72099824574512e-107,5.3107627776093,0.012,0.001,1.21438498748138e-102,"4","FRMD7"
"CDCP1",4.20684656789407e-107,3.33783196999824,0.036,0.005,1.37294644589791e-102,"4","CDCP1"
"AL162718.11",4.66831085296913e-107,2.67850884782995,0.101,0.03,1.52354992997501e-102,"4","AL162718.1"
"TNFSF8",5.37926129959835e-107,4.97738845993232,0.013,0.001,1.75557571773692e-102,"4","TNFSF8"
"GABRR2",6.13659809949952e-107,3.33235841307854,0.043,0.007,2.00274015575266e-102,"4","GABRR2"
"MDFIC2",1.11469240418945e-106,3.75704828058074,0.038,0.006,3.63791013031267e-102,"4","MDFIC2"
"INMT",1.12234137111718e-106,3.97569205567532,0.022,0.002,3.66287329877803e-102,"4","INMT"
"AC090791.1",1.99082845186888e-106,4.48906332410968,0.021,0.002,6.49726773551926e-102,"4","AC090791.1"
"CCDC172",2.22674489259338e-106,4.3620047858431,0.021,0.002,7.26720463146776e-102,"4","CCDC172"
"ADAMTS6",2.24985478992041e-106,2.23499157850097,0.182,0.075,7.34262609238424e-102,"4","ADAMTS6"
"DCAF4L2",2.65395190212787e-106,4.2888698162454,0.025,0.003,8.6614374277845e-102,"4","DCAF4L2"
"NECAB1",2.92170638908464e-106,2.26211193293026,0.183,0.076,9.53528097141664e-102,"4","NECAB1"
"ART3",2.96974764313099e-106,4.53918683929938,0.027,0.003,9.69206840812228e-102,"4","ART3"
"AC103764.1",4.01366975720106e-106,4.41602606419639,0.016,0.001,1.30990126196014e-101,"4","AC103764.1"
"TLL2",4.39404371866226e-106,2.01549589275321,0.13,0.044,1.43404010802261e-101,"4","TLL2"
"EPHA3",1.51602241730638e-105,3.01224761796973,0.094,0.027,4.94769076112111e-101,"4","EPHA3"
"AC090673.1",1.97117571707907e-105,5.17334893458289,0.013,0.001,6.43312907025925e-101,"4","AC090673.1"
"PYGL",2.34377353401077e-105,3.22400118692984,0.058,0.012,7.64913930559755e-101,"4","PYGL"
"RPL261",0,2.79478785095934,0.834,0.099,0,"5","RPL26"
"RPL18A1",0,2.31158430330972,0.842,0.113,0,"5","RPL18A"
"RPL391",0,2.19478236721842,0.841,0.113,0,"5","RPL39"
"COX6A1",0,3.39480141674386,0.823,0.097,0,"5","COX6A1"
"VAMP2",0,3.58243537072223,0.815,0.089,0,"5","VAMP2"
"CALM2",0,3.45923648886132,0.845,0.121,0,"5","CALM2"
"OAZ1",0,3.38286012283718,0.813,0.095,0,"5","OAZ1"
"PRDX2",0,3.49065979903979,0.802,0.09,0,"5","PRDX2"
"RPL91",0,2.48033220220097,0.838,0.131,0,"5","RPL9"
"ATP5MF",0,3.45712820927824,0.774,0.086,0,"5","ATP5MF"
"RPL121",0,2.25387465382642,0.843,0.159,0,"5","RPL12"
"RPS13",0,2.46238791204146,0.868,0.184,0,"5","RPS13"
"RPS26",0,2.71871660707251,0.825,0.141,0,"5","RPS26"
"RPS3A1",0,2.3881557840835,0.858,0.178,0,"5","RPS3A"
"RPS15A1",0,2.20177972900626,0.86,0.181,0,"5","RPS15A"
"RPS271",0,2.2977072243856,0.889,0.213,0,"5","RPS27"
"ELOB",0,3.06400982783434,0.823,0.151,0,"5","ELOB"
"RPL321",0,2.03500782292633,0.893,0.224,0,"5","RPL32"
"RPS12",0,2.33831386463131,0.869,0.2,0,"5","RPS12"
"RPL36",0,2.17987296283894,0.884,0.215,0,"5","RPL36"
"COX5B",0,2.90462576228794,0.851,0.185,0,"5","COX5B"
"RPS28",0,2.50079113105899,0.868,0.202,0,"5","RPS28"
"UBL5",0,3.0340464688761,0.798,0.136,0,"5","UBL5"
"PPDPF",0,2.87231709723318,0.826,0.165,0,"5","PPDPF"
"COX8A",0,3.60112344878693,0.743,0.083,0,"5","COX8A"
"H3F3A",0,3.09460283939325,0.851,0.196,0,"5","H3F3A"
"UBA52",0,2.07473451297189,0.858,0.204,0,"5","UBA52"
"RPL35",0,2.14699700314219,0.884,0.231,0,"5","RPL35"
"RPL34",0,2.31760273728447,0.895,0.244,0,"5","RPL34"
"NDUFB8",0,3.57302203483776,0.724,0.074,0,"5","NDUFB8"
"RPL35A",0,2.22130715398137,0.889,0.241,0,"5","RPL35A"
"RPS181",0,2.25747611735091,0.907,0.259,0,"5","RPS18"
"SUMO2",0,2.61495535197286,0.846,0.198,0,"5","SUMO2"
"ATP5PO1",0,3.13531180697098,0.729,0.082,0,"5","ATP5PO"
"NDUFA4",0,2.68537419745829,0.875,0.229,0,"5","NDUFA4"
"TPT1",0,2.37696079144768,0.869,0.223,0,"5","TPT1"
"TPI1",0,2.72743875303981,0.856,0.211,0,"5","TPI1"
"UQCR11",0,3.32305143687475,0.725,0.081,0,"5","UQCR11"
"RPL18",0,2.253627700813,0.878,0.235,0,"5","RPL18"
"NDUFS5",0,2.65800970064282,0.834,0.192,0,"5","NDUFS5"
"PFDN5",0,2.55086293203275,0.869,0.228,0,"5","PFDN5"
"RPS29",0,2.27113903043216,0.861,0.22,0,"5","RPS29"
"NDUFC2",0,3.19691098950914,0.72,0.08,0,"5","NDUFC2"
"NEDD8",0,3.31884972540008,0.721,0.081,0,"5","NEDD8"
"ATP5F1E",0,2.92817345118191,0.876,0.236,0,"5","ATP5F1E"
"OST4",0,2.77737114599985,0.783,0.144,0,"5","OST4"
"RPLP11",0,2.05108664437455,0.899,0.26,0,"5","RPLP1"
"PFN1",0,2.94180012134099,0.763,0.124,0,"5","PFN1"
"SOD1",0,2.70777568672361,0.843,0.204,0,"5","SOD1"
"NDUFB11",0,2.96786968755307,0.786,0.148,0,"5","NDUFB11"
"SERF2",0,2.49159898561508,0.873,0.235,0,"5","SERF2"
"FTL",0,2.43927443236512,0.91,0.272,0,"5","FTL"
"ATP5MC3",0,2.74937870078319,0.823,0.185,0,"5","ATP5MC3"
"RPS211",0,2.22494080855026,0.81,0.174,0,"5","RPS21"
"COX7A2",0,2.59037547722384,0.869,0.233,0,"5","COX7A2"
"RPS61",0,2.0250066601043,0.885,0.249,0,"5","RPS6"
"SRP14",0,2.70079070263218,0.888,0.252,0,"5","SRP14"
"PSMB6",0,2.94082783672803,0.776,0.14,0,"5","PSMB6"
"HSPE11",0,3.01284989687891,0.722,0.087,0,"5","HSPE1"
"RPS14",0,2.26232840964543,0.9,0.265,0,"5","RPS14"
"COX7C",0,2.4332469301365,0.865,0.231,0,"5","COX7C"
"RPL24",0,2.35304231984085,0.851,0.218,0,"5","RPL24"
"FAU",0,2.67371328181472,0.907,0.275,0,"5","FAU"
"C12orf57",0,2.48511185322979,0.806,0.176,0,"5","C12orf57"
"PRDX5",0,3.22071793354498,0.799,0.17,0,"5","PRDX5"
"NDUFB7",0,2.82939463940512,0.789,0.16,0,"5","NDUFB7"
"UQCRQ",0,2.67780819476109,0.785,0.157,0,"5","UQCRQ"
"GSTP1",0,3.12905136502034,0.768,0.14,0,"5","GSTP1"
"GABARAPL2",0,2.91666836040118,0.848,0.221,0,"5","GABARAPL2"
"CHCHD2",0,2.3831480855691,0.912,0.286,0,"5","CHCHD2"
"RPL211",0,2.32986271873488,0.864,0.238,0,"5","RPL21"
"RPL7A",0,2.17630056347349,0.867,0.242,0,"5","RPL7A"
"UBB",0,2.81603812935689,0.923,0.299,0,"5","UBB"
"RPL38",0,2.09016969733355,0.898,0.274,0,"5","RPL38"
"RAN",0,2.38986935502558,0.825,0.202,0,"5","RAN"
"COX6B1",0,2.60023160898435,0.772,0.149,0,"5","COX6B1"
"PARK7",0,2.78418956311027,0.835,0.214,0,"5","PARK7"
"RPS23",0,2.06871414460547,0.901,0.28,0,"5","RPS23"
"FTH1",0,2.82795186477343,0.935,0.314,0,"5","FTH1"
"RPL23A1",0,2.01088203721672,0.904,0.284,0,"5","RPL23A"
"ATP6V1F",0,3.00865475223979,0.752,0.132,0,"5","ATP6V1F"
"RPL22",0,2.42335257644102,0.859,0.24,0,"5","RPL22"
"NME11",0,2.69466937374938,0.694,0.075,0,"5","NME1"
"RPL28",0,2.00955278215343,0.868,0.249,0,"5","RPL28"
"RPS4X",0,2.02848610070792,0.895,0.277,0,"5","RPS4X"
"TRAPPC1",0,3.37006472306893,0.701,0.083,0,"5","TRAPPC1"
"ATP5PD",0,2.96076885332168,0.77,0.152,0,"5","ATP5PD"
"CD63",0,2.98647896227535,0.817,0.199,0,"5","CD63"
"PRDX1",0,2.68057273475179,0.775,0.158,0,"5","PRDX1"
"COX6C",0,2.67690854531121,0.827,0.211,0,"5","COX6C"
"ATP5F1B",0,2.51716212961657,0.823,0.208,0,"5","ATP5F1B"
"BTF3",0,2.14035941462343,0.843,0.229,0,"5","BTF3"
"S100A6",0,3.08278779308885,0.816,0.202,0,"5","S100A6"
"COX4I1",0,2.41684740887289,0.859,0.246,0,"5","COX4I1"
"SAP18",0,2.72062248367527,0.786,0.174,0,"5","SAP18"
"RPS8",0,2.06928957180162,0.914,0.303,0,"5","RPS8"
"CFL1",0,2.7367644383811,0.88,0.269,0,"5","CFL1"
"UQCR10",0,2.53846483536613,0.787,0.176,0,"5","UQCR10"
"ATP5PF",0,2.54558547006806,0.806,0.195,0,"5","ATP5PF"
"RPL19",0,2.22217277729901,0.931,0.321,0,"5","RPL19"
"ATP5ME",0,2.69045682750657,0.759,0.149,0,"5","ATP5ME"
"UQCRB",0,2.45780660409208,0.832,0.223,0,"5","UQCRB"
"RPS15",0,2.19864320060214,0.918,0.31,0,"5","RPS15"
"EID1",0,2.6132425665371,0.839,0.232,0,"5","EID1"
"RPS7",0,2.21129001453097,0.894,0.288,0,"5","RPS7"
"MZT2B",0,2.65475063529832,0.885,0.279,0,"5","MZT2B"
"ATP5F1D",0,2.96752788506383,0.76,0.154,0,"5","ATP5F1D"
"PEBP1",0,2.5464287326151,0.89,0.285,0,"5","PEBP1"
"PSMC5",0,2.93981852761593,0.736,0.131,0,"5","PSMC5"
"NDUFB4",0,2.82676461898831,0.772,0.168,0,"5","NDUFB4"
"LAMTOR5",0,2.79206499828226,0.76,0.157,0,"5","LAMTOR5"
"RPL8",0,2.22455607881363,0.92,0.317,0,"5","RPL8"
"ATP6V1G1",0,2.46860586110522,0.831,0.228,0,"5","ATP6V1G1"
"IFI27L2",0,2.80578762732684,0.751,0.148,0,"5","IFI27L2"
"GPX4",0,2.65258783903362,0.761,0.158,0,"5","GPX4"
"DCTN3",0,2.90604348559102,0.742,0.14,0,"5","DCTN3"
"WDR83OS",0,3.29185412286176,0.675,0.074,0,"5","WDR83OS"
"EDF1",0,2.49736789851211,0.826,0.225,0,"5","EDF1"
"ATP5MD",0,2.72181487116495,0.773,0.173,0,"5","ATP5MD"
"PPIA",0,2.28026746194039,0.885,0.286,0,"5","PPIA"
"NDUFB2",0,2.79498435943334,0.823,0.224,0,"5","NDUFB2"
"TRMT112",0,2.66677229707866,0.734,0.135,0,"5","TRMT112"
"NACA",0,2.34373571326068,0.883,0.284,0,"5","NACA"
"UBC",0,2.57546090897968,0.899,0.301,0,"5","UBC"
"GNG3",0,3.52560812897671,0.697,0.1,0,"5","GNG3"
"MYL6",0,2.92809939934273,0.904,0.307,0,"5","MYL6"
"TXN",0,2.42801467316045,0.758,0.162,0,"5","TXN"
"TOMM7",0,2.09701482133498,0.841,0.246,0,"5","TOMM7"
"SEC61G",0,2.46388965312078,0.747,0.152,0,"5","SEC61G"
"ZNHIT1",0,2.781737772831,0.737,0.142,0,"5","ZNHIT1"
"HSPA8",0,2.26833747511507,0.845,0.25,0,"5","HSPA8"
"MLLT11",0,2.79620704606918,0.894,0.3,0,"5","MLLT11"
"RPL30",0,2.1691884859338,0.888,0.294,0,"5","RPL30"
"GAPDH",0,2.62672375116208,0.928,0.334,0,"5","GAPDH"
"COPE",0,3.03738675497368,0.716,0.122,0,"5","COPE"
"BEX1",0,2.5220457027338,0.887,0.295,0,"5","BEX1"
"RPL6",0,2.24877514286997,0.913,0.321,0,"5","RPL6"
"MIF",0,3.11334446034901,0.665,0.073,0,"5","MIF"
"FIS1",0,2.79265640437626,0.816,0.224,0,"5","FIS1"
"TUBB2A",0,2.78145856682713,0.819,0.228,0,"5","TUBB2A"
"RPS24",0,2.11682607532409,0.89,0.299,0,"5","RPS24"
"TBCB",0,2.54772201157352,0.783,0.192,0,"5","TBCB"
"H2AFZ",0,2.07392950358691,0.813,0.223,0,"5","H2AFZ"
"COX7B",0,2.90094898730194,0.738,0.148,0,"5","COX7B"
"MYL12B",0,2.69620384644973,0.744,0.154,0,"5","MYL12B"
"DYNLL1",0,2.44219505949459,0.864,0.275,0,"5","DYNLL1"
"ANAPC11",0,2.47987870070795,0.776,0.187,0,"5","ANAPC11"
"RPL3",0,2.26206216069426,0.922,0.333,0,"5","RPL3"
"RABAC1",0,2.58524366187278,0.777,0.189,0,"5","RABAC1"
"NDUFA1",0,2.98164740579204,0.706,0.118,0,"5","NDUFA1"
"NDUFB10",0,2.88478598521946,0.71,0.122,0,"5","NDUFB10"
"ATP5MC1",0,2.48818888587196,0.744,0.156,0,"5","ATP5MC1"
"RPS27A",0,2.28900162113319,0.935,0.348,0,"5","RPS27A"
"CUTA",0,2.35807966843696,0.791,0.205,0,"5","CUTA"
"MAGED2",0,2.67195875947199,0.747,0.162,0,"5","MAGED2"
"TMA7",0,2.09745716026689,0.781,0.197,0,"5","TMA7"
"RPS101",0,2.68058303660247,0.668,0.084,0,"5","RPS10"
"HSBP1",0,2.29336288900976,0.791,0.207,0,"5","HSBP1"
"PSMB1",0,2.44224076399948,0.796,0.213,0,"5","PSMB1"
"RPL41",0,2.33872901621396,0.934,0.351,0,"5","RPL41"
"TMSB10",0,2.58465376519719,0.958,0.375,0,"5","TMSB10"
"NDUFA11",0,3.2955718440967,0.652,0.069,0,"5","NDUFA11"
"TMEM258",0,2.47093099799029,0.74,0.158,0,"5","TMEM258"
"YWHAH",0,2.51277685030272,0.816,0.235,0,"5","YWHAH"
"MARCKSL1",0,2.36154978627405,0.864,0.284,0,"5","MARCKSL1"
"ATP5MG",0,2.05304262726122,0.804,0.224,0,"5","ATP5MG"
"PSMA7",0,2.41994380744515,0.81,0.23,0,"5","PSMA7"
"ATP5IF1",0,2.53187011602085,0.795,0.216,0,"5","ATP5IF1"
"YBX1",0,2.16673524738341,0.876,0.297,0,"5","YBX1"
"PTMA1",0,2.28834190101039,0.917,0.338,0,"5","PTMA"
"B2M",0,2.55650767478527,0.863,0.285,0,"5","B2M"
"AURKAIP1",0,2.79440483151807,0.704,0.126,0,"5","AURKAIP1"
"TMSB4X",0,2.22560196205596,0.958,0.38,0,"5","TMSB4X"
"SMDT1",0,2.51776062372016,0.743,0.165,0,"5","SMDT1"
"RPL13",0,2.11600184693822,0.93,0.353,0,"5","RPL13"
"SRSF9",0,2.28136278187706,0.805,0.229,0,"5","SRSF9"
"DYNLRB1",0,2.45590095500913,0.791,0.215,0,"5","DYNLRB1"
"TUBA1B1",0,2.10965769062265,0.895,0.321,0,"5","TUBA1B"
"FKBP2",0,2.98725899401221,0.707,0.133,0,"5","FKBP2"
"COX17",0,3.04447206013101,0.7,0.129,0,"5","COX17"
"HINT1",0,2.13353242915349,0.863,0.292,0,"5","HINT1"
"PCBD1",0,2.83541610873383,0.725,0.154,0,"5","PCBD1"
"GUK1",0,2.40744404188463,0.802,0.232,0,"5","GUK1"
"AP2M1",0,2.63975158520071,0.786,0.216,0,"5","AP2M1"
"RPL10",0,2.115303010478,0.931,0.361,0,"5","RPL10"
"NDUFAB1",0,2.77660996951815,0.713,0.143,0,"5","NDUFAB1"
"HSPB1",0,2.26402974798028,0.778,0.209,0,"5","HSPB1"
"SSR4",0,2.64290545066101,0.682,0.113,0,"5","SSR4"
"SKP1",0,2.53501076565506,0.862,0.293,0,"5","SKP1"
"EEF1A1",0,2.23543774279743,0.924,0.356,0,"5","EEF1A1"
"COPS9",0,2.60140584911516,0.703,0.136,0,"5","COPS9"
"NDUFA13",0,3.38185456884067,0.636,0.069,0,"5","NDUFA13"
"RPL36AL",0,2.29967840866337,0.736,0.17,0,"5","RPL36AL"
"MDH2",0,2.49778304478303,0.717,0.154,0,"5","MDH2"
"SEC61B",0,2.28369099999595,0.736,0.173,0,"5","SEC61B"
"UQCRH",0,2.21662337766038,0.848,0.286,0,"5","UQCRH"
"SCAND1",0,2.63779635538405,0.69,0.128,0,"5","SCAND1"
"ATP5MPL",0,2.23248022077368,0.749,0.188,0,"5","ATP5MPL"
"COX5A",0,2.5901908905282,0.703,0.143,0,"5","COX5A"
"NDUFA12",0,2.37133680140005,0.751,0.192,0,"5","NDUFA12"
"RBP1",0,2.23210903237254,0.765,0.207,0,"5","RBP1"
"SELENOH",0,3.26462240289677,0.625,0.067,0,"5","SELENOH"
"FXYD6",0,3.18643472976868,0.63,0.073,0,"5","FXYD6"
"ARPC1A",0,3.5165075640468,0.62,0.063,0,"5","ARPC1A"
"ATP5MC2",0,2.07152002304785,0.857,0.3,0,"5","ATP5MC2"
"C1QBP",0,2.35791533991176,0.72,0.164,0,"5","C1QBP"
"PSMB3",0,2.54890641589867,0.688,0.132,0,"5","PSMB3"
"BEX3",0,2.38028501849141,0.885,0.33,0,"5","BEX3"
"EIF5A",0,2.50075529859048,0.703,0.148,0,"5","EIF5A"
"CYCS",0,2.25176976126585,0.735,0.181,0,"5","CYCS"
"STMN1",0,2.47179056451575,0.923,0.37,0,"5","STMN1"
"POLR2I",0,3.00847772746618,0.636,0.083,0,"5","POLR2I"
"RPL37A",0,2.12572491492399,0.917,0.365,0,"5","RPL37A"
"ZNF428",0,2.07449098656186,0.785,0.234,0,"5","ZNF428"
"PTMS",0,2.0994744902471,0.862,0.311,0,"5","PTMS"
"PSMB5",0,2.47342609190019,0.728,0.178,0,"5","PSMB5"
"GADD45GIP1",0,2.75482749034917,0.668,0.118,0,"5","GADD45GIP1"
"PHPT1",0,2.34354932168215,0.715,0.165,0,"5","PHPT1"
"PSMD8",0,2.43987611517215,0.707,0.157,0,"5","PSMD8"
"RPL5",0,2.06778944232642,0.885,0.336,0,"5","RPL5"
"EIF3K",0,2.10282496257231,0.75,0.204,0,"5","EIF3K"
"SF3B6",0,2.27963210043223,0.701,0.155,0,"5","SF3B6"
"RPL11",0,2.10799406066514,0.927,0.382,0,"5","RPL11"
"PFDN2",0,2.19051749382776,0.754,0.21,0,"5","PFDN2"
"POLR2J",0,2.56319745819742,0.665,0.121,0,"5","POLR2J"
"SLC25A3",0,2.17712577787228,0.797,0.253,0,"5","SLC25A3"
"SNU13",0,2.17976574380212,0.765,0.221,0,"5","SNU13"
"TAGLN2",0,2.450256331892,0.728,0.185,0,"5","TAGLN2"
"VDAC2",0,2.19323358377005,0.732,0.189,0,"5","VDAC2"
"ENO1",0,2.08580694696988,0.776,0.234,0,"5","ENO1"
"BANF1",0,2.39835313159001,0.672,0.13,0,"5","BANF1"
"MDH1",0,2.34534018348738,0.752,0.211,0,"5","MDH1"
"SNRPD2",0,2.11689982967796,0.664,0.123,0,"5","SNRPD2"
"H1FX",0,2.26485235864434,0.707,0.166,0,"5","H1FX"
"POLR2L",0,3.02441869373902,0.661,0.121,0,"5","POLR2L"
"YPEL3",0,2.4236974906104,0.722,0.182,0,"5","YPEL3"
"ERH",0,2.04945085847112,0.738,0.199,0,"5","ERH"
"TTC9B",0,2.70790923610076,0.731,0.192,0,"5","TTC9B"
"SRI",0,2.40705093721505,0.745,0.207,0,"5","SRI"
"GNB2",0,2.11252453557045,0.776,0.238,0,"5","GNB2"
"NDUFS8",0,2.74901256396544,0.683,0.145,0,"5","NDUFS8"
"EIF1",0,2.35335741661976,0.952,0.414,0,"5","EIF1"
"DRAP1",0,2.76497306428375,0.651,0.114,0,"5","DRAP1"
"MRFAP1",0,2.13866158239505,0.733,0.197,0,"5","MRFAP1"
"NOP10",0,2.5846158126351,0.645,0.11,0,"5","NOP10"
"ECH1",0,2.93795318941977,0.628,0.093,0,"5","ECH1"
"EIF3G",0,2.46575180013738,0.651,0.117,0,"5","EIF3G"
"SRP9",0,2.0115092978914,0.794,0.261,0,"5","SRP9"
"NDUFS6",0,2.50912420822219,0.701,0.168,0,"5","NDUFS6"
"ACTB",0,2.30982665363012,0.942,0.409,0,"5","ACTB"
"PHB",0,2.24398178065812,0.705,0.173,0,"5","PHB"
"C19orf53",0,2.61072257288414,0.648,0.116,0,"5","C19orf53"
"SELENOW",0,2.35129132245224,0.753,0.221,0,"5","SELENOW"
"ARPC3",0,2.13005794984598,0.79,0.259,0,"5","ARPC3"
"CFAP20",0,2.66697301695402,0.681,0.15,0,"5","CFAP20"
"DDT",0,2.42551145676405,0.675,0.144,0,"5","DDT"
"TAGLN3",0,2.48020561967229,0.72,0.19,0,"5","TAGLN3"
"NDUFB1",0,2.56868768876485,0.673,0.143,0,"5","NDUFB1"
"TRIR",0,2.01716578732292,0.735,0.205,0,"5","TRIR"
"FKBP8",0,2.31112068104743,0.71,0.18,0,"5","FKBP8"
"TCEAL7",0,2.50632152978466,0.726,0.197,0,"5","TCEAL7"
"ATP1A3",0,3.51519928834792,0.582,0.054,0,"5","ATP1A3"
"TMEM14B",0,3.17817669963694,0.593,0.066,0,"5","TMEM14B"
"JTB",0,2.1740331467915,0.708,0.182,0,"5","JTB"
"NPDC1",0,2.892740110964,0.627,0.101,0,"5","NPDC1"
"UBXN1",0,2.39387522084855,0.676,0.15,0,"5","UBXN1"
"ARPC5",0,2.31403297230632,0.701,0.176,0,"5","ARPC5"
"ATP6V0B",0,2.18514891243393,0.829,0.305,0,"5","ATP6V0B"
"NDUFB3",0,2.49023072447876,0.651,0.127,0,"5","NDUFB3"
"NDUFC1",0,3.01686609049277,0.63,0.106,0,"5","NDUFC1"
"ATP5F1C",0,2.23840771708079,0.712,0.188,0,"5","ATP5F1C"
"MRPL51",0,2.23572983892173,0.66,0.138,0,"5","MRPL51"
"POMP",0,2.17867955327312,0.708,0.186,0,"5","POMP"
"ATP5F1A",0,2.01917805035323,0.771,0.249,0,"5","ATP5F1A"
"VPS28",0,2.14631898676977,0.742,0.221,0,"5","VPS28"
"NENF",0,2.31521674813305,0.696,0.175,0,"5","NENF"
"FKBP1A",0,3.12234258084908,0.588,0.067,0,"5","FKBP1A"
"LSM7",0,2.01350277200395,0.692,0.171,0,"5","LSM7"
"CHCHD10",0,2.5719402364045,0.665,0.145,0,"5","CHCHD10"
"ILF2",0,2.19764322136662,0.684,0.166,0,"5","ILF2"
"NDUFA2",0,2.55738915103978,0.657,0.139,0,"5","NDUFA2"
"CSNK2B1",0,2.99332537819198,0.587,0.069,0,"5","CSNK2B"
"DNAJA1",0,2.27522594351207,0.769,0.251,0,"5","DNAJA1"
"PIN1",0,2.31670576767875,0.68,0.162,0,"5","PIN1"
"TMEM160",0,2.28676401367214,0.674,0.156,0,"5","TMEM160"
"UFC1",0,2.3391546943381,0.665,0.148,0,"5","UFC1"
"RBX1",0,2.15687065764385,0.746,0.229,0,"5","RBX1"
"MGST3",0,2.26895484165138,0.819,0.302,0,"5","MGST3"
"HIGD2A1",0,3.09325869974775,0.583,0.066,0,"5","HIGD2A"
"LAMTOR4",0,2.39537757812327,0.701,0.184,0,"5","LAMTOR4"
"CCT7",0,2.11042220979581,0.694,0.178,0,"5","CCT7"
"SELENOK",0,2.48111850025089,0.663,0.147,0,"5","SELENOK"
"COPS6",0,2.02052967541842,0.734,0.219,0,"5","COPS6"
"NDUFA5",0,2.11677653801576,0.779,0.264,0,"5","NDUFA5"
"SLC25A4",0,2.62396503658085,0.655,0.141,0,"5","SLC25A4"
"CKB",0,2.42031802567398,0.774,0.26,0,"5","CKB"
"BEX4",0,2.06410770641901,0.751,0.238,0,"5","BEX4"
"TCEAL4",0,2.47203174501036,0.669,0.156,0,"5","TCEAL4"
"MLF2",0,2.05289392490755,0.736,0.223,0,"5","MLF2"
"ISCU",0,2.48160327689029,0.667,0.154,0,"5","ISCU"
"MZT2A",0,2.19699275348851,0.752,0.24,0,"5","MZT2A"
"EIF4A2",0,2.02882951756491,0.863,0.351,0,"5","EIF4A2"
"BUD31",0,2.38606637120483,0.642,0.131,0,"5","BUD31"
"NDUFS7",0,2.85570675049168,0.619,0.108,0,"5","NDUFS7"
"BEX2",0,2.25346430118401,0.781,0.271,0,"5","BEX2"
"KRT19",0,2.48237536377776,0.66,0.151,0,"5","KRT19"
"MPC2",0,2.54752020471636,0.646,0.138,0,"5","MPC2"
"RNF7",0,2.57247092048122,0.647,0.139,0,"5","RNF7"
"FAM96B",0,2.1377643342916,0.675,0.168,0,"5","FAM96B"
"CD24",0,2.40957966846665,0.839,0.332,0,"5","CD24"
"NHP2",0,2.06385258962299,0.648,0.142,0,"5","NHP2"
"C9orf16",0,2.16123279617807,0.678,0.173,0,"5","C9orf16"
"YWHAB",0,2.11018693070968,0.795,0.29,0,"5","YWHAB"
"SBDS",0,2.44943994765703,0.631,0.126,0,"5","SBDS"
"PRMT1",0,2.16782778478233,0.654,0.149,0,"5","PRMT1"
"RNF187",0,2.4852250621341,0.63,0.126,0,"5","RNF187"
"AP2S1",0,2.53753552388826,0.634,0.13,0,"5","AP2S1"
"SH3BGRL3",0,3.03533809075879,0.586,0.083,0,"5","SH3BGRL3"
"SNRPG",0,2.10569047648428,0.65,0.147,0,"5","SNRPG"
"GHITM",0,2.40199990437395,0.643,0.14,0,"5","GHITM"
"FIBP",0,3.06310058875948,0.595,0.093,0,"5","FIBP"
"BLOC1S1",0,3.20416184625634,0.564,0.062,0,"5","BLOC1S1"
"EEF1A2",0,2.73374366914832,0.779,0.277,0,"5","EEF1A2"
"JUN",0,2.14361886561828,0.784,0.283,0,"5","JUN"
"CST3",0,2.00456470880044,0.671,0.17,0,"5","CST3"
"CALM3",0,2.01907951279782,0.698,0.197,0,"5","CALM3"
"CHMP5",0,2.15339204001558,0.672,0.173,0,"5","CHMP5"
"DBI",0,2.82778878957278,0.59,0.091,0,"5","DBI"
"SEC11C",0,2.33442951531394,0.67,0.172,0,"5","SEC11C"
"DNAJC8",0,2.14648039145007,0.665,0.167,0,"5","DNAJC8"
"POLR2K",0,2.14557639805273,0.642,0.144,0,"5","POLR2K"
"MINOS1",0,3.44362849484146,0.55,0.053,0,"5","MINOS1"
"MAP1LC3B",0,2.30851038290901,0.684,0.187,0,"5","MAP1LC3B"
"PSMC3",0,2.63942452232286,0.594,0.097,0,"5","PSMC3"
"ATOX1",0,2.51685571466485,0.628,0.132,0,"5","ATOX1"
"TMEM14C",0,2.29510710809967,0.641,0.145,0,"5","TMEM14C"
"KRT10",0,2.09787271376142,0.656,0.16,0,"5","KRT10"
"PRELID1",0,2.21073137416027,0.624,0.129,0,"5","PRELID1"
"MRPS21",0,2.01071300988224,0.722,0.228,0,"5","MRPS21"
"NUDC",0,2.11932453854653,0.665,0.173,0,"5","NUDC"
"MRPL20",0,2.19631266862492,0.652,0.16,0,"5","MRPL20"
"UQCRFS1",0,2.37516120881529,0.614,0.124,0,"5","UQCRFS1"
"CCT3",0,2.03742537856916,0.801,0.312,0,"5","CCT3"
"TSTD1",0,4.01281813214459,0.527,0.038,0,"5","TSTD1"
"PET100",0,3.07350484453111,0.555,0.066,0,"5","PET100"
"AP1S1",0,2.36271446977183,0.622,0.133,0,"5","AP1S1"
"EIF3I",0,2.18830265535889,0.619,0.132,0,"5","EIF3I"
"LDHA",0,2.5094743523382,0.64,0.153,0,"5","LDHA"
"ATP6V0D1",0,2.46426744812767,0.648,0.161,0,"5","ATP6V0D1"
"C19orf70",0,2.68524831125891,0.584,0.097,0,"5","C19orf70"
"NDUFS2",0,2.00468442628835,0.673,0.188,0,"5","NDUFS2"
"QDPR",0,2.26851012460586,0.763,0.278,0,"5","QDPR"
"PA2G4",0,2.16557485273323,0.613,0.128,0,"5","PA2G4"
"POLR2J3-ENSG000002854371",0,2.74032955751195,0.553,0.069,0,"5","POLR2J3-ENSG00000285437"
"C1orf122",0,2.17040230682484,0.634,0.15,0,"5","C1orf122"
"SF3B5",0,2.2789786918595,0.597,0.113,0,"5","SF3B5"
"ECHS1",0,2.50007622569911,0.604,0.12,0,"5","ECHS1"
"TMBIM4",0,3.46833979784931,0.532,0.049,0,"5","TMBIM4"
"HSPA1A",0,2.82844314193748,0.649,0.166,0,"5","HSPA1A"
"HEBP2",0,2.9354542831231,0.585,0.102,0,"5","HEBP2"
"AKR1B1",0,2.1673633861455,0.637,0.154,0,"5","AKR1B1"
"CALM1",0,2.68300208718744,0.923,0.441,0,"5","CALM1"
"BAG1",0,2.20395329374323,0.63,0.148,0,"5","BAG1"
"HLA-A",0,2.44411246505773,0.623,0.142,0,"5","HLA-A"
"CYC1",0,2.19288185700816,0.614,0.134,0,"5","CYC1"
"LAMTOR2",0,2.70056286520842,0.577,0.1,0,"5","LAMTOR2"
"FKBP1B",0,2.58053983054822,0.586,0.109,0,"5","FKBP1B"
"MRPS7",0,2.16122124386628,0.62,0.143,0,"5","MRPS7"
"CIRBP",0,2.00149272867161,0.905,0.429,0,"5","CIRBP"
"DAD1",0,2.24542707748764,0.608,0.132,0,"5","DAD1"
"RPS19BP1",0,2.15446327041359,0.625,0.149,0,"5","RPS19BP1"
"SCG5",0,2.11585557487507,0.825,0.35,0,"5","SCG5"
"PSME2",0,3.34380666643969,0.537,0.063,0,"5","PSME2"
"ROMO1",0,2.43539964011413,0.569,0.095,0,"5","ROMO1"
"TUBB2B",0,2.21529060502875,0.929,0.456,0,"5","TUBB2B"
"CLTB",0,2.39860839364049,0.614,0.141,0,"5","CLTB"
"EIF4A3",0,2.38743578424329,0.609,0.136,0,"5","EIF4A3"
"COX14",0,3.56480234437537,0.522,0.05,0,"5","COX14"
"ARF3",0,3.50785609490064,0.523,0.052,0,"5","ARF3"
"MRPL55",0,2.40750370529115,0.584,0.113,0,"5","MRPL55"
"SLC25A5",0,2.40348833133807,0.567,0.096,0,"5","SLC25A5"
"TCEA2",0,2.14510560960837,0.613,0.142,0,"5","TCEA2"
"PDCD5",0,2.24525985040985,0.613,0.142,0,"5","PDCD5"
"HSD17B10",0,2.90966552438357,0.557,0.087,0,"5","HSD17B10"
"HSP90AB1",0,2.24065513211601,0.909,0.439,0,"5","HSP90AB1"
"CALY",0,2.60262135774183,0.662,0.192,0,"5","CALY"
"MRPL41",0,2.36429829187215,0.61,0.14,0,"5","MRPL41"
"LAMTOR1",0,2.23126631878725,0.629,0.159,0,"5","LAMTOR1"
"MRPS34",0,2.41662980844698,0.587,0.117,0,"5","MRPS34"
"SMIM261",0,2.97618423270216,0.531,0.062,0,"5","SMIM26"
"EIF61",0,2.97449037088025,0.537,0.068,0,"5","EIF6"
"HCFC1R1",0,2.67473920376955,0.568,0.099,0,"5","HCFC1R1"
"TALDO1",0,2.46784468060214,0.593,0.125,0,"5","TALDO1"
"LSM4",0,2.03698846078917,0.606,0.138,0,"5","LSM4"
"NDUFV2",0,2.04772262621632,0.689,0.223,0,"5","NDUFV2"
"RPL36A1",0,2.5384513156966,0.536,0.071,0,"5","RPL36A"
"FKBP3",0,2.00247820646309,0.66,0.195,0,"5","FKBP3"
"ATP5PB",0,2.05189457639729,0.63,0.166,0,"5","ATP5PB"
"FOS1",0,2.23729200977877,0.605,0.141,0,"5","FOS"
"RRAGA",0,2.61963539627445,0.558,0.095,0,"5","RRAGA"
"PCSK1N",0,2.44032869001212,0.923,0.46,0,"5","PCSK1N"
"PPP1CA",0,2.53959421571607,0.575,0.112,0,"5","PPP1CA"
"RWDD1",0,2.03043304987023,0.623,0.161,0,"5","RWDD1"
"GLRX5",0,2.19073286010772,0.602,0.14,0,"5","GLRX5"
"CD9",0,2.04264641211974,0.671,0.21,0,"5","CD9"
"CCDC167",0,2.13712148340604,0.598,0.137,0,"5","CCDC167"
"SUPT4H1",0,2.0748730271832,0.592,0.132,0,"5","SUPT4H1"
"YIF1A",0,2.65564470792629,0.555,0.096,0,"5","YIF1A"
"SELENOS",0,2.22584370144319,0.639,0.18,0,"5","SELENOS"
"PTP4A2",0,2.39162606537271,0.573,0.114,0,"5","PTP4A2"
"CLIC1",0,2.38374749818457,0.579,0.12,0,"5","CLIC1"
"ARF5",0,2.83794010946243,0.546,0.088,0,"5","ARF5"
"CUEDC2",0,2.10868461882552,0.609,0.151,0,"5","CUEDC2"
"MRPL57",0,2.14583341247131,0.604,0.146,0,"5","MRPL57"
"FMC1",0,3.27894252124389,0.512,0.055,0,"5","FMC1"
"MRPL21",0,2.68708773117302,0.543,0.087,0,"5","MRPL21"
"COA3",0,2.50325286843791,0.558,0.102,0,"5","COA3"
"GCSH1",0,3.06355217156803,0.513,0.057,0,"5","GCSH"
"NOP531",0,2.0450749906365,0.559,0.104,0,"5","NOP53"
"REX1BD",0,2.21417356912595,0.605,0.151,0,"5","REX1BD"
"ATP6V1G2",0,3.28476754470018,0.508,0.055,0,"5","ATP6V1G2"
"ZCRB1",0,2.22349755527387,0.578,0.127,0,"5","ZCRB1"
"RAMP1",0,2.55833909350501,0.871,0.421,0,"5","RAMP1"
"CD59",0,3.158097057155,0.508,0.058,0,"5","CD59"
"EMC4",0,2.18049292859052,0.578,0.128,0,"5","EMC4"
"TMEM208",0,2.13170025570703,0.589,0.139,0,"5","TMEM208"
"DHPS",0,2.05226385595287,0.58,0.13,0,"5","DHPS"
"KDELR1",0,2.0596569620969,0.595,0.145,0,"5","KDELR1"
"NDUFA8",0,2.52516012436511,0.551,0.103,0,"5","NDUFA8"
"GPR22",0,2.65798703156076,0.588,0.14,0,"5","GPR22"
"RAB5C1",0,3.11265644908586,0.507,0.06,0,"5","RAB5C"
"MRPL27",0,2.04208934587729,0.594,0.147,0,"5","MRPL27"
"CNPY21",0,3.04451321199316,0.504,0.059,0,"5","CNPY2"
"BCAS2",0,2.1840823108604,0.596,0.151,0,"5","BCAS2"
"MEG3",0,2.56979253891126,0.803,0.359,0,"5","MEG3"
"ALKBH7",0,2.36647666648974,0.538,0.094,0,"5","ALKBH7"
"ETFB",0,3.0045972269963,0.515,0.071,0,"5","ETFB"
"CDKN1C",0,3.93536911677234,0.583,0.139,0,"5","CDKN1C"
"NDUFA4L2",0,3.69159735587583,0.504,0.061,0,"5","NDUFA4L2"
"VKORC1",0,3.12857140382985,0.498,0.055,0,"5","VKORC1"
"MRPS33",0,2.07824780399861,0.584,0.141,0,"5","MRPS33"
"VBP1",0,2.18889651472931,0.58,0.137,0,"5","VBP1"
"GSTM3",0,2.34471488927721,0.559,0.117,0,"5","GSTM3"
"CHMP2A",0,2.37145755795024,0.543,0.101,0,"5","CHMP2A"
"MRPL121",0,2.999492576002,0.496,0.054,0,"5","MRPL12"
"RHOC",0,2.84897465095136,0.517,0.076,0,"5","RHOC"
"TMEM147",0,2.30836749955827,0.544,0.104,0,"5","TMEM147"
"METTL26",0,2.35072259431699,0.544,0.105,0,"5","METTL26"
"PSME1",0,2.86868680984061,0.511,0.072,0,"5","PSME1"
"PMVK",0,2.43438706227466,0.551,0.113,0,"5","PMVK"
"AC245595.1",0,3.19803311484706,0.49,0.053,0,"5","AC245595.1"
"PRKAG2-AS1",0,2.07454537867219,0.57,0.133,0,"5","PRKAG2-AS1"
"FAM50A",0,2.39919976967669,0.544,0.108,0,"5","FAM50A"
"ARL2",0,3.80585741157858,0.483,0.047,0,"5","ARL2"
"NDUFB5",0,2.17130656889012,0.568,0.132,0,"5","NDUFB5"
"NDUFA6",0,2.24043922200405,0.55,0.115,0,"5","NDUFA6"
"MRPL14",0,2.1476391361789,0.557,0.123,0,"5","MRPL14"
"TPPP3",0,2.47031156281705,0.536,0.102,0,"5","TPPP3"
"COPRS",0,2.20458339743327,0.558,0.124,0,"5","COPRS"
"ARL6IP12",0,2.64274151497504,0.494,0.06,0,"5","ARL6IP1"
"TXNDC17",0,2.63871360537829,0.515,0.081,0,"5","TXNDC17"
"PSMC4",0,2.27681800175155,0.547,0.114,0,"5","PSMC4"
"PUF60",0,2.34824757762621,0.536,0.104,0,"5","PUF60"
"PSMB4",0,2.27369453083489,0.54,0.109,0,"5","PSMB4"
"RAB11B",0,2.16095857697076,0.549,0.119,0,"5","RAB11B"
"JUNB",0,2.66492726485433,0.52,0.092,0,"5","JUNB"
"PGLS",0,2.01428350699374,0.556,0.128,0,"5","PGLS"
"PYURF",0,2.42837972236691,0.522,0.095,0,"5","PYURF"
"HRAS",0,2.05088090193437,0.571,0.144,0,"5","HRAS"
"AIP",0,2.57847202250238,0.512,0.087,0,"5","AIP"
"BAD",0,2.43238376816812,0.527,0.103,0,"5","BAD"
"C4orf3",0,2.1190306981313,0.546,0.123,0,"5","C4orf3"
"NDUFA3",0,2.58856722650645,0.499,0.077,0,"5","NDUFA3"
"STOML2",0,2.25627893284218,0.519,0.098,0,"5","STOML2"
"RGS4",0,2.0982873337388,0.614,0.194,0,"5","RGS4"
"ADRM1",0,2.53874132696286,0.504,0.084,0,"5","ADRM1"
"GNG5",0,2.16861259595896,0.526,0.107,0,"5","GNG5"
"PDLIM2",0,4.14286103523061,0.451,0.032,0,"5","PDLIM2"
"RNF181",0,2.87685867530459,0.482,0.063,0,"5","RNF181"
"TCEAL3",0,2.19634472757812,0.568,0.149,0,"5","TCEAL3"
"PCP4",0,3.97105158626099,0.508,0.091,0,"5","PCP4"
"HSPA1B",0,2.51836846300059,0.528,0.112,0,"5","HSPA1B"
"POLR3GL",0,2.75086398556255,0.488,0.072,0,"5","POLR3GL"
"TCEAL2",0,2.86835203315286,0.499,0.083,0,"5","TCEAL2"
"ANXA5",0,2.4590250897454,0.517,0.102,0,"5","ANXA5"
"C12orf10",0,2.30509509377404,0.508,0.094,0,"5","C12orf10"
"SNX17",0,2.27415718788981,0.516,0.104,0,"5","SNX17"
"CTSD",0,3.50675841016244,0.454,0.042,0,"5","CTSD"
"LSM3",0,2.13016317974782,0.521,0.11,0,"5","LSM3"
"HSP90AA1",0,2.22844919306321,0.932,0.521,0,"5","HSP90AA1"
"TMEM205",0,3.32816000928889,0.457,0.046,0,"5","TMEM205"
"SELENOM",0,2.50676822378861,0.505,0.094,0,"5","SELENOM"
"TSR3",0,2.31647377252353,0.509,0.099,0,"5","TSR3"
"EMC6",0,2.1517773412395,0.515,0.106,0,"5","EMC6"
"RNF5",0,2.3332087751356,0.513,0.105,0,"5","RNF5"
"DCXR",0,2.56524658895141,0.495,0.087,0,"5","DCXR"
"IDH3G",0,2.56762864966161,0.487,0.079,0,"5","IDH3G"
"INSM1",0,2.90603128325032,0.486,0.078,0,"5","INSM1"
"MRPS15",0,2.2468791235487,0.507,0.1,0,"5","MRPS15"
"PDHB",0,2.32965029598329,0.506,0.099,0,"5","PDHB"
"H1F01",0,2.00006150241905,0.545,0.138,0,"5","H1F0"
"MRPL40",0,2.49001491470502,0.491,0.084,0,"5","MRPL40"
"PSMA21",0,3.09813288112238,0.462,0.056,0,"5","PSMA2"
"COMMD7",0,3.32559822379966,0.451,0.045,0,"5","COMMD7"
"HIST3H2A",0,2.12096735263979,0.509,0.104,0,"5","HIST3H2A"
"PPP2CA1",0,3.04880095785368,0.458,0.053,0,"5","PPP2CA"
"MRPL54",0,2.71169646614008,0.477,0.072,0,"5","MRPL54"
"TAF91",0,3.19742920789993,0.455,0.051,0,"5","TAF9"
"PEPD",0,2.08844414978284,0.544,0.14,0,"5","PEPD"
"RNH1",0,2.11931900710996,0.541,0.138,0,"5","RNH1"
"MEA1",0,2.46076611848384,0.487,0.085,0,"5","MEA1"
"CCDC124",0,2.58425269437732,0.479,0.077,0,"5","CCDC124"
"LEPROT",0,3.16658892825366,0.449,0.048,0,"5","LEPROT"
"BABAM1",0,3.30366755664552,0.447,0.047,0,"5","BABAM1"
"BORCS7",0,3.42782998853329,0.439,0.04,0,"5","BORCS7"
"TRAPPC2L",0,2.79679572481195,0.466,0.067,0,"5","TRAPPC2L"
"UXT",0,2.44070702111284,0.479,0.08,0,"5","UXT"
"R3HCC1",0,2.36653928397003,0.494,0.096,0,"5","R3HCC1"
"ANXA2",0,2.22609953736771,0.588,0.191,0,"5","ANXA2"
"TUBA1A",0,2.75363747642916,0.96,0.564,0,"5","TUBA1A"
"CYB5A",0,2.22339129087239,0.505,0.109,0,"5","CYB5A"
"SERTAD4-AS1",0,2.34278448812564,0.479,0.083,0,"5","SERTAD4-AS1"
"HPF1",0,2.20137421615747,0.574,0.178,0,"5","HPF1"
"RTL8C",0,2.12731958585323,0.504,0.109,0,"5","RTL8C"
"FABP5",0,2.28088778044804,0.541,0.147,0,"5","FABP5"
"NDUFS3",0,2.04796840999759,0.507,0.114,0,"5","NDUFS3"
"SLC25A11",0,2.5337686215334,0.475,0.082,0,"5","SLC25A11"
"UBE2L6",0,2.56930260834331,0.472,0.08,0,"5","UBE2L6"
"PPP1R14B",0,2.1331855151642,0.495,0.105,0,"5","PPP1R14B"
"COMMD31",0,3.02222625235966,0.438,0.05,0,"5","COMMD3"
"PRDX3",0,2.01579772652555,0.511,0.123,0,"5","PRDX3"
"UFD1",0,2.0010974391896,0.513,0.125,0,"5","UFD1"
"CNIH2",0,2.74337834262287,0.469,0.082,0,"5","CNIH2"
"CHCHD1",0,2.20378344165098,0.484,0.098,0,"5","CHCHD1"
"DCTN1",0,2.01369711190117,0.506,0.121,0,"5","DCTN1"
"TCEAL8",0,2.15499303745924,0.484,0.099,0,"5","TCEAL8"
"FOSB",0,2.68243466243524,0.445,0.06,0,"5","FOSB"
"C4orf48",0,2.15777993209938,0.518,0.134,0,"5","C4orf48"
"UCHL1",0,2.15312781648784,0.916,0.533,0,"5","UCHL1"
"APRT",0,2.55084210208927,0.452,0.069,0,"5","APRT"
"CSTB",0,2.06508814125234,0.49,0.107,0,"5","CSTB"
"RTL8A",0,2.25356458636392,0.473,0.091,0,"5","RTL8A"
"KRTCAP2",0,3.14154511688206,0.428,0.047,0,"5","KRTCAP2"
"ATRAID",0,2.20380414304564,0.482,0.101,0,"5","ATRAID"
"MIEN1",0,2.15213472156378,0.474,0.094,0,"5","MIEN1"
"DPM3",0,2.4529349041605,0.457,0.078,0,"5","DPM3"
"H3F3B",0,2.32813406008352,0.947,0.568,0,"5","H3F3B"
"DGCR6L",0,2.24462434492236,0.468,0.089,0,"5","DGCR6L"
"CTDNEP1",0,3.09009544146672,0.429,0.051,0,"5","CTDNEP1"
"NAXE",0,2.58682017705539,0.446,0.069,0,"5","NAXE"
"TMEM219",0,2.03688261826026,0.486,0.109,0,"5","TMEM219"
"GAMT",0,2.38025323598318,0.458,0.083,0,"5","GAMT"
"HTATSF1",0,2.08627058209861,0.482,0.109,0,"5","HTATSF1"
"DCTN6",0,2.16747834077714,0.47,0.097,0,"5","DCTN6"
"MRPL28",0,2.50238105466824,0.448,0.075,0,"5","MRPL28"
"AKR7A2",0,2.42630185986205,0.452,0.08,0,"5","AKR7A2"
"SNRNP27",0,2.36924602189276,0.451,0.079,0,"5","SNRNP27"
"MRPL43",0,2.04610278949085,0.471,0.102,0,"5","MRPL43"
"PEF1",0,2.18980524987688,0.461,0.094,0,"5","PEF1"
"TPGS1",0,2.33286336492409,0.446,0.08,0,"5","TPGS1"
"MRPL34",0,2.02766340155849,0.474,0.109,0,"5","MRPL34"
"CHURC1",0,2.92452805348377,0.416,0.052,0,"5","CHURC1"
"PQBP1",0,2.47073671203485,0.432,0.069,0,"5","PQBP1"
"NDUFA91",0,3.21165418663876,0.406,0.044,0,"5","NDUFA9"
"CCDC28B",0,2.31768778492853,0.44,0.08,0,"5","CCDC28B"
"FUNDC2",0,2.12187346765332,0.46,0.1,0,"5","FUNDC2"
"ATP1B1",0,2.02925855512521,0.816,0.456,0,"5","ATP1B1"
"ASNA1",0,2.38689083261572,0.435,0.076,0,"5","ASNA1"
"ZMAT2",0,2.15129876674763,0.454,0.096,0,"5","ZMAT2"
"BLOC1S61",0,3.0614310326631,0.402,0.045,0,"5","BLOC1S6"
"NDN",0,2.27664823830203,0.448,0.091,0,"5","NDN"
"PPP1R15A",0,2.41707391954832,0.437,0.08,0,"5","PPP1R15A"
"TCEAL5",0,2.23565175436379,0.44,0.084,0,"5","TCEAL5"
"MRPL52",0,2.29715682859991,0.436,0.08,0,"5","MRPL52"
"TIMM17B",0,2.2889738755467,0.435,0.08,0,"5","TIMM17B"
"COPS5",0,2.09127450762976,0.448,0.093,0,"5","COPS5"
"CHGB",0,3.22796383172759,0.864,0.509,0,"5","CHGB"
"MOB4",0,2.14521470611841,0.446,0.092,0,"5","MOB4"
"HINT2",0,2.65426868157621,0.414,0.061,0,"5","HINT2"
"SCG2",0,2.10084798438305,0.92,0.568,0,"5","SCG2"
"ANAPC13",0,2.3913957546548,0.43,0.078,0,"5","ANAPC13"
"PMF1",0,3.35435383559047,0.39,0.039,0,"5","PMF1"
"PFN2",0,2.23224767183122,0.43,0.079,0,"5","PFN2"
"CDK5",0,2.64077258776526,0.414,0.063,0,"5","CDK5"
"RAMMET1",0,3.26573756727151,0.391,0.041,0,"5","RAMMET"
"PRPH",0,2.4516587382112,0.713,0.363,0,"5","PRPH"
"JUND",0,2.31737581550941,0.706,0.357,0,"5","JUND"
"NAA101",0,2.84313131981963,0.395,0.047,0,"5","NAA10"
"SMIM71",0,2.9998329067557,0.394,0.047,0,"5","SMIM7"
"DYNLT3",0,2.33590397819676,0.434,0.087,0,"5","DYNLT3"
"POLR2G",0,2.24260805248428,0.425,0.078,0,"5","POLR2G"
"KDELR21",0,2.86709100542985,0.395,0.05,0,"5","KDELR2"
"POP7",0,2.3162663134989,0.421,0.076,0,"5","POP7"
"SURF1",0,2.15424322607809,0.429,0.084,0,"5","SURF1"
"ROGDI",0,2.22730763194695,0.424,0.079,0,"5","ROGDI"
"C22orf39",0,3.09533091676481,0.386,0.044,0,"5","C22orf39"
"TSR2",0,2.38431681043324,0.415,0.074,0,"5","TSR2"
"MT-CYB",0,2.13790263006838,0.964,0.623,0,"5","MT-CYB"
"PGAM2",0,2.26918387615613,0.41,0.07,0,"5","PGAM2"
"CFL2",0,2.01202941699863,0.438,0.098,0,"5","CFL2"
"FBXL15",0,2.17412416351862,0.417,0.079,0,"5","FBXL15"
"CAMK2N2",0,2.09117488383504,0.44,0.103,0,"5","CAMK2N2"
"PRRT2",0,2.96657887979752,0.376,0.039,0,"5","PRRT2"
"PRDX4",0,2.12670416418976,0.416,0.079,0,"5","PRDX4"
"VTI1B",0,2.11289340837937,0.426,0.089,0,"5","VTI1B"
"TSSC4",0,2.16038080218272,0.412,0.076,0,"5","TSSC4"
"CLPP",0,2.18758507430872,0.417,0.081,0,"5","CLPP"
"ABHD14A",0,2.47898210399638,0.395,0.06,0,"5","ABHD14A"
"RPL26L1",0,2.41273713354085,0.402,0.067,0,"5","RPL26L1"
"TMX21",0,3.13693601373425,0.376,0.041,0,"5","TMX2"
"RFK",0,2.11478243799751,0.425,0.092,0,"5","RFK"
"PPP1R17",0,4.10377688291741,0.385,0.053,0,"5","PPP1R17"
"SURF2",0,2.70592490289682,0.39,0.058,0,"5","SURF2"
"IFI27",0,3.74572764223131,0.405,0.074,0,"5","IFI27"
"BEX5",0,2.53878742476055,0.392,0.065,0,"5","BEX5"
"BORCS8",0,3.54208599190988,0.357,0.032,0,"5","BORCS8"
"TCEAL6",0,3.22409364214326,0.362,0.039,0,"5","TCEAL6"
"APOPT11",0,3.11063665651654,0.364,0.041,0,"5","APOPT1"
"TSC22D3",0,2.24805403819554,0.397,0.076,0,"5","TSC22D3"
"RAB3A",0,2.52605609330639,0.388,0.067,0,"5","RAB3A"
"MTX1",0,2.44863669168904,0.383,0.063,0,"5","MTX1"
"HNRNPH2",0,2.25597349183076,0.393,0.073,0,"5","HNRNPH2"
"CD81",0,2.03917638111548,0.657,0.337,0,"5","CD81"
"TUSC1",0,2.181857297169,0.395,0.076,0,"5","TUSC1"
"ZNF5801",0,3.0337139399957,0.362,0.043,0,"5","ZNF580"
"SNRNP25",0,2.24269515409545,0.39,0.072,0,"5","SNRNP25"
"VIM1",0,2.19856035108988,0.41,0.092,0,"5","VIM"
"RGS5",0,2.61512105515189,0.749,0.432,0,"5","RGS5"
"NAP1L5",0,2.14517650476376,0.4,0.085,0,"5","NAP1L5"
"EBNA1BP2",0,2.02400285068521,0.393,0.079,0,"5","EBNA1BP2"
"NDUFAF3",0,2.36407027854765,0.382,0.068,0,"5","NDUFAF3"
"MRPL36",0,2.29751881911596,0.379,0.069,0,"5","MRPL36"
"HOXB2",0,2.65487019481797,0.353,0.045,0,"5","HOXB2"
"SNCG",0,2.66681105431652,0.383,0.077,0,"5","SNCG"
"HIGD1A",0,3.38316432562806,0.337,0.034,0,"5","HIGD1A"
"METTL23",0,2.03858836982068,0.378,0.076,0,"5","METTL23"
"UROD",0,2.0529357084548,0.375,0.074,0,"5","UROD"
"LSM10",0,2.1416569518662,0.371,0.071,0,"5","LSM10"
"CEND1",0,2.07106106744323,0.39,0.091,0,"5","CEND1"
"TAF10",0,2.19778081716711,0.368,0.07,0,"5","TAF10"
"TCTEX1D2",0,3.21137705097313,0.333,0.036,0,"5","TCTEX1D2"
"MORN2",0,2.52624988801879,0.351,0.055,0,"5","MORN2"
"SF3B4",0,2.10745513311615,0.369,0.074,0,"5","SF3B4"
"AC004540.2",0,2.09552047884341,0.361,0.067,0,"5","AC004540.2"
"IMP3",0,2.29543160203455,0.358,0.064,0,"5","IMP3"
"SPATC1L",0,2.05371618756223,0.368,0.075,0,"5","SPATC1L"
"BEND5",0,3.2219643509408,0.326,0.034,0,"5","BEND5"
"CHCHD5",0,2.32551803720904,0.354,0.062,0,"5","CHCHD5"
"GSTO1",0,2.36300207730825,0.363,0.071,0,"5","GSTO1"
"SMARCE11",0,2.44944468183306,0.349,0.057,0,"5","SMARCE1"
"IER3IP11",0,2.93292759056371,0.334,0.043,0,"5","IER3IP1"
"LAGE3",0,2.22711067515838,0.356,0.066,0,"5","LAGE3"
"PDZD11",0,2.71817462067351,0.337,0.048,0,"5","PDZD11"
"IFT22",0,2.01593035101222,0.359,0.07,0,"5","IFT22"
"PTPMT1",0,3.3650481113167,0.319,0.031,0,"5","PTPMT1"
"DNPH1",0,2.4060159712445,0.342,0.055,0,"5","DNPH1"
"SPINT2",0,2.4724951858979,0.339,0.052,0,"5","SPINT2"
"MRPL17",0,2.55104477440354,0.34,0.054,0,"5","MRPL17"
"ENHO",0,2.18323545748195,0.346,0.06,0,"5","ENHO"
"HEBP1",0,2.15884855308261,0.356,0.07,0,"5","HEBP1"
"ALDOC",0,3.85374097685298,0.307,0.021,0,"5","ALDOC"
"GOSR21",0,3.00245498784633,0.321,0.038,0,"5","GOSR2"
"FABP6",0,2.13551230688831,0.36,0.078,0,"5","FABP6"
"DNAJC4",0,2.11901148987196,0.345,0.063,0,"5","DNAJC4"
"TMEM54",0,3.04499248954503,0.32,0.039,0,"5","TMEM54"
"NPY",0,2.74189778196619,0.548,0.267,0,"5","NPY"
"FAM215B1",0,2.9154532279351,0.317,0.037,0,"5","FAM215B"
"GALK1",0,2.83985356197392,0.32,0.04,0,"5","GALK1"
"TIA11",0,2.63050679289294,0.324,0.045,0,"5","TIA1"
"EEF1E11",0,2.91536395671957,0.318,0.04,0,"5","EEF1E1"
"CORO1B",0,2.57205388683457,0.324,0.049,0,"5","CORO1B"
"UBE2F1",0,3.3379290469211,0.305,0.031,0,"5","UBE2F"
"MRPL2",0,2.13173620414593,0.339,0.065,0,"5","MRPL2"
"NSMCE31",0,3.20105870460417,0.305,0.031,0,"5","NSMCE3"
"DUSP23",0,2.81794177704203,0.319,0.046,0,"5","DUSP23"
"CETN2",0,2.67071241055796,0.32,0.047,0,"5","CETN2"
"SDF2L1",0,2.29964510937835,0.334,0.061,0,"5","SDF2L1"
"ADM",0,2.47488316744301,0.323,0.051,0,"5","ADM"
"ISCA2",0,2.5113618693432,0.32,0.048,0,"5","ISCA2"
"C15orf61",0,2.03416660107488,0.341,0.069,0,"5","C15orf61"
"RBM42",0,2.25791263274105,0.327,0.058,0,"5","RBM42"
"PTRHD1",0,2.19942400288054,0.327,0.059,0,"5","PTRHD1"
"MRPL44",0,2.01080110555425,0.341,0.073,0,"5","MRPL44"
"SEPT4",0,2.13529699913175,0.327,0.06,0,"5","SEPT4"
"PARL1",0,3.11211508943452,0.299,0.033,0,"5","PARL"
"HAND1",0,2.12030589027126,0.357,0.091,0,"5","HAND1"
"GABARAP",0,2.89226284960418,0.303,0.037,0,"5","GABARAP"
"TCEAL1",0,2.00209251147534,0.322,0.059,0,"5","TCEAL1"
"CDK2AP2",0,2.69296420897767,0.307,0.044,0,"5","CDK2AP2"
"CCDC85B",0,2.01114874857231,0.334,0.072,0,"5","CCDC85B"
"PDLIM4",0,2.42113021377354,0.317,0.056,0,"5","PDLIM4"
"CFAP2981",0,2.84468342789327,0.3,0.039,0,"5","CFAP298"
"SMIM15",0,2.00827201711986,0.335,0.075,0,"5","SMIM15"
"MRPL23",0,2.1611465868829,0.323,0.063,0,"5","MRPL23"
"CCDC115",0,2.08036278307396,0.33,0.071,0,"5","CCDC115"
"PSENEN",0,3.04143476903786,0.292,0.034,0,"5","PSENEN"
"ZNF593",0,2.49692235542327,0.304,0.047,0,"5","ZNF593"
"PNP",0,3.01740836914921,0.293,0.036,0,"5","PNP"
"SDHAF21",0,3.2686272878049,0.285,0.029,0,"5","SDHAF2"
"KANSL1-AS1",0,2.4924390186528,0.294,0.041,0,"5","KANSL1-AS1"
"JOSD2",0,2.50649186510104,0.298,0.045,0,"5","JOSD2"
"MAGEH1",0,2.04249655042238,0.32,0.068,0,"5","MAGEH1"
"HEXA1",0,3.04530116618146,0.283,0.031,0,"5","HEXA"
"PARD6A",0,2.68206544407423,0.294,0.042,0,"5","PARD6A"
"TIMP11",0,2.94116435093999,0.288,0.037,0,"5","TIMP1"
"TG",0,2.15721988136379,0.307,0.056,0,"5","TG"
"CDKN2A",0,2.44716353521817,0.298,0.047,0,"5","CDKN2A"
"CRYZL11",0,2.95273920178736,0.286,0.035,0,"5","CRYZL1"
"SYNJ2BP1",0,3.13585066884078,0.281,0.031,0,"5","SYNJ2BP"
"THAP51",0,2.96483655735754,0.28,0.032,0,"5","THAP5"
"TMEM2561",0,3.12967679168285,0.277,0.033,0,"5","TMEM256"
"HSD11B1L",0,3.18842511085508,0.271,0.028,0,"5","HSD11B1L"
"ZCCHC12",0,2.0887254389501,0.308,0.065,0,"5","ZCCHC12"
"CIB1",0,2.72601918381412,0.283,0.04,0,"5","CIB1"
"ZNF6551",0,2.86615760346291,0.274,0.032,0,"5","ZNF655"
"TMEM141",0,3.40677693877867,0.268,0.026,0,"5","TMEM141"
"HOXC61",0,3.44252369617265,0.263,0.021,0,"5","HOXC6"
"ZNF5111",0,3.13727244914321,0.269,0.029,0,"5","ZNF511"
"CSRP1",0,2.25130829367398,0.294,0.054,0,"5","CSRP1"
"NTHL1",0,2.24844437957505,0.29,0.05,0,"5","NTHL1"
"SEPHS2",0,2.04357507563367,0.296,0.056,0,"5","SEPHS2"
"DCTPP1",0,2.01591156279599,0.297,0.059,0,"5","DCTPP1"
"VPS33A",0,3.19220342484197,0.264,0.027,0,"5","VPS33A"
"RPL171",0,2.61132522954026,0.282,0.045,0,"5","RPL17"
"ARPC41",0,2.82568777098256,0.271,0.036,0,"5","ARPC4"
"ALYREF",0,2.20567976306143,0.284,0.049,0,"5","ALYREF"
"C1QTNF2",0,2.64272485036263,0.266,0.032,0,"5","C1QTNF2"
"SSSCA1",0,2.89874899881517,0.263,0.032,0,"5","SSSCA1"
"UBL7",0,2.07957768798347,0.286,0.055,0,"5","UBL7"
"MRPL46",0,2.05784939052206,0.287,0.056,0,"5","MRPL46"
"FUNDC1",0,2.31693751113462,0.279,0.049,0,"5","FUNDC1"
"DBP",0,2.42509763955216,0.273,0.043,0,"5","DBP"
"MAGEA10",0,2.30897176844324,0.275,0.045,0,"5","MAGEA10"
"NPC2",0,2.6034331543086,0.263,0.035,0,"5","NPC2"
"C8orf82",0,2.91484588197474,0.258,0.031,0,"5","C8orf82"
"AC060780.11",0,2.77036674087133,0.26,0.033,0,"5","AC060780.1"
"DNAJB11",0,2.17088414628026,0.277,0.051,0,"5","DNAJB11"
"PRR13",0,2.13421853594839,0.287,0.061,0,"5","PRR13"
"RPP25",0,2.27040493168365,0.27,0.046,0,"5","RPP25"
"HYI",0,2.02788473578984,0.271,0.048,0,"5","HYI"
"MGARP",0,3.46936603497866,0.243,0.021,0,"5","MGARP"
"FIP1L11",0,2.77177095174166,0.254,0.035,0,"5","FIP1L1"
"C14orf119",0,2.07331134800712,0.268,0.051,0,"5","C14orf119"
"RAMP2",0,2.17248173014682,0.277,0.06,0,"5","RAMP2"
"TSNAX1",0,2.87234728291692,0.248,0.033,0,"5","TSNAX"
"TARDBP1",0,2.72797016980313,0.249,0.035,0,"5","TARDBP"
"PEX19",0,3.20029016041734,0.238,0.024,0,"5","PEX19"
"ZNF37A1",0,2.66184837876212,0.246,0.032,0,"5","ZNF37A"
"HOXC91",0,3.3585677115607,0.237,0.023,0,"5","HOXC9"
"CHMP4A1",0,2.8912514247023,0.245,0.031,0,"5","CHMP4A"
"LIMD21",0,2.66682830044752,0.251,0.037,0,"5","LIMD2"
"NUDT14",0,2.30147984490225,0.256,0.043,0,"5","NUDT14"
"RBFA1",0,2.82780702547903,0.245,0.032,0,"5","RBFA"
"PDCL3",0,2.28879804273279,0.258,0.048,0,"5","PDCL3"
"PSMA3-AS11",0,2.74456156338678,0.243,0.033,0,"5","PSMA3-AS1"
"AKAP5",0,2.6507677791679,0.246,0.037,0,"5","AKAP5"
"RPL39L",0,2.00414989948819,0.264,0.056,0,"5","RPL39L"
"ANKRD39",0,3.31757220340068,0.23,0.023,0,"5","ANKRD39"
"TMEM80",0,3.24106099520989,0.229,0.022,0,"5","TMEM80"
"SHC1",0,2.447434371461,0.249,0.042,0,"5","SHC1"
"TMEM170A1",0,2.95556022052758,0.236,0.029,0,"5","TMEM170A"
"SPTSSA1",0,2.95684743728252,0.235,0.03,0,"5","SPTSSA"
"SYCE1L",0,2.00135236619642,0.254,0.05,0,"5","SYCE1L"
"PYCR2",0,3.40053151037957,0.223,0.021,0,"5","PYCR2"
"CRIP1",0,3.9547907428902,0.215,0.013,0,"5","CRIP1"
"PELO1",0,3.12727682891066,0.225,0.025,0,"5","PELO"
"DHRS12",0,3.52765465910814,0.218,0.018,0,"5","DHRS12"
"EID2",0,2.1019362286333,0.243,0.044,0,"5","EID2"
"SMIM30",0,2.03458000771693,0.263,0.065,0,"5","SMIM30"
"SLC39A31",0,3.05548198188435,0.224,0.026,0,"5","SLC39A3"
"DNAJB4",0,3.02097079421276,0.221,0.024,0,"5","DNAJB4"
"STX161",0,2.61611515537789,0.225,0.031,0,"5","STX16"
"AAED1",0,2.0216422361561,0.24,0.047,0,"5","AAED1"
"MRPS12",0,2.18748303861777,0.238,0.045,0,"5","MRPS12"
"ZHX11",0,3.00683582369103,0.218,0.026,0,"5","ZHX1"
"BLVRB",0,2.131841478729,0.236,0.044,0,"5","BLVRB"
"STARD10",0,2.65392431111979,0.222,0.031,0,"5","STARD10"
"SDHD1",0,3.01713977796252,0.216,0.026,0,"5","SDHD"
"PXMP21",0,2.27801717929174,0.232,0.042,0,"5","PXMP2"
"PIGBOS11",0,3.08185601704873,0.215,0.025,0,"5","PIGBOS1"
"GALT",0,2.58287154574417,0.218,0.029,0,"5","GALT"
"C11orf68",0,2.02502564121977,0.232,0.043,0,"5","C11orf68"
"FCGRT",0,2.16235784358126,0.228,0.039,0,"5","FCGRT"
"CCNQ",0,2.27709956972721,0.224,0.037,0,"5","CCNQ"
"CHMP1B1",0,2.67134684459045,0.218,0.033,0,"5","CHMP1B"
"POP4",0,2.16408216206091,0.226,0.041,0,"5","POP4"
"COMMD8",0,2.10287788139455,0.228,0.045,0,"5","COMMD8"
"UBE2W1",0,2.96185793182627,0.206,0.024,0,"5","UBE2W"
"PIGS1",0,2.87391627325549,0.209,0.027,0,"5","PIGS"
"DMWD",0,2.25682767264552,0.22,0.038,0,"5","DMWD"
"S100A41",0,3.12392841020669,0.198,0.017,0,"5","S100A4"
"FNIP11",0,2.61086643292072,0.207,0.029,0,"5","FNIP1"
"THAP11",0,2.30037577485735,0.216,0.038,0,"5","THAP11"
"NOC4L",0,2.15877760631463,0.215,0.038,0,"5","NOC4L"
"GGPS11",0,2.9862032028697,0.201,0.025,0,"5","GGPS1"
"SATB11",0,2.65780512224534,0.203,0.029,0,"5","SATB1"
"UCN3",0,2.29894081805617,0.201,0.028,0,"5","UCN3"
"LINC010891",0,2.99720965306249,0.195,0.022,0,"5","LINC01089"
"LRRC10B",0,3.48222933415867,0.187,0.014,0,"5","LRRC10B"
"MRPS28",0,2.62042265966087,0.199,0.028,0,"5","MRPS28"
"COMTD1",0,2.05437025092359,0.206,0.035,0,"5","COMTD1"
"THTPA",0,2.18094595261041,0.211,0.04,0,"5","THTPA"
"NXT1",0,2.06448890251546,0.215,0.044,0,"5","NXT1"
"PSMB8",0,2.88484114249659,0.192,0.022,0,"5","PSMB8"
"TMEM176A",0,2.0934221341499,0.256,0.086,0,"5","TMEM176A"
"FAM50B",0,2.28600285369799,0.204,0.034,0,"5","FAM50B"
"NDUFA7",0,3.38078883272923,0.188,0.019,0,"5","NDUFA7"
"TMEM2511",0,3.1110031932862,0.19,0.022,0,"5","TMEM251"
"UNC1191",0,3.08873238180192,0.189,0.022,0,"5","UNC119"
"COX4I2",0,4.05860821340115,0.177,0.01,0,"5","COX4I2"
"REPIN11",0,2.89380047507043,0.191,0.025,0,"5","REPIN1"
"NUP621",0,2.63675029597174,0.195,0.029,0,"5","NUP62"
"ISOC2",0,2.06145322028807,0.206,0.041,0,"5","ISOC2"
"TWF21",0,3.10003188742733,0.183,0.02,0,"5","TWF2"
"TMEM189",0,3.08921897773873,0.18,0.019,0,"5","TMEM189"
"HCG181",0,2.17238607409756,0.196,0.036,0,"5","HCG18"
"IRGQ",0,2.65229599201554,0.184,0.024,0,"5","IRGQ"
"CLCC1",0,2.98781987064887,0.178,0.019,0,"5","CLCC1"
"SOD2",0,2.63948874507508,0.185,0.026,0,"5","SOD2"
"TIMM10B1",0,3.17794126761068,0.179,0.02,0,"5","TIMM10B"
"SERPINA5",0,3.04114986652043,0.175,0.016,0,"5","SERPINA5"
"HIST1H1C1",0,2.24743173142256,0.191,0.033,0,"5","HIST1H1C"
"TRAPPC2B1",0,2.91546394907621,0.179,0.023,0,"5","TRAPPC2B"
"ZNF6641",0,2.44924412796505,0.183,0.028,0,"5","ZNF664"
"RASA4",0,2.74945391204628,0.176,0.022,0,"5","RASA4"
"AKT1S11",0,2.82287662810572,0.177,0.024,0,"5","AKT1S1"
"AL691432.2",0,2.03971691740685,0.188,0.036,0,"5","AL691432.2"
"RGS161",0,2.80199665724356,0.179,0.028,0,"5","RGS16"
"GRASP",0,2.52641951517423,0.173,0.023,0,"5","GRASP"
"TMED71",0,2.81683598708218,0.171,0.022,0,"5","TMED7"
"ATF7",0,2.78501118641303,0.171,0.022,0,"5","ATF7"
"PSMD91",0,3.21724209559716,0.166,0.018,0,"5","PSMD9"
"PBDC1",0,2.15035645723328,0.181,0.034,0,"5","PBDC1"
"MED71",0,2.64883089785427,0.169,0.023,0,"5","MED7"
"REEP6",0,2.07036582734947,0.174,0.028,0,"5","REEP6"
"CORO7",0,2.65992377735526,0.164,0.02,0,"5","CORO7"
"PAQR8",0,3.17961479481165,0.158,0.015,0,"5","PAQR8"
"RPP25L",0,2.54164688198185,0.169,0.026,0,"5","RPP25L"
"TUBA4A",0,2.42647831721459,0.169,0.027,0,"5","TUBA4A"
"CLN51",0,2.95877535738046,0.16,0.018,0,"5","CLN5"
"CLN81",0,2.67448012531008,0.163,0.022,0,"5","CLN8"
"ST201",0,3.21772350346348,0.157,0.016,0,"5","ST20"
"HPCA",0,2.76000687710861,0.158,0.018,0,"5","HPCA"
"PPP1R1A",0,2.52678578959405,0.157,0.017,0,"5","PPP1R1A"
"CKLF",0,2.81910820754377,0.163,0.023,0,"5","CKLF"
"TMEM151B",0,2.49778996754575,0.161,0.022,0,"5","TMEM151B"
"PNPLA4",0,2.30357855116255,0.165,0.026,0,"5","PNPLA4"
"C1orf50",0,3.17485497450007,0.154,0.016,0,"5","C1orf50"
"SLC16A121",0,2.12559407222091,0.158,0.021,0,"5","SLC16A12"
"DYRK4",0,2.20984266947868,0.167,0.03,0,"5","DYRK4"
"RFXANK",0,2.0034431406454,0.169,0.032,0,"5","RFXANK"
"ALDOA",0,3.41528101710002,0.151,0.014,0,"5","ALDOA"
"PPP3R11",0,2.86652409526827,0.155,0.019,0,"5","PPP3R1"
"DDX19B1",0,2.57351256830221,0.159,0.023,0,"5","DDX19B"
"ZNF5061",0,2.82989832488403,0.154,0.018,0,"5","ZNF506"
"ADRB2",0,2.23873862775693,0.159,0.024,0,"5","ADRB2"
"ERV3-11",0,2.5764609624512,0.16,0.025,0,"5","ERV3-1"
"ZNHIT2",0,2.55347471819229,0.156,0.022,0,"5","ZNHIT2"
"RTBDN",0,3.86090708003419,0.143,0.009,0,"5","RTBDN"
"ADSL1",0,2.81416878901356,0.156,0.023,0,"5","ADSL"
"RAD51D1",0,3.10875376615601,0.149,0.017,0,"5","RAD51D"
"LRRC8C",0,3.05831918723624,0.145,0.014,0,"5","LRRC8C"
"B3GNT7",0,2.10267829501229,0.157,0.028,0,"5","B3GNT7"
"NXPH4",0,2.02812234663646,0.153,0.024,0,"5","NXPH4"
"RBM141",0,2.76344743769208,0.15,0.022,0,"5","RBM14"
"EMG11",0,2.61446058161889,0.152,0.024,0,"5","EMG1"
"FLCN1",0,2.83810200054628,0.144,0.016,0,"5","FLCN"
"EXOSC31",0,2.65181920368977,0.15,0.023,0,"5","EXOSC3"
"HOXC81",0,3.60373468214004,0.137,0.01,0,"5","HOXC8"
"ABCF2-ENSG000000330501",0,2.8626202945318,0.146,0.02,0,"5","ABCF2-ENSG00000033050"
"TOMM51",0,2.56452029540311,0.149,0.023,0,"5","TOMM5"
"NGRN1",0,3.16368606194606,0.14,0.015,0,"5","NGRN"
"HNRNPUL21",0,2.75407987856357,0.144,0.019,0,"5","HNRNPUL2"
"EEF1AKMT2",0,2.62131742105186,0.143,0.019,0,"5","EEF1AKMT2"
"RNASET2",0,2.75029996829762,0.142,0.019,0,"5","RNASET2"
"FAM122A1",0,3.18991736186339,0.136,0.014,0,"5","FAM122A"
"CITED4",0,2.23826640127912,0.148,0.026,0,"5","CITED4"
"IER3",0,2.05168594246633,0.159,0.038,0,"5","IER3"
"RBM71",0,2.7183671188101,0.143,0.022,0,"5","RBM7"
"IRF2BP1",0,2.01128043473485,0.149,0.028,0,"5","IRF2BP1"
"CSAG1",0,2.41065250838943,0.14,0.02,0,"5","CSAG1"
"RNF1031",0,3.03754601713158,0.133,0.014,0,"5","RNF103"
"ISY11",0,2.8287508357037,0.136,0.018,0,"5","ISY1"
"ZFP911",0,2.75227941053487,0.137,0.019,0,"5","ZFP91"
"SLC5A31",0,2.63052574004646,0.138,0.02,0,"5","SLC5A3"
"MAGEA12",0,2.11219234466076,0.144,0.026,0,"5","MAGEA12"
"MUC12",0,2.42060738753034,0.135,0.018,0,"5","MUC12"
"ANKRD13B1",0,2.77010555194007,0.136,0.019,0,"5","ANKRD13B"
"U2AF1L4",0,3.14173925283267,0.131,0.014,0,"5","U2AF1L4"
"HSD17B14",0,2.34337281494161,0.136,0.019,0,"5","HSD17B14"
"KCNA3",0,2.79694282016489,0.131,0.015,0,"5","KCNA3"
"HSD17B8",0,2.74545396965396,0.132,0.016,0,"5","HSD17B8"
"LINC005261",0,3.00013000199084,0.132,0.016,0,"5","LINC00526"
"THAP9-AS11",0,2.59235698615246,0.136,0.022,0,"5","THAP9-AS1"
"MSRB1",0,2.30382581687277,0.137,0.023,0,"5","MSRB1"
"DDX39B1",0,2.62495129031303,0.133,0.019,0,"5","DDX39B"
"PAGE2B",0,3.20512590746183,0.13,0.016,0,"5","PAGE2B"
"ATP7A",0,2.6489088595676,0.131,0.017,0,"5","ATP7A"
"ZNF5761",0,2.90019606953791,0.131,0.017,0,"5","ZNF576"
"DNAL41",0,2.97208971893586,0.131,0.017,0,"5","DNAL4"
"MRPS171",0,2.84690296107989,0.132,0.019,0,"5","MRPS17"
"PAGE2",0,3.57369219544888,0.125,0.012,0,"5","PAGE2"
"CRABP2",0,2.13953597839984,0.133,0.021,0,"5","CRABP2"
"MRPL301",0,2.75979108601677,0.132,0.02,0,"5","MRPL30"
"RNF113A",0,2.09935545354797,0.134,0.023,0,"5","RNF113A"
"GEMIN71",0,3.06457404281558,0.126,0.015,0,"5","GEMIN7"
"TEX2611",0,2.92527030273115,0.125,0.015,0,"5","TEX261"
"LYRM9",0,3.40707786694757,0.121,0.011,0,"5","LYRM9"
"PAGE5",0,2.91131829455605,0.128,0.021,0,"5","PAGE5"
"ZNF6051",0,2.60771459600743,0.125,0.018,0,"5","ZNF605"
"SYS11",0,2.8420821963522,0.122,0.015,0,"5","SYS1"
"TGFB1I1",0,2.15144833604077,0.128,0.022,0,"5","TGFB1I1"
"SLC18A31",0,2.99022361322778,0.119,0.013,0,"5","SLC18A3"
"SLC22A18",0,2.05644981938782,0.124,0.019,0,"5","SLC22A18"
"PHOSPHO21",0,2.65148628077447,0.121,0.017,0,"5","PHOSPHO2"
"HAGLROS",0,2.32395905731985,0.124,0.02,0,"5","HAGLROS"
"ZSCAN261",0,2.90859329131316,0.119,0.015,0,"5","ZSCAN26"
"AC007325.4",0,2.26402616102396,0.123,0.019,0,"5","AC007325.4"
"C2CD4B",0,2.19887604322073,0.131,0.028,0,"5","C2CD4B"
"PCDHA101",0,2.44815262696045,0.116,0.015,0,"5","PCDHA10"
"TMEM91",0,3.50371838668734,0.11,0.009,0,"5","TMEM91"
"SLC35E11",0,2.72201756835811,0.115,0.015,0,"5","SLC35E1"
"CFHR3",0,2.28701042352495,0.116,0.016,0,"5","CFHR3"
"COX16",0,2.34197452649435,0.121,0.021,0,"5","COX16"
"TMEM421",0,2.93174118074203,0.114,0.015,0,"5","TMEM42"
"SST1",0,2.53053819831872,0.15,0.051,0,"5","SST"
"ZBED11",0,2.79272540986122,0.115,0.016,0,"5","ZBED1"
"BX284668.5",0,2.13074785583474,0.121,0.023,0,"5","BX284668.5"
"RNASEK",0,2.35861180887607,0.115,0.017,0,"5","RNASEK"
"FDX21",0,3.23953014086791,0.11,0.012,0,"5","FDX2"
"CHERP1",0,2.59825787291217,0.116,0.018,0,"5","CHERP"
"C1orf53",0,3.21070637447394,0.107,0.01,0,"5","C1orf53"
"H2AFJ",0,2.26921761061985,0.117,0.02,0,"5","H2AFJ"
"SLC35F61",0,2.95630187651558,0.109,0.013,0,"5","SLC35F6"
"SLC2A11",0,2.06316482517192,0.115,0.02,0,"5","SLC2A11"
"PPT21",0,3.00734210805238,0.105,0.012,0,"5","PPT2"
"CHST7",0,2.09582161650321,0.111,0.018,0,"5","CHST7"
"TUBB3",0,2.31609238982487,0.111,0.018,0,"5","TUBB3"
"DGCR61",0,3.60423226370699,0.101,0.008,0,"5","DGCR6"
"RHNO11",0,2.62647059753489,0.111,0.019,0,"5","RHNO1"
"PNMA8B",0,3.05165952650855,0.102,0.01,0,"5","PNMA8B"
"MAGEA3",0,3.13110774975785,0.102,0.01,0,"5","MAGEA3"
"MAGEA6",0,2.98793385743627,0.102,0.01,0,"5","MAGEA6"
"LKAAEAR1",0,3.04450675455985,0.101,0.01,0,"5","LKAAEAR1"
"TP53I131",0,2.4095730780511,0.111,0.02,0,"5","TP53I13"
"SERTAD11",0,2.57822703732516,0.105,0.014,0,"5","SERTAD1"
"CXorf40A",0,3.02947895541166,0.101,0.011,0,"5","CXorf40A"
"KTI121",0,2.8050191742065,0.105,0.015,0,"5","KTI12"
"FADD",0,2.08358239830368,0.114,0.024,0,"5","FADD"
"LINC01574",0,2.7421708368623,0.1,0.011,0,"5","LINC01574"
"BLOC1S51",0,2.92499560884496,0.102,0.013,0,"5","BLOC1S5"
"ASPDH",0,2.49010738379228,0.106,0.017,0,"5","ASPDH"
"PPP1R371",0,3.10150247341904,0.099,0.011,0,"5","PPP1R37"
"AARSD11",0,2.78035816971799,0.102,0.014,0,"5","AARSD1"
"INO80C1",0,2.46081893474465,0.106,0.018,0,"5","INO80C"
"POU3F1",0,2.99698279500671,0.098,0.011,0,"5","POU3F1"
"PIGM1",0,2.76660904345787,0.1,0.014,0,"5","PIGM"
"PINX1-ENSG000002540931",0,2.77671112139442,0.101,0.015,0,"5","PINX1-ENSG00000254093"
"NOL12",0,2.49423763608639,0.101,0.015,0,"5","NOL12"
"XK",0,3.62085389230851,0.093,0.007,0,"5","XK"
"MDP1",0,3.22785311497946,0.094,0.009,0,"5","MDP1"
"CTXN21",0,3.09950480137577,0.095,0.01,0,"5","CTXN2"
"ELAC11",0,2.99563857792019,0.097,0.012,0,"5","ELAC1"
"FEN11",0,2.23451308949723,0.104,0.019,0,"5","FEN1"
"NPHP3",0,2.80820261649912,0.095,0.011,0,"5","NPHP3"
"IFT801",0,2.70130120745527,0.095,0.013,0,"5","IFT80"
"LINC00294",0,2.91795165856808,0.093,0.011,0,"5","LINC00294"
"COPZ2",0,2.17984674302313,0.095,0.013,0,"5","COPZ2"
"AC007405.3",0,2.88337796137691,0.089,0.009,0,"5","AC007405.3"
"C11orf541",0,2.76091984134166,0.094,0.014,0,"5","C11orf54"
"ERF1",0,2.81512298289623,0.092,0.012,0,"5","ERF"
"TMEM225B",0,2.81693144461121,0.087,0.008,0,"5","TMEM225B"
"SLC43A3",0,2.58092935053143,0.092,0.014,0,"5","SLC43A3"
"RBM121",0,2.5283833997249,0.093,0.015,0,"5","RBM12"
"SLC35A31",0,2.81657687853825,0.088,0.011,0,"5","SLC35A3"
"MTAP1",0,2.51163146052915,0.093,0.016,0,"5","MTAP"
"EID31",0,3.02562718687876,0.087,0.01,0,"5","EID3"
"CYBA",0,2.05292438735295,0.093,0.016,0,"5","CYBA"
"FXYD5",0,2.08891503436394,0.091,0.014,0,"5","FXYD5"
"AP001816.1",0,2.0257386806762,0.096,0.02,0,"5","AP001816.1"
"AGGF1",0,2.52906184359416,0.089,0.013,0,"5","AGGF1"
"PEG31",0,2.2603576068736,0.092,0.017,0,"5","PEG3"
"RBMXL11",0,2.67680475373933,0.088,0.014,0,"5","RBMXL1"
"ACSL6",0,2.1313363760515,0.089,0.015,0,"5","ACSL6"
"KCTD71",0,2.70594889879196,0.086,0.012,0,"5","KCTD7"
"C8orf441",0,2.86445669084383,0.083,0.01,0,"5","C8orf44"
"COX7A1",0,2.32335792306255,0.089,0.016,0,"5","COX7A1"
"MATR3-ENSG000000154791",0,2.56222057465095,0.084,0.012,0,"5","MATR3-ENSG00000015479"
"ZFP36",0,2.51136641842358,0.08,0.008,0,"5","ZFP36"
"IRF6",0,2.26925207426803,0.086,0.014,0,"5","IRF6"
"RTL8B",0,2.06802949684769,0.091,0.019,0,"5","RTL8B"
"BIVM1",0,2.86625266360061,0.081,0.011,0,"5","BIVM"
"PSMA61",0,2.85365478140681,0.082,0.012,0,"5","PSMA6"
"AL451085.2",0,2.00591773311925,0.082,0.013,0,"5","AL451085.2"
"CHML1",0,2.29171960638005,0.084,0.017,0,"5","CHML"
"RPP21",0,2.18425369159163,0.08,0.014,0,"5","RPP21"
"NOTCH4",0,2.23774409533827,0.079,0.013,0,"5","NOTCH4"
"SLC39A4",0,2.04626846102809,0.083,0.017,0,"5","SLC39A4"
"ZNF5591",0,2.48490189716018,0.08,0.014,0,"5","ZNF559"
"ZNF6261",0,2.67517005486333,0.077,0.011,0,"5","ZNF626"
"ZNF5441",0,2.6967876948376,0.077,0.011,0,"5","ZNF544"
"KLK1",0,3.20801489556867,0.072,0.006,0,"5","KLK1"
"KDM4A1",0,2.7279155917203,0.075,0.011,0,"5","KDM4A"
"S100A13",0,2.57017182796203,0.079,0.015,0,"5","S100A13"
"FAM47E",0,2.15232989518,0.075,0.012,0,"5","FAM47E"
"CCDC144A",0,2.49582840248679,0.074,0.011,0,"5","CCDC144A"
"CENPS1",0,3.20921601192936,0.07,0.008,0,"5","CENPS"
"PRSS56",0,3.13140113580432,0.067,0.005,0,"5","PRSS56"
"ZNF7811",0,2.71997278162009,0.072,0.01,0,"5","ZNF781"
"AC016831.5",0,3.07671727802733,0.067,0.006,0,"5","AC016831.5"
"RGS19",0,2.13138985140587,0.073,0.012,0,"5","RGS19"
"BSCL2",0,3.32625989669646,0.066,0.006,0,"5","BSCL2"
"ARPIN",0,3.02024585591852,0.069,0.009,0,"5","ARPIN"
"ZNF286A1",0,2.86144114208746,0.069,0.009,0,"5","ZNF286A"
"CYB561D21",0,2.72579786651983,0.071,0.011,0,"5","CYB561D2"
"DEPDC51",0,2.63491165978122,0.069,0.01,0,"5","DEPDC5"
"SLC33A11",0,2.76424759878275,0.068,0.01,0,"5","SLC33A1"
"AL133163.3",0,2.15157469613065,0.067,0.009,0,"5","AL133163.3"
"HPS6",0,2.13477693363209,0.069,0.012,0,"5","HPS6"
"ATXN1L1",0,2.51038848232791,0.068,0.011,0,"5","ATXN1L"
"RBM271",0,2.63365870752421,0.067,0.01,0,"5","RBM27"
"ZNF7471",0,2.94216604296844,0.065,0.008,0,"5","ZNF747"
"FASTKD51",0,2.83010241430219,0.067,0.01,0,"5","FASTKD5"
"UBE2V11",0,2.82311559971073,0.065,0.008,0,"5","UBE2V1"
"AC092279.11",0,2.47741767143953,0.067,0.01,0,"5","AC092279.1"
"NUDT8",0,2.03386022101684,0.066,0.01,0,"5","NUDT8"
"MRPL53",0,2.85431175755522,0.063,0.008,0,"5","MRPL53"
"DNAJC251",0,2.76308248149701,0.064,0.009,0,"5","DNAJC25"
"AP001160.3",0,3.45048704415317,0.06,0.005,0,"5","AP001160.3"
"ZNF5031",0,2.2934529737294,0.068,0.014,0,"5","ZNF503"
"PPAN1",0,2.41328799550024,0.067,0.013,0,"5","PPAN"
"HAUS31",0,2.53552953662704,0.064,0.01,0,"5","HAUS3"
"IRF91",0,2.85314091526298,0.06,0.006,0,"5","IRF9"
"TST",0,2.32253971791474,0.064,0.01,0,"5","TST"
"NPFF",0,4.05346033916268,0.057,0.004,0,"5","NPFF"
"RTL101",0,2.57327473924908,0.064,0.011,0,"5","RTL10"
"HLA-DRB5",0,2.68071810214785,0.059,0.006,0,"5","HLA-DRB5"
"AC005838.21",0,2.68006348323027,0.061,0.008,0,"5","AC005838.2"
"FXN1",0,2.7332293418822,0.062,0.01,0,"5","FXN"
"TUT11",0,2.57449613625984,0.061,0.01,0,"5","TUT1"
"NLRP3",0,2.25028329040285,0.058,0.008,0,"5","NLRP3"
"NR0B1",0,2.99339144056173,0.056,0.006,0,"5","NR0B1"
"FPGT1",0,3.28157460636389,0.054,0.005,0,"5","FPGT"
"HOXD1",0,2.34140637331876,0.056,0.008,0,"5","HOXD1"
"AC005229.4",0,2.28565189594048,0.058,0.01,0,"5","AC005229.4"
"C9orf1351",0,2.07415517404901,0.056,0.008,0,"5","C9orf135"
"HSPA141",0,2.56777422585136,0.058,0.01,0,"5","HSPA14"
"DDX281",0,2.07653606157644,0.061,0.013,0,"5","DDX28"
"OMA11",0,2.95579643301042,0.053,0.006,0,"5","OMA1"
"AL160006.11",0,2.94599618591649,0.053,0.006,0,"5","AL160006.1"
"NAA80",0,3.17080576131063,0.053,0.006,0,"5","NAA80"
"PTGR21",0,2.66429578199895,0.056,0.009,0,"5","PTGR2"
"PSMB10",0,2.80501195515952,0.055,0.008,0,"5","PSMB10"
"HOMER31",0,2.41029962480881,0.057,0.01,0,"5","HOMER3"
"ZNF2221",0,3.01049910901979,0.054,0.007,0,"5","ZNF222"
"ALDH4A1",0,3.42159252829559,0.05,0.004,0,"5","ALDH4A1"
"LINC02361",0,2.01269936750153,0.058,0.012,0,"5","LINC02361"
"TMEM561",0,2.61247139033922,0.053,0.008,0,"5","TMEM56"
"SCLY1",0,2.69464052422619,0.053,0.008,0,"5","SCLY"
"LYNX11",0,3.31134711470896,0.049,0.004,0,"5","LYNX1"
"EEF1G",0,2.53194845988355,0.054,0.009,0,"5","EEF1G"
"SND1-IT11",0,2.82478980929644,0.051,0.007,0,"5","SND1-IT1"
"SPATA13",0,2.77421535178252,0.051,0.007,0,"5","SPATA13"
"CIPC1",0,2.85000559626747,0.051,0.007,0,"5","CIPC"
"SLC25A511",0,2.98799925395663,0.049,0.006,0,"5","SLC25A51"
"TM9SF11",0,2.92563068369286,0.049,0.006,0,"5","TM9SF1"
"VPS33B1",0,2.76725253536335,0.05,0.007,0,"5","VPS33B"
"ANKRD2",0,3.07133509485133,0.048,0.005,0,"5","ANKRD2"
"MT1X",0,2.37300666430964,0.053,0.01,0,"5","MT1X"
"ZNF571-AS11",0,2.29944135499501,0.052,0.009,0,"5","ZNF571-AS1"
"ALDH16A1",0,2.20644372432172,0.052,0.009,0,"5","ALDH16A1"
"POLR2J21",0,3.00792239325549,0.047,0.005,0,"5","POLR2J2"
"FAM27C",0,2.0029161975392,0.051,0.009,0,"5","FAM27C"
"TAS2R141",0,3.22148852243771,0.046,0.005,0,"5","TAS2R14"
"ZNF1741",0,2.86992520441297,0.048,0.007,0,"5","ZNF174"
"C17orf49",0,3.01750698787558,0.047,0.006,0,"5","C17orf49"
"ZNF585A1",0,2.58068361892736,0.048,0.007,0,"5","ZNF585A"
"HOXC51",0,3.65271114654915,0.044,0.003,0,"5","HOXC5"
"ZMYM61",0,2.10868036244257,0.05,0.01,0,"5","ZMYM6"
"INO80B",0,2.3843615570662,0.047,0.007,0,"5","INO80B"
"CFC1",0,2.57766542220971,0.045,0.005,0,"5","CFC1"
"TBCEL",0,2.07484875003697,0.049,0.009,0,"5","TBCEL"
"AC016394.11",0,2.71714849595581,0.048,0.008,0,"5","AC016394.1"
"DCUN1D31",0,2.83751233448233,0.046,0.006,0,"5","DCUN1D3"
"ZNF7641",0,2.76716199797741,0.047,0.007,0,"5","ZNF764"
"SENP3",0,2.33291545586749,0.048,0.008,0,"5","SENP3"
"IFNAR21",0,2.78348229837821,0.047,0.007,0,"5","IFNAR2"
"AC209154.2",0,2.97405322096989,0.044,0.004,0,"5","AC209154.2"
"AL359258.2",0,2.00210344292219,0.049,0.01,0,"5","AL359258.2"
"LINC01011",0,2.03048999398725,0.047,0.008,0,"5","LINC01011"
"F8A1",0,2.57214176209436,0.047,0.008,0,"5","F8A1"
"LRTOMT1",0,2.85531165923817,0.045,0.006,0,"5","LRTOMT"
"FUOM",0,2.35242149890115,0.048,0.009,0,"5","FUOM"
"B3GNT8",0,2.05212794155243,0.046,0.007,0,"5","B3GNT8"
"AC093827.4",0,3.42363543317598,0.043,0.004,0,"5","AC093827.4"
"ZC3H101",0,2.63840436372266,0.046,0.008,0,"5","ZC3H10"
"TNFRSF12A1",0,2.15961920083088,0.048,0.01,0,"5","TNFRSF12A"
"AC007009.1",0,2.71217823617075,0.042,0.005,0,"5","AC007009.1"
"RBAK1",0,2.53672910741176,0.043,0.006,0,"5","RBAK"
"SMIM1",0,2.68548496982514,0.041,0.005,0,"5","SMIM1"
"SIX6",0,2.94757025771925,0.04,0.004,0,"5","SIX6"
"ANKHD11",0,2.59947387004117,0.043,0.007,0,"5","ANKHD1"
"AC068473.51",0,2.68810757676992,0.043,0.007,0,"5","AC068473.5"
"CYB5RL1",0,2.85963938703105,0.04,0.005,0,"5","CYB5RL"
"LIPT11",0,2.88270705901935,0.041,0.006,0,"5","LIPT1"
"BOLA2B",0,3.09459069958945,0.04,0.005,0,"5","BOLA2B"
"ALG1L",0,2.02113513496731,0.041,0.006,0,"5","ALG1L"
"ZNF6601",0,2.53850142086964,0.043,0.008,0,"5","ZNF660"
"SCHIP11",0,2.71293208824434,0.039,0.005,0,"5","SCHIP1"
"HIST1H4J",0,2.28328290647894,0.041,0.007,0,"5","HIST1H4J"
"IER3-AS1",0,2.04737386322083,0.041,0.007,0,"5","IER3-AS1"
"KRBA21",0,2.9613665836477,0.038,0.004,0,"5","KRBA2"
"ETV2",0,2.68019876983278,0.039,0.005,0,"5","ETV2"
"SH3BP1",0,2.81814341713854,0.039,0.005,0,"5","SH3BP1"
"SHLD31",0,2.5586666786602,0.04,0.007,0,"5","SHLD3"
"ZNF7131",0,2.78427085282687,0.039,0.006,0,"5","ZNF713"
"SMIM10",0,2.53873499464993,0.038,0.005,0,"5","SMIM10"
"HAUS7",0,2.94865140482613,0.038,0.005,0,"5","HAUS7"
"MRPL38",0,2.39756426429184,0.039,0.006,0,"5","MRPL38"
"UBXN10",0,2.10800177798258,0.039,0.006,0,"5","UBXN10"
"AC002076.1",0,3.28746021807375,0.036,0.003,0,"5","AC002076.1"
"AC016831.1",0,3.26627484580922,0.036,0.003,0,"5","AC016831.1"
"CITED1",0,2.09244227112769,0.04,0.008,0,"5","CITED1"
"GNG10",0,2.91029059826921,0.036,0.004,0,"5","GNG10"
"BICRA1",0,2.66692116808443,0.037,0.005,0,"5","BICRA"
"S100A31",0,3.72873585502977,0.034,0.002,0,"5","S100A3"
"BBS51",0,2.85964959433187,0.035,0.004,0,"5","BBS5"
"PTGES3L1",0,3.12430562436185,0.035,0.004,0,"5","PTGES3L"
"AC010776.2",0,2.926115072622,0.034,0.003,0,"5","AC010776.2"
"ZBTB8B1",0,2.56396640866484,0.037,0.006,0,"5","ZBTB8B"
"LINC01816",0,2.26096202509856,0.039,0.008,0,"5","LINC01816"
"EEF1AKMT41",0,2.40249488819908,0.038,0.007,0,"5","EEF1AKMT4"
"TNFSF12",0,3.5297427837851,0.033,0.002,0,"5","TNFSF12"
"SGK4941",0,2.44031009820545,0.037,0.006,0,"5","SGK494"
"PCDHGA101",0,2.48865075153725,0.036,0.005,0,"5","PCDHGA10"
"C2orf151",0,3.20159209457893,0.033,0.003,0,"5","C2orf15"
"FAM53B",0,3.05048439382068,0.033,0.003,0,"5","FAM53B"
"RBM341",0,2.04995104634332,0.038,0.008,0,"5","RBM34"
"EPB41L4A-DT",0,2.02342168208195,0.036,0.006,0,"5","EPB41L4A-DT"
"CAPG",0,2.27496515632264,0.033,0.004,0,"5","CAPG"
"KCNQ1-AS1",0,2.89987605823855,0.032,0.003,0,"5","KCNQ1-AS1"
"AC023509.3",0,2.2792470537529,0.033,0.004,0,"5","AC023509.3"
"BDKRB2",0,3.40081546001179,0.032,0.003,0,"5","BDKRB2"
"ZNF6531",0,2.94409001446577,0.033,0.004,0,"5","ZNF653"
"S100A21",0,2.75554462638029,0.032,0.004,0,"5","S100A2"
"HOXC10",0,2.94901808636081,0.031,0.003,0,"5","HOXC10"
"ODF3L1",0,2.82702811801998,0.031,0.003,0,"5","ODF3L1"
"TVP23C",0,2.20838984587257,0.033,0.005,0,"5","TVP23C"
"AC132825.3",0,2.26062061459555,0.033,0.005,0,"5","AC132825.3"
"AC015813.11",0,2.512091957237,0.033,0.005,0,"5","AC015813.1"
"TATDN21",0,2.25043538231262,0.033,0.006,0,"5","TATDN2"
"DTD21",0,2.66141108637518,0.033,0.006,0,"5","DTD2"
"C2orf811",0,2.92197608969983,0.031,0.004,0,"5","C2orf81"
"AC048341.21",0,3.12991019659369,0.03,0.003,0,"5","AC048341.2"
"PAGR1",0,3.16567483099955,0.03,0.003,0,"5","PAGR1"
"AP006333.2",0,3.48589787697395,0.028,0.002,0,"5","AP006333.2"
"BX005019.11",0,2.36182466684609,0.031,0.005,0,"5","BX005019.1"
"PCDHGA61",0,2.45281593066474,0.03,0.004,0,"5","PCDHGA6"
"TAP21",0,3.06094116527382,0.03,0.004,0,"5","TAP2"
"ZNF6251",0,2.41706220336593,0.031,0.005,0,"5","ZNF625"
"MED261",0,2.60033499082103,0.031,0.005,0,"5","MED26"
"RGS5-ENSG000002329951",0,2.94689943420858,0.028,0.003,0,"5","RGS5-ENSG00000232995"
"AC105446.1",0,2.34931814072014,0.028,0.003,0,"5","AC105446.1"
"SHPK1",0,2.63803189264351,0.029,0.004,0,"5","SHPK"
"CLDND2",0,3.16957069720775,0.028,0.003,0,"5","CLDND2"
"CCDC961",0,3.16141623546749,0.026,0.002,0,"5","CCDC96"
"INS",0,4.03148395629433,0.025,0.001,0,"5","INS"
"AL137785.1",0,2.53157742849576,0.027,0.003,0,"5","AL137785.1"
"SEPSECS-AS1",0,2.9100699565464,0.026,0.003,0,"5","SEPSECS-AS1"
"AC106897.1",0,2.52388456860533,0.026,0.003,0,"5","AC106897.1"
"SUMO41",0,2.59796007289144,0.027,0.004,0,"5","SUMO4"
"AKAP4",0,2.72614403857962,0.025,0.002,0,"5","AKAP4"
"BBS1",0,3.03269249293511,0.026,0.003,0,"5","BBS1"
"MYOZ1",0,2.1497845627801,0.027,0.004,0,"5","MYOZ1"
"VMAC",0,2.76895711339538,0.026,0.003,0,"5","VMAC"
"MOB3C1",0,3.06791797448707,0.024,0.002,0,"5","MOB3C"
"AL137796.1",0,2.84765558884664,0.024,0.002,0,"5","AL137796.1"
"POU5F21",0,2.56378597091409,0.026,0.004,0,"5","POU5F2"
"ATP6V0C",0,3.11867079758609,0.024,0.002,0,"5","ATP6V0C"
"CERS11",0,2.66819997125134,0.025,0.004,0,"5","CERS1"
"PSMB8-AS1",0,3.00773870093736,0.023,0.002,0,"5","PSMB8-AS1"
"LANCL3",0,3.4520177159636,0.023,0.002,0,"5","LANCL3"
"AC025165.51",0,3.23537721463158,0.023,0.002,0,"5","AC025165.5"
"COX6A2",0,2.83257723696993,0.023,0.002,0,"5","COX6A2"
"PPM1J",0,3.43625860621644,0.021,0.002,0,"5","PPM1J"
"PIK3R2",0,3.21829605986617,0.021,0.002,0,"5","PIK3R2"
"CU104787.1",0,2.73615962020777,0.021,0.002,0,"5","CU104787.1"
"POLR2J3",0,2.93127515370382,0.022,0.003,0,"5","POLR2J3"
"AC091488.1",0,3.50669488885825,0.02,0.002,0,"5","AC091488.1"
"PCDHA51",0,2.50350643969532,0.021,0.003,0,"5","PCDHA5"
"RWDD31",0,3.18389313975888,0.019,0.002,0,"5","RWDD3"
"PCDHGC31",0,3.17019580887555,0.018,0.002,0,"5","PCDHGC3"
"AC023794.3",0,4.07614719395125,0.017,0.001,0,"5","AC023794.3"
"AC068790.9",0,3.03100232534872,0.018,0.002,0,"5","AC068790.9"
"AC023034.1",0,2.9116696434363,0.018,0.002,0,"5","AC023034.1"
"LIN371",0,3.02651765202246,0.018,0.002,0,"5","LIN37"
"EGLN2",0,3.45254703612839,0.016,0.001,0,"5","EGLN2"
"HLA-G",0,2.95102009197673,0.016,0.001,0,"5","HLA-G"
"KHDC1L",0,3.3984666628585,0.015,0.001,0,"5","KHDC1L"
"NCCRP1",0,3.93944246662379,0.015,0.001,0,"5","NCCRP1"
"UPK3BL1",0,3.55137177032654,0.014,0.001,0,"5","UPK3BL1"
"AC023824.5",0,3.9319554579989,0.014,0.001,0,"5","AC023824.5"
"AC044839.1",0,3.66891940823639,0.012,0.001,0,"5","AC044839.1"
"AP003559.1",3.67101465903043e-307,3.01092808179884,0.018,0.002,1.19807234412117e-302,"5","AP003559.1"
"AL392172.11",8.26449111257474e-302,2.66626345638626,0.026,0.004,2.69719931949989e-297,"5","AL392172.1"
"GDPGP11",3.51805573172709e-301,2.70731627454422,0.021,0.003,1.14815266860645e-296,"5","GDPGP1"
"RDH5",6.24115580768719e-299,2.55811068755995,0.026,0.004,2.03686360939679e-294,"5","RDH5"
"ZNF6701",1.9866276137517e-294,2.522343489121,0.03,0.005,6.48355788024005e-290,"5","ZNF670"
"SMG81",7.53429356622579e-285,2.49684260474709,0.021,0.003,2.45889204827345e-280,"5","SMG8"
"SHB1",3.80310859053782e-284,2.29480545107305,0.033,0.007,1.24118251960792e-279,"5","SHB"
"MRPS241",2.41377709270072e-281,2.59190217369174,0.024,0.004,7.87760291973808e-277,"5","MRPS24"
"AL731661.1",2.21165281580508e-280,2.77172024576095,0.017,0.002,7.21795012966146e-276,"5","AL731661.1"
"AC013731.1",1.05947123408664e-279,3.21345206349115,0.014,0.001,3.45769031956517e-275,"5","AC013731.1"
"DIABLO-ENSG000001840471",2.73454820112351e-278,2.72866565346158,0.02,0.003,8.92447150918668e-274,"5","DIABLO-ENSG00000184047"
"ZNF81",2.41546442778096e-275,2.36122250215856,0.031,0.006,7.88310970650596e-271,"5","ZNF8"
"HLA-E1",5.63744727565817e-275,2.26117644080346,0.04,0.01,1.8398372928838e-270,"5","HLA-E"
"AC004556.1",8.35878031124954e-273,2.1398035426955,0.021,0.003,2.7279715423794e-268,"5","AC004556.1"
"RASA4B",1.59757268254807e-271,2.841783449481,0.016,0.002,5.21383820676389e-267,"5","RASA4B"
"ZNF2231",3.32407616487072e-269,2.76291349659486,0.019,0.002,1.08484549716721e-264,"5","ZNF223"
"MAGEC2",4.63274736776882e-269,2.73250781767781,0.02,0.003,1.51194343094503e-264,"5","MAGEC2"
"ZNF4191",1.42698732697218e-260,2.38534164723626,0.028,0.005,4.6571158403064e-256,"5","ZNF419"
"AC004825.2",5.40874368444786e-259,2.08827733966796,0.02,0.003,1.7651975888564e-254,"5","AC004825.2"
"ZNF6621",1.44585698322833e-257,2.64232018487177,0.021,0.003,4.71869885046397e-253,"5","ZNF662"
"AC080013.1",7.44768817136687e-257,2.87299908916826,0.018,0.002,2.43062751160729e-252,"5","AC080013.1"
"AC008035.1",7.8077457218727e-253,3.54271361871537,0.011,0.001,2.54813589379037e-248,"5","AC008035.1"
"KIAA04081",4.10818635116533e-251,2.51707738547154,0.02,0.003,1.34074769756632e-246,"5","KIAA0408"
"AC012588.1",5.79423782517123e-250,3.16916967914961,0.011,0.001,1.89100745662288e-245,"5","AC012588.1"
"LINC017951",1.425876384578e-249,2.3611077114954,0.02,0.003,4.65349016870876e-245,"5","LINC01795"
"FLT3LG",1.37994796207913e-242,3.54876755426592,0.013,0.001,4.50359816904145e-238,"5","FLT3LG"
"PLEKHO21",3.63482642042146e-241,2.42185240957577,0.02,0.003,1.18626195056875e-236,"5","PLEKHO2"
"WBP1",9.07391559245151e-241,2.28568257991699,0.019,0.003,2.96136309275247e-236,"5","WBP1"
"CPA1",3.29216989137383e-240,2.20408196956345,0.017,0.002,1.07443256574876e-235,"5","CPA1"
"AJ011932.1",5.07321836822234e-238,2.01769535410442,0.034,0.008,1.65569554665304e-233,"5","AJ011932.1"
"AF131216.3",6.68484436635927e-238,2.63725774909362,0.013,0.001,2.18166580740501e-233,"5","AF131216.3"
"FKBP111",2.31813347759716e-236,2.07502341319093,0.035,0.009,7.56546041748608e-232,"5","FKBP11"
"BOLA2-SMG1P61",2.55143295095986e-235,2.81037019914459,0.017,0.002,8.32685657875259e-231,"5","BOLA2-SMG1P6"
"CMC4",5.96730117800969e-229,3.31876241137928,0.012,0.001,1.94748841245524e-224,"5","CMC4"
"BX537318.1",1.40546840737911e-227,2.07749712245869,0.023,0.004,4.58688669432247e-223,"5","BX537318.1"
"BGLAP",7.30829446633614e-225,3.35865756203966,0.012,0.001,2.38513498203346e-220,"5","BGLAP"
"YY21",3.52849670494781e-224,2.78355008231705,0.015,0.002,1.15156018462677e-219,"5","YY2"
"PCDHGB61",4.33260480001076e-224,2.54227120090712,0.021,0.004,1.41398890253151e-219,"5","PCDHGB6"
"ZNF5481",1.70756469783394e-223,2.37816746965422,0.027,0.006,5.57280814785084e-219,"5","ZNF548"
"COG8-ENSG000002726171",1.90350946626277e-222,2.27306949737225,0.025,0.005,6.21229349409517e-218,"5","COG8-ENSG00000272617"
"S1PR21",4.18769428976109e-222,2.4010769462404,0.023,0.004,1.36669590840643e-217,"5","S1PR2"
"BLOC1S31",5.52318340405479e-222,2.7057701809464,0.018,0.003,1.80254613574732e-217,"5","BLOC1S3"
"LINC00595",5.0020986196015e-218,3.45245585695467,0.01,0.001,1.63248490549314e-213,"5","LINC00595"
"AC092747.41",2.15312327128217e-217,2.36425659226513,0.019,0.003,7.02693310815649e-213,"5","AC092747.4"
"AL512598.1",2.33425746374546e-217,2.14756010365278,0.021,0.004,7.61808265867969e-213,"5","AL512598.1"
"SNURF",1.46482303336341e-216,2.88102647883286,0.015,0.002,4.78059645168484e-212,"5","SNURF"
"MIR670HG",2.85245618246409e-216,3.60500736988402,0.01,0.001,9.30927599708979e-212,"5","MIR670HG"
"AL161935.3",1.00437309712562e-213,2.48868954589227,0.016,0.002,3.27787203977917e-209,"5","AL161935.3"
"HSPB2",1.61434478442164e-212,2.75419344723503,0.018,0.003,5.26857563843847e-208,"5","HSPB2"
"U47924.2",2.55478367281793e-207,2.21113442471689,0.019,0.003,8.3377919946086e-203,"5","U47924.2"
"AC073896.3",1.15752159989192e-206,2.76044492683,0.016,0.002,3.77768749340726e-202,"5","AC073896.3"
"MINDY41",1.5279244683574e-206,2.1662371739672,0.021,0.004,4.9865342949312e-202,"5","MINDY4"
"ACTA1",2.17319186429076e-206,2.35933529973622,0.021,0.004,7.09242896829931e-202,"5","ACTA1"
"MUC1",9.95615195869194e-205,2.65773611161891,0.012,0.001,3.2492897532387e-200,"5","MUC1"
"AL451085.1",1.49945046129117e-204,2.2100518080166,0.015,0.002,4.89360652546987e-200,"5","AL451085.1"
"ZFP411",3.83687912696517e-204,2.12506102112724,0.022,0.004,1.25220387187635e-199,"5","ZFP41"
"C17orf113",3.51897987463742e-203,3.03510132015447,0.014,0.002,1.14845427188667e-198,"5","C17orf113"
"AL031708.11",3.62351197253818e-200,2.68660627097113,0.017,0.003,1.18256936735756e-195,"5","AL031708.1"
"SNX15",3.84134253807834e-198,2.87544612949677,0.012,0.001,1.25366055072725e-193,"5","SNX15"
"ZNF4681",1.1444129433065e-194,2.52566321722175,0.018,0.003,3.73490608177509e-190,"5","ZNF468"
"AC040977.11",4.40771367269434e-191,2.73256676094699,0.013,0.002,1.43850143422052e-186,"5","AC040977.1"
"ZCWPW2",4.81806265544665e-190,3.2112932917325,0.01,0.001,1.57242292823157e-185,"5","ZCWPW2"
"SLC4A51",1.67573650290676e-189,2.23072847709044,0.016,0.003,5.46893365088651e-185,"5","SLC4A5"
"GFAP",2.05288550226237e-187,2.12012046730652,0.013,0.002,6.69979712518347e-183,"5","GFAP"
"ZNF171",7.213786495278e-186,2.5373450624904,0.017,0.003,2.35429136059893e-181,"5","ZNF17"
"EBLN21",1.31827482017929e-185,2.4331127071772,0.018,0.003,4.30232170313713e-181,"5","EBLN2"
"ZNF5471",3.11129720809292e-185,2.97007421539301,0.013,0.002,1.01540295683321e-180,"5","ZNF547"
"AC116348.1",3.40488839672371e-184,3.21998884665664,0.01,0.001,1.11121937715475e-179,"5","AC116348.1"
"AC116609.3",3.62232496555258e-184,2.44365610425149,0.011,0.001,1.18218197575774e-179,"5","AC116609.3"
"ZBED3-AS11",3.8233334601008e-184,2.19606780715708,0.023,0.005,1.2477831080385e-179,"5","ZBED3-AS1"
"MPV17L1",8.40597794277295e-184,2.48764866258845,0.021,0.004,2.74337496140338e-179,"5","MPV17L"
"KRT18",2.26425876249483e-183,2.25088824900655,0.012,0.001,7.38963489727812e-179,"5","KRT18"
"VSIG8",2.89997140492651e-181,3.22898081190317,0.01,0.001,9.46434667711815e-177,"5","VSIG8"
"S100A101",3.53666110585701e-181,2.98954220508647,0.031,0.008,1.15422471850749e-176,"5","S100A10"
"S100A161",4.6715305207258e-179,3.00314749451994,0.021,0.004,1.52460070074407e-174,"5","S100A16"
"AC087393.2",2.20997813015247e-178,2.77746638084408,0.012,0.002,7.2124846255656e-174,"5","AC087393.2"
"NPY2R1",1.02043835407239e-176,2.25996963813762,0.018,0.003,3.33030261235066e-172,"5","NPY2R"
"NHLRC4",1.53788361144488e-176,2.73820277320347,0.011,0.001,5.01903695431151e-172,"5","NHLRC4"
"FDXACB11",1.94069326441191e-174,2.56341330261768,0.015,0.002,6.3336465377347e-170,"5","FDXACB1"
"ERCC5",2.05199106617089e-171,2.28443628383682,0.014,0.002,6.69687804355533e-167,"5","ERCC5"
"AC108488.1",1.0613714310533e-170,2.33572339311167,0.014,0.002,3.46389180238554e-166,"5","AC108488.1"
"C11orf981",3.42127140947936e-168,2.90919419482077,0.013,0.002,1.11656613719768e-163,"5","C11orf98"
"AL158152.11",3.06898640426241e-164,2.30494715311221,0.014,0.002,1.00159440289508e-159,"5","AL158152.1"
"PCDHA121",7.67000302318673e-164,2.26751155774672,0.017,0.003,2.50318218664722e-159,"5","PCDHA12"
"APOBEC3C",1.11478343765422e-163,2.40060771472213,0.012,0.002,3.63820722712831e-159,"5","APOBEC3C"
"CLN31",7.87568963028371e-163,2.31079418820607,0.015,0.002,2.57031006773939e-158,"5","CLN3"
"AL162412.1",6.01343737682515e-161,2.02282349023809,0.012,0.002,1.96254542230066e-156,"5","AL162412.1"
"PCDHGA51",9.45831801192883e-158,2.38336507137531,0.015,0.003,3.08681666637309e-153,"5","PCDHGA5"
"PCDHA41",2.25322443925429e-156,2.41271653847518,0.012,0.002,7.3536232799503e-152,"5","PCDHA4"
"AC004816.2",8.05496683698923e-155,2.13190618214434,0.017,0.003,2.62881897691981e-150,"5","AC004816.2"
"CCDC1691",5.01413808161839e-153,2.44575785322941,0.017,0.003,1.63641410431698e-148,"5","CCDC169"
"SOGA31",2.87217440373564e-151,2.11174105155186,0.016,0.003,9.37362838403165e-147,"5","SOGA3"
"ATOH11",6.03049526925988e-147,2.25875956839407,0.017,0.003,1.96811243607565e-142,"5","ATOH1"
"AL645608.31",1.16582437521422e-145,2.28306597563339,0.013,0.002,3.80478443094913e-141,"5","AL645608.3"
"ZNF7001",3.96397384807703e-144,2.30807947899668,0.016,0.003,1.29368250505842e-139,"5","ZNF700"
"AC105389.11",7.50690155610319e-144,2.63317732756577,0.014,0.002,2.44995239184984e-139,"5","AC105389.1"
"PDXP",9.75128637062464e-143,2.25387223487237,0.011,0.002,3.18242981991706e-138,"5","PDXP"
"AC022306.2",2.95802951140116e-142,2.72655366151745,0.011,0.002,9.65382511340882e-138,"5","AC022306.2"
"GPBAR1",4.04047375816815e-142,2.03692278383311,0.014,0.002,1.31864901571576e-137,"5","GPBAR1"
"TMEFF11",6.69463617962331e-142,2.25987637438991,0.016,0.003,2.18486146358186e-137,"5","TMEFF1"
"ZBED6CL1",2.20211380910699e-141,2.31875299593215,0.017,0.003,7.18681862740157e-137,"5","ZBED6CL"
"SFN",5.78118551987999e-141,2.09935725155727,0.013,0.002,1.88674770626803e-136,"5","SFN"
"KRBOX12",1.88925943054828e-139,2.2134100221416,0.03,0.009,6.16578707753737e-135,"5","KRBOX1"
"PTGDS1",6.32606302398036e-138,3.10018197475619,0.011,0.002,2.06457392850623e-133,"5","PTGDS"
"ZNF7721",8.73526093703777e-136,2.08266337577534,0.016,0.003,2.85083975941165e-131,"5","ZNF772"
"BX284668.2",2.07109749902682e-133,2.86685958356795,0.01,0.001,6.75923379782394e-129,"5","BX284668.2"
"PCDHGA81",6.64082339736413e-132,2.25952498002551,0.012,0.002,2.16729912396376e-127,"5","PCDHGA8"
"MARS21",1.47690621620307e-126,2.64419371703476,0.012,0.002,4.82003112720035e-122,"5","MARS2"
"AC130650.2",1.17014147198058e-125,2.53620332572284,0.01,0.002,3.81887370795583e-121,"5","AC130650.2"
"C1QTNF3",4.08379405463793e-122,2.25761547089134,0.01,0.002,1.33278702767164e-117,"5","C1QTNF3"
"AC012055.11",4.85137198362931e-121,2.50758588375499,0.014,0.003,1.58329376057726e-116,"5","AC012055.1"
"ZNF417",1.6585431623686e-119,2.5853551924567,0.012,0.002,5.41282146470616e-115,"5","ZNF417"
"AC025283.21",2.03546022640294e-115,2.64867132532177,0.01,0.002,6.64292799488864e-111,"5","AC025283.2"
"STON11",1.90621731864417e-113,2.1237759977991,0.012,0.002,6.22113084112711e-109,"5","STON1"
"CHN21",4.53339912703842e-112,2.2996606440405,0.013,0.003,1.47952013910026e-107,"5","CHN2"
"ZNF7991",7.57313862259594e-112,2.37427144123112,0.013,0.003,2.47156952087041e-107,"5","ZNF799"
"MYZAP",5.0821346549439e-110,2.54029121064396,0.01,0.002,1.65860546598749e-105,"5","MYZAP"
"BARHL12",1.48276759146482e-105,2.29557728552239,0.013,0.003,4.8391603115046e-101,"5","BARHL1"
"MIR4435-2HG",0,2.15588070414489,0.508,0.193,0,"6","MIR4435-2HG"
"AC090579.1",0,2.36015973305054,0.285,0.086,0,"6","AC090579.1"
"LINC01411",0,4.04209850781978,0.192,0.029,0,"6","LINC01411"
"AC017002.5",0,2.77377854600142,0.205,0.043,0,"6","AC017002.5"
"RELN",0,2.20644520659399,0.216,0.078,0,"6","RELN"
"CDK15",0,2.34570376099742,0.154,0.044,0,"6","CDK15"
"AC010967.11",0,3.30174877426661,0.115,0.02,0,"6","AC010967.1"
"AC092078.21",0,3.45488771012826,0.107,0.015,0,"6","AC092078.2"
"RGS6",0,2.05248539818628,0.124,0.048,0,"6","RGS6"
"ADAMTS181",0,2.07015879395671,0.083,0.029,0,"6","ADAMTS18"
"ADRA1B",0,2.73348249625379,0.063,0.013,0,"6","ADRA1B"
"PDGFC1",0,2.22551705347459,0.068,0.019,0,"6","PDGFC"
"AC005064.1",0,2.2347902464112,0.07,0.023,0,"6","AC005064.1"
"COLEC12",0,2.0304133021864,0.079,0.032,0,"6","COLEC12"
"IGFN1",0,3.06192567095142,0.053,0.007,0,"6","IGFN1"
"NPFFR21",0,2.6962537594036,0.06,0.016,0,"6","NPFFR2"
"NGF",0,2.47395209818584,0.056,0.013,0,"6","NGF"
"VWC21",0,2.24438719971469,0.055,0.017,0,"6","VWC2"
"LINC01583",0,3.72474060047661,0.041,0.005,0,"6","LINC01583"
"AC068491.2",0,2.65242719370572,0.045,0.009,0,"6","AC068491.2"
"TNFRSF9",0,2.39456411048916,0.044,0.011,0,"6","TNFRSF9"
"AL359313.11",0,2.8619837563866,0.039,0.007,0,"6","AL359313.1"
"IL6R1",0,2.55749172434948,0.036,0.007,0,"6","IL6R"
"ITK1",0,2.10495740951625,0.036,0.009,0,"6","ITK"
"IL11",0,2.35016713229101,0.034,0.008,0,"6","IL11"
"PTGS11",0,2.10213317611617,0.034,0.009,0,"6","PTGS1"
"ARID5A",0,2.42881302985978,0.029,0.006,0,"6","ARID5A"
"AL512638.21",0,2.53013093172891,0.027,0.005,0,"6","AL512638.2"
"C6orf141",0,3.84294737888211,0.017,0.002,0,"6","C6orf141"
"INHBA1",2.04733529656439e-307,2.44118502479682,0.021,0.004,6.68168347386754e-303,"6","INHBA"
"UNC5B-AS1",1.05895541363612e-299,2.01360243790174,0.034,0.009,3.45600688794286e-295,"6","UNC5B-AS1"
"GBP2",5.86517885153804e-276,2.13180352402932,0.027,0.007,1.91415976998796e-271,"6","GBP2"
"SERPINA9",2.80527796523886e-247,2.23270006698147,0.026,0.007,9.15530516735354e-243,"6","SERPINA9"
"SPHKAP1",2.79994656657124e-242,2.18869280780985,0.061,0.027,9.1379056146619e-238,"6","SPHKAP"
"LINC019511",7.00572928148979e-236,2.63351560966923,0.016,0.003,2.28638980830701e-231,"6","LINC01951"
"AC108463.2",1.37750750390333e-216,2.67817524222392,0.016,0.003,4.4956334897389e-212,"6","AC108463.2"
"MLPH",2.17314093438424e-205,2.09280719593376,0.02,0.005,7.09226275345641e-201,"6","MLPH"
"SDC4",6.55096672289179e-198,2.07140665880188,0.016,0.003,2.13797349968296e-193,"6","SDC4"
"AC026116.11",4.4387074600288e-194,2.53875430496535,0.012,0.002,1.448616566655e-189,"6","AC026116.1"
"TINAG1",5.64751120156907e-188,2.31537705728509,0.015,0.003,1.84312175574408e-183,"6","TINAG"
"LONRF31",3.27257275138342e-172,2.04253253143721,0.023,0.007,1.06803684314149e-167,"6","LONRF3"
"DUX41",9.61931665596301e-167,3.06636339182994,0.01,0.002,3.13936018384009e-162,"6","DUX4"
"DLGAP1-AS2",2.80112472293394e-137,2.01300469821673,0.019,0.006,9.14175064576721e-133,"6","DLGAP1-AS2"
"AL596330.1",1.31629250459325e-135,2.59371084952774,0.011,0.002,4.29585221799053e-131,"6","AL596330.1"
"RPL322",0,2.657725250829,0.746,0.223,0,"9","RPL32"
"RPL191",0,2.51627369599105,0.84,0.317,0,"9","RPL19"
"RPL29",0,2.56217691585661,0.751,0.235,0,"9","RPL29"
"RPL381",0,2.512133275369,0.785,0.272,0,"9","RPL38"
"RPS231",0,2.5454681666477,0.788,0.277,0,"9","RPS23"
"TPT11",0,2.55755697250739,0.734,0.223,0,"9","TPT1"
"RPL15",0,2.38011911381534,0.846,0.341,0,"9","RPL15"
"RPL81",0,2.4057258524818,0.816,0.314,0,"9","RPL8"
"RPL27A",0,2.54216385783669,0.764,0.265,0,"9","RPL27A"
"FTL1",0,2.29721535464673,0.771,0.272,0,"9","FTL"
"TMSB101",0,2.2006119118116,0.867,0.372,0,"9","TMSB10"
"RPS151",0,2.39558863101473,0.802,0.309,0,"9","RPS15"
"RPL35A1",0,2.55614359322543,0.735,0.242,0,"9","RPL35A"
"RPS81",0,2.49482866178353,0.793,0.301,0,"9","RPS8"
"FTH11",0,2.2124462456375,0.804,0.313,0,"9","FTH1"
"RPS4X1",0,2.41579583975898,0.767,0.276,0,"9","RPS4X"
"RPL131",0,2.4637051352428,0.841,0.35,0,"9","RPL13"
"RPS19",0,2.50580759790769,0.807,0.318,0,"9","RPS19"
"RPS11",0,2.54465808358939,0.735,0.246,0,"9","RPS11"
"RPL411",0,2.44875589554275,0.837,0.349,0,"9","RPL41"
"RPL7",0,2.55240418392245,0.766,0.279,0,"9","RPL7"
"RPS62",0,2.57696552818118,0.736,0.249,0,"9","RPS6"
"RPLP12",0,2.44614749350752,0.746,0.26,0,"9","RPLP1"
"RPL27",0,2.49937835057617,0.743,0.257,0,"9","RPL27"
"RPL361",0,2.56289891097974,0.703,0.217,0,"9","RPL36"
"RPS161",0,2.45507836554138,0.716,0.23,0,"9","RPS16"
"RPL13A1",0,2.53959273956006,0.749,0.265,0,"9","RPL13A"
"RPS121",0,2.63832406505639,0.685,0.202,0,"9","RPS12"
"GAPDH1",0,2.00611309892643,0.815,0.332,0,"9","GAPDH"
"RPS9",0,2.44886132897216,0.762,0.281,0,"9","RPS9"
"RPL341",0,2.61695167054265,0.726,0.246,0,"9","RPL34"
"RPS141",0,2.50683449939158,0.746,0.266,0,"9","RPS14"
"RPS182",0,2.54538828049033,0.741,0.261,0,"9","RPS18"
"EEF1A11",0,2.46288026346292,0.833,0.353,0,"9","EEF1A1"
"RPL351",0,2.42845401941803,0.712,0.233,0,"9","RPL35"
"RPS3",0,2.41314110111885,0.797,0.319,0,"9","RPS3"
"RPS5",0,2.47736982492415,0.705,0.228,0,"9","RPS5"
"RPS241",0,2.60146634738527,0.774,0.298,0,"9","RPS24"
"RPL61",0,2.56110101369136,0.793,0.32,0,"9","RPL6"
"RPS27A1",0,2.41978742646232,0.82,0.347,0,"9","RPS27A"
"RPL301",0,2.51094713770909,0.765,0.293,0,"9","RPL30"
"RPL101",0,2.40876735220664,0.831,0.359,0,"9","RPL10"
"UBA521",0,2.44948086089055,0.676,0.206,0,"9","UBA52"
"RPS2",0,2.39657637760449,0.807,0.345,0,"9","RPS2"
"RPL23A2",0,2.45241877382878,0.747,0.285,0,"9","RPL23A"
"RPL7A1",0,2.42293649624738,0.704,0.243,0,"9","RPL7A"
"FAU1",0,2.23737879403054,0.735,0.277,0,"9","FAU"
"RPS131",0,2.46746185625623,0.646,0.189,0,"9","RPS13"
"RPS272",0,2.58832454163787,0.671,0.218,0,"9","RPS27"
"RPL14",0,2.35206408522416,0.773,0.321,0,"9","RPL14"
"RPL281",0,2.41561697126098,0.703,0.251,0,"9","RPL28"
"RPL33",0,2.3275343344981,0.783,0.333,0,"9","RPL3"
"RPL37A1",0,2.53178116350613,0.812,0.363,0,"9","RPL37A"
"ATP5F1E1",0,2.14733322800134,0.688,0.24,0,"9","ATP5F1E"
"TMSB4X1",0,2.05133650504591,0.827,0.38,0,"9","TMSB4X"
"RPL10A",0,2.4387912816792,0.738,0.297,0,"9","RPL10A"
"RPL4",0,2.39015497639005,0.722,0.281,0,"9","RPL4"
"RPL181",0,2.40452488027784,0.677,0.239,0,"9","RPL18"
"RPLP2",0,2.32995078129706,0.737,0.3,0,"9","RPLP2"
"RPLP0",0,2.34569072564295,0.756,0.322,0,"9","RPLP0"
"RPS71",0,2.39473565397568,0.724,0.291,0,"9","RPS7"
"RPL23",0,2.36640809697885,0.728,0.295,0,"9","RPL23"
"RPL111",0,2.39937857080836,0.809,0.382,0,"9","RPL11"
"RPS15A2",0,2.50092653398317,0.614,0.188,0,"9","RPS15A"
"RPL212",0,2.53885172167269,0.666,0.242,0,"9","RPL21"
"PFDN51",0,2.34740838933435,0.652,0.233,0,"9","PFDN5"
"RPS251",0,2.38557003773954,0.612,0.201,0,"9","RPS25"
"RACK1",0,2.34468793785265,0.736,0.327,0,"9","RACK1"
"RPSA",0,2.25243426159586,0.72,0.313,0,"9","RPSA"
"NACA1",0,2.37843431477837,0.692,0.288,0,"9","NACA"
"RPS3A2",0,2.53410097047761,0.59,0.187,0,"9","RPS3A"
"RPS20",0,2.50383768807577,0.598,0.195,0,"9","RPS20"
"EEF2",0,2.0879164735647,0.794,0.392,0,"9","EEF2"
"RPS291",0,2.46825369509911,0.624,0.227,0,"9","RPS29"
"UQCRB1",0,2.2589726964038,0.622,0.228,0,"9","UQCRB"
"YBX11",0,2.14755257424148,0.695,0.301,0,"9","YBX1"
"RPS281",0,2.44339317807241,0.603,0.211,0,"9","RPS28"
"BTF31",0,2.28339828715099,0.626,0.235,0,"9","BTF3"
"TOMM71",0,2.17100363679782,0.642,0.251,0,"9","TOMM7"
"EEF1B2",0,2.24972553745605,0.599,0.211,0,"9","EEF1B2"
"RPL51",0,2.33213749302236,0.726,0.338,0,"9","RPL5"
"COX7C1",0,2.14288897134564,0.617,0.239,0,"9","COX7C"
"SLC25A6",0,2.08464532955172,0.634,0.265,0,"9","SLC25A6"
"RPL122",0,2.52221235294374,0.539,0.17,0,"9","RPL12"
"RPL241",0,2.35906901838486,0.594,0.227,0,"9","RPL24"
"C12orf571",0,2.16067743121333,0.55,0.185,0,"9","C12orf57"
"RPL392",0,2.44901824150404,0.482,0.128,0,"9","RPL39"
"RPL221",0,2.35546023862037,0.598,0.25,0,"9","RPL22"
"RPL18A2",0,2.50041871538097,0.473,0.128,0,"9","RPL18A"
"UQCRH1",0,2.02377234576243,0.635,0.293,0,"9","UQCRH"
"RPL37",0,2.31908698085073,0.653,0.314,0,"9","RPL37"
"PPDPF1",0,2.02671260901676,0.516,0.177,0,"9","PPDPF"
"RPL36AL1",0,2.09116864957468,0.508,0.178,0,"9","RPL36AL"
"RPL262",0,2.72394654050023,0.445,0.116,0,"9","RPL26"
"RPL92",0,2.46060238487029,0.469,0.147,0,"9","RPL9"
"RPS212",0,2.41478679192933,0.507,0.186,0,"9","RPS21"
"RPL31",0,2.35228849066144,0.647,0.329,0,"9","RPL31"
"OST41",0,2.11801155885192,0.474,0.156,0,"9","OST4"
"RPS261",0,2.24707137098653,0.468,0.156,0,"9","RPS26"
"COMMD6",0,2.01744295215135,0.522,0.214,0,"9","COMMD6"
"RPS102",0,2.64747430210512,0.385,0.095,0,"9","RPS10"
"SNRPD21",0,2.13917216752965,0.419,0.133,0,"9","SNRPD2"
"COPS91",0,2.02669690834524,0.427,0.147,0,"9","COPS9"
"ATP5PO2",0,2.13794292692115,0.371,0.098,0,"9","ATP5PO"
"NOP532",0,2.25849945053354,0.367,0.11,0,"9","NOP53"
"UQCR111",0,2.00153445158783,0.349,0.098,0,"9","UQCR11"
"RPL36A2",0,2.67989269008517,0.322,0.079,0,"9","RPL36A"
"RPS17",0,2.51915998753773,0.322,0.09,0,"9","RPS17"
"APOO",0,2.67675975320846,0.447,0.217,0,"9","APOO"
"GNG31",0,2.05910858136052,0.347,0.117,0,"9","GNG3"
"MIF1",0,2.01913989531096,0.314,0.089,0,"9","MIF"
"HIGD2A2",0,2.08673026523515,0.29,0.079,0,"9","HIGD2A"
"VIM2",0,2.1429570577036,0.299,0.095,0,"9","VIM"
"BLOC1S11",0,2.01009129433574,0.27,0.076,0,"9","BLOC1S1"
"SH3BGRL31",0,2.00492000621763,0.283,0.097,0,"9","SH3BGRL3"
"BAIAP2L1",0,3.0151639082641,0.313,0.133,0,"9","BAIAP2L1"
"TXNRD1",0,2.19250223698124,0.499,0.337,0,"9","TXNRD1"
"RPL172",0,2.73883266167385,0.206,0.047,0,"9","RPL17"
"PTRHD11",0,2.21702405239996,0.217,0.063,0,"9","PTRHD1"
"OOEP",0,3.16623444818122,0.245,0.092,0,"9","OOEP"
"TSTD11",0,2.02049092954777,0.196,0.055,0,"9","TSTD1"
"PDLIM21",0,2.02376065777372,0.175,0.046,0,"9","PDLIM2"
"LINC02308",0,2.03526547860655,0.17,0.06,0,"9","LINC02308"
"GABARAP1",0,2.19728889858658,0.151,0.044,0,"9","GABARAP"
"ZNF90",0,2.31929578473052,0.185,0.089,0,"9","ZNF90"
"PLEKHA7",0,2.12265077365562,0.3,0.204,0,"9","PLEKHA7"
"MAMDC2",0,2.13162340760544,0.271,0.18,0,"9","MAMDC2"
"LGALS1",0,2.0850831773876,0.144,0.055,0,"9","LGALS1"
"SLC47A1",0,2.00384585919593,0.137,0.067,0,"9","SLC47A1"
"NDUFA71",0,2.1009600401588,0.092,0.023,0,"9","NDUFA7"
"RAB131",0,2.35669205271138,0.085,0.022,0,"9","RAB13"
"ZNF5811",0,2.1484416071435,0.082,0.019,0,"9","ZNF581"
"S100A42",0,2.1774174493371,0.078,0.023,0,"9","S100A4"
"HLA-B",0,2.50423429129378,0.078,0.023,0,"9","HLA-B"
"AC011468.3",0,3.10670404664992,0.078,0.023,0,"9","AC011468.3"
"DNAL42",0,2.00154995346266,0.073,0.019,0,"9","DNAL4"
"ALDOA1",0,2.02373916619143,0.066,0.018,0,"9","ALDOA"
"PAGE51",0,2.12952760107986,0.07,0.023,0,"9","PAGE5"
"HBB1",0,3.11414416811842,0.057,0.011,0,"9","HBB"
"COX7A11",0,2.26450909835469,0.059,0.017,0,"9","COX7A1"
"CYBA1",0,2.06204470555287,0.059,0.018,0,"9","CYBA"
"EEF1G1",0,2.60019043074053,0.049,0.009,0,"9","EEF1G"
"PAGE21",0,2.09577876221791,0.051,0.015,0,"9","PAGE2"
"YBX31",0,2.20596401256843,0.044,0.01,0,"9","YBX3"
"HOMER32",0,2.03758598679144,0.043,0.01,0,"9","HOMER3"
"HLA-E2",0,2.58108915100137,0.041,0.009,0,"9","HLA-E"
"APOE1",0,3.74377224220951,0.036,0.005,0,"9","APOE"
"HBA21",0,4.08417141409216,0.035,0.006,0,"9","HBA2"
"CD741",0,3.65107321168507,0.028,0.004,0,"9","CD74"
"HLA-DRB1",0,3.40477205743771,0.023,0.003,0,"9","HLA-DRB1"
"HLA-DRA1",0,3.77316381259233,0.022,0.003,0,"9","HLA-DRA"
"APOC1",0,3.49678044356675,0.021,0.003,0,"9","APOC1"
"MECOM",2.1241187632844e-306,2.00267308888965,0.197,0.119,6.93227399585496e-302,"9","MECOM"
"MRPL531",4.10400541469723e-303,2.01584092089679,0.037,0.009,1.33938320714059e-298,"9","MRPL53"
"NACA2",4.48043899779208e-298,2.40802092439044,0.073,0.028,1.46223607131942e-293,"9","NACA2"
"C1QB",1.31400815091251e-282,3.71713181826251,0.013,0.001,4.28839700131807e-278,"9","C1QB"
"C1QA",4.02046831608782e-273,4.07298828456406,0.013,0.001,1.31212003963842e-268,"9","C1QA"
"SPARC",1.53581782734704e-267,2.62029387687084,0.064,0.024,5.0122950613298e-263,"9","SPARC"
"HLA-DRB51",9.45245674434477e-259,2.23072941418963,0.031,0.008,3.08490378308436e-254,"9","HLA-DRB5"
"HBA11",7.57393257220302e-254,4.42649387020405,0.021,0.004,2.47182863426418e-249,"9","HBA1"
"HIST1H4J1",4.1634842560081e-252,2.12673405648013,0.029,0.007,1.3587947217908e-247,"9","HIST1H4J"
"TLX31",1.40715660598509e-241,2.18645413803598,0.037,0.011,4.59239629929294e-237,"9","TLX3"
"S100A131",1.42599332971314e-230,2.02218361892116,0.047,0.016,4.65387183085182e-226,"9","S100A13"
"KISS1",4.47092361356186e-222,2.19415101495872,0.035,0.01,1.45913063052205e-217,"9","KISS1"
"RASL10B1",2.20108481777186e-204,2.00742829794486,0.024,0.006,7.18346041128023e-200,"9","RASL10B"
"BOLA2B1",9.25310854265596e-198,2.06325477504929,0.023,0.006,3.0198445039812e-193,"9","BOLA2B"
"C1QC",2.77015529929984e-191,3.82842862505891,0.01,0.001,9.04067883479497e-187,"9","C1QC"
"CRYAB",6.50172496942936e-191,2.36661714177017,0.039,0.014,2.12190296102296e-186,"9","CRYAB"
"AL136454.1",2.09900219971176e-184,2.08036593176968,0.083,0.042,6.8503035789793e-180,"9","AL136454.1"
"TGIF22",5.59691693336177e-183,2.04328695549933,0.021,0.005,1.82660981037195e-178,"9","TGIF2"
"IFITM3",8.46342329333908e-179,3.71720246109728,0.011,0.001,2.76212282601414e-174,"9","IFITM3"
"AC004556.11",3.91352025417753e-169,2.33528270260852,0.016,0.003,1.27721647015338e-164,"9","AC004556.1"
"HSPB21",9.13206765505908e-159,2.4771837366819,0.014,0.003,2.98034159990508e-154,"9","HSPB2"
"ATOH12",1.46038982737633e-146,2.49853996630397,0.015,0.003,4.7661282406254e-142,"9","ATOH1"
"ZFP36L1",3.31237615410643e-145,2.09630549916214,0.025,0.008,1.08102708165418e-140,"9","ZFP36L1"
"SELENOP1",1.58753094752603e-140,3.31036892297181,0.012,0.002,5.18106600034597e-136,"9","SELENOP"
"HLA-DPA1",1.2144188735268e-139,3.207826639809,0.012,0.002,3.96337743564208e-135,"9","HLA-DPA1"
"POLR2J31",2.45406093103349e-131,2.18231847144539,0.014,0.003,8.00907325452089e-127,"9","POLR2J3"
"GNG11",2.74444568115208e-124,2.3965958490123,0.025,0.009,8.95677292500794e-120,"9","GNG11"
"COL3A11",7.0902270118731e-121,2.82664913923831,0.017,0.005,2.3139664875949e-116,"9","COL3A1"
"LYZ",1.06258113185701e-115,2.8599037145366,0.01,0.002,3.46783978192855e-111,"9","LYZ"
"GYPC",2.18442642892018e-115,2.35337671490311,0.018,0.005,7.12909409342389e-111,"9","GYPC"
"AC004816.21",2.21900242722387e-110,2.30175745679287,0.013,0.003,7.24193632148781e-106,"9","AC004816.2"
"CAPG1",9.2404960697769e-109,2.2509894863993,0.016,0.004,3.01572829733239e-104,"9","CAPG"
"COL1A21",4.04420505815431e-107,3.05144653341444,0.015,0.004,1.31986676277924e-102,"9","COL1A2"
"MGP1",2.07613242550649e-106,3.43298192125879,0.01,0.002,6.775665783883e-102,"9","MGP"
